DEPTH = 8192;
WIDTH = 32;
ADDRESS_RADIX = HEX;
DATA_RADIX = HEX;
CONTENT BEGIN
0 : 00014197;
1 : 42018193;
2 : 18001073;
3 : 00800117;
4 : FF410113;
5 : 00014F17;
6 : 40CF0F13;
7 : 00014F97;
8 : 590F8F93;
9 : 000F2023;
A : 004F0F13;
B : FFFF6CE3;
C : 00002297;
D : 1E028293;
E : 34129073;
F : 1D40206F;
10 : B80025F3;
11 : B0002573;
12 : B80027F3;
13 : FEF59AE3;
14 : 00008067;
15 : B82025F3;
16 : B0202573;
17 : B82027F3;
18 : FEF59AE3;
19 : 00008067;
1A : 05F5E7B7;
1B : 10078793;
1C : 02B7C7B3;
1D : 00050713;
1E : 00000513;
1F : FFF78793;
20 : 00F72023;
21 : 00008067;
22 : 00B52023;
23 : 00008067;
24 : 00100793;
25 : 00F52223;
26 : 00008067;
27 : 00052423;
28 : 00052623;
29 : 00008067;
2A : 00852503;
2B : 00008067;
2C : 00C52503;
2D : 00008067;
2E : FFF00513;
2F : 00008067;
30 : 000027B7;
31 : 00F5A223;
32 : 00000513;
33 : 00008067;
34 : 00100513;
35 : 00008067;
36 : 00100513;
37 : 00008067;
38 : 01600713;
39 : 16E1AC23;
3A : FFF00513;
3B : 00008067;
3C : 00000513;
3D : 00008067;
3E : 00000513;
3F : 00008067;
40 : 1601A783;
41 : 00078A63;
42 : 00A78533;
43 : 16A1A023;
44 : 00078513;
45 : 00008067;
46 : 000147B7;
47 : 5AC78793;
48 : 00A78533;
49 : 16A1A023;
4A : 00078513;
4B : 00008067;
4C : 02C05463;
4D : 00C58833;
4E : A0010737;
4F : 0005C683;
50 : 00158593;
51 : 00472783;
52 : 0017F793;
53 : FE078CE3;
54 : 00D72423;
55 : FEB814E3;
56 : 00060513;
57 : 00008067;
58 : FF010113;
59 : 00112623;
5A : ED9FF0EF;
5B : 00C12083;
5C : 16A1A423;
5D : 01010113;
5E : 00008067;
5F : FF010113;
60 : 00112623;
61 : EBDFF0EF;
62 : 00C12083;
63 : 16A1A223;
64 : 01010113;
65 : 00008067;
66 : 1641A503;
67 : 1681A783;
68 : 40F50533;
69 : 00008067;
6A : 55E647B7;
6B : B8978793;
6C : 02F53533;
6D : 01955513;
6E : 00008067;
6F : FF010113;
70 : 000F45B7;
71 : 00812423;
72 : 24058593;
73 : 00050413;
74 : A0010537;
75 : 00112623;
76 : E91FF0EF;
77 : 00013537;
78 : E1850513;
79 : 101020EF;
7A : 00100593;
7B : 00B40023;
7C : FFF00537;
7D : E95FF0EF;
7E : FFF00537;
7F : E95FF0EF;
80 : FFF00537;
81 : E99FF0EF;
82 : 00100593;
83 : FFF10537;
84 : E79FF0EF;
85 : FFF10537;
86 : E79FF0EF;
87 : 00812403;
88 : 00C12083;
89 : FFF10537;
8A : 01010113;
8B : E71FF06F;
8C : FE010113;
8D : 00112E23;
8E : 00812C23;
8F : 00912A23;
90 : 01212823;
91 : 01312623;
92 : 01412423;
93 : 01512223;
94 : 01612023;
95 : 00050023;
96 : 00000593;
97 : FFF00537;
98 : E29FF0EF;
99 : 00000593;
9A : FFF10537;
9B : E1DFF0EF;
9C : DD1FF0EF;
9D : 00050A13;
9E : DDDFF0EF;
9F : 00050A93;
A0 : FFF00537;
A1 : E25FF0EF;
A2 : 00050913;
A3 : FFF00537;
A4 : E21FF0EF;
A5 : 00050993;
A6 : FFF10537;
A7 : E0DFF0EF;
A8 : 00050413;
A9 : FFF10537;
AA : E09FF0EF;
AB : 00050493;
AC : 000A0513;
AD : 75C120EF;
AE : 00050B13;
AF : 000A8513;
B0 : 750120EF;
B1 : 00050593;
B2 : 000B0513;
B3 : 3F4120EF;
B4 : 021120EF;
B5 : 00050713;
B6 : 00013537;
B7 : 00058793;
B8 : 000A8613;
B9 : 000A0593;
BA : E2050513;
BB : 6D4020EF;
BC : 00090513;
BD : 71C120EF;
BE : 00050A13;
BF : 00098513;
C0 : 710120EF;
C1 : 000A0593;
C2 : 791110EF;
C3 : 00050593;
C4 : 000A0513;
C5 : 3AC120EF;
C6 : 7D8120EF;
C7 : 00050713;
C8 : 00013537;
C9 : 00058793;
CA : 00098613;
CB : 00090593;
CC : E4050513;
CD : 68C020EF;
CE : 00040513;
CF : 6D4120EF;
D0 : 00050913;
D1 : 00048513;
D2 : 6C8120EF;
D3 : 00090593;
D4 : 749110EF;
D5 : 00050593;
D6 : 00090513;
D7 : 364120EF;
D8 : 790120EF;
D9 : 00050713;
DA : 00013537;
DB : 00058793;
DC : 00048613;
DD : 00040593;
DE : E6850513;
DF : 644020EF;
E0 : 0000006F;
E1 : 00500793;
E2 : 00A7EE63;
E3 : 000137B7;
E4 : 45478793;
E5 : 00251513;
E6 : 00F50533;
E7 : 00052783;
E8 : 00078067;
E9 : 00000513;
EA : 00008067;
EB : 16C1A503;
EC : 00008067;
ED : 1741A503;
EE : 00008067;
EF : 1701A503;
F0 : 00008067;
F1 : FF01A503;
F2 : 00008067;
F3 : FEC1A503;
F4 : 00008067;
F5 : 0FF5F793;
F6 : 00879793;
F7 : 0085D593;
F8 : 00001737;
F9 : FFFFF337;
FA : 0F030313;
FB : F0F70713;
FC : 00B7E7B3;
FD : 00E7F5B3;
FE : 0067F7B3;
FF : 0047D793;
100 : 00459593;
101 : 00F5E5B3;
102 : FFFFD8B7;
103 : 000037B7;
104 : CCC88893;
105 : 33378793;
106 : 00F57693;
107 : 0F057813;
108 : 00F5F633;
109 : 00485813;
10A : 0115F5B3;
10B : 00469693;
10C : 0106E6B3;
10D : 0025D593;
10E : 00261613;
10F : 00B66633;
110 : 0336FE13;
111 : 000055B7;
112 : 0CC6F693;
113 : FFFFB837;
114 : 55558593;
115 : AAA80813;
116 : 0026DE93;
117 : 002E1E13;
118 : 00B676B3;
119 : 01DE6E33;
11A : 01067633;
11B : 00169693;
11C : 00165613;
11D : 055E7F13;
11E : 0AAE7E13;
11F : 00C6EEB3;
120 : 001F1F13;
121 : 001E5E13;
122 : 01CF6E33;
123 : 008EDE93;
124 : 01CECEB3;
125 : 00013E37;
126 : 46CE0E13;
127 : 00C6E633;
128 : 001E9693;
129 : 01C686B3;
12A : 0006D683;
12B : 00861613;
12C : 00855513;
12D : 00C6C633;
12E : 01061E93;
12F : 0FF6F693;
130 : 018ED613;
131 : 00869693;
132 : 00C6E6B3;
133 : 00E6F633;
134 : 0066F6B3;
135 : 0046D693;
136 : 00461613;
137 : 00D66633;
138 : 00F676B3;
139 : 01167633;
13A : 00265613;
13B : 00269693;
13C : 00C6E6B3;
13D : 00B6F633;
13E : 0106F6B3;
13F : 00161613;
140 : 0016D693;
141 : 00D666B3;
142 : 0FF6F613;
143 : 00861613;
144 : 0086D693;
145 : 00D66633;
146 : 00E676B3;
147 : 00667EB3;
148 : 004EDE93;
149 : 00F57613;
14A : 00469693;
14B : 01D6E6B3;
14C : 00455513;
14D : 00461613;
14E : 00A66633;
14F : 0116FEB3;
150 : 00F6F533;
151 : 002EDE93;
152 : 03367693;
153 : 00251513;
154 : 0CC67613;
155 : 01D56533;
156 : 00265613;
157 : 00269693;
158 : 00C6E6B3;
159 : 00B57633;
15A : 01057533;
15B : 0556FF13;
15C : 00161613;
15D : 00155513;
15E : 0AA6F693;
15F : 00A66EB3;
160 : 0016D693;
161 : 001F1F13;
162 : 00DF6F33;
163 : 008ED693;
164 : 01E6C6B3;
165 : 00169693;
166 : 01C686B3;
167 : 0006D683;
168 : 008E9613;
169 : 00C6C633;
16A : 01061513;
16B : 0FF6F693;
16C : 01855613;
16D : 00869693;
16E : 00C6E6B3;
16F : 00E6F733;
170 : 0066F6B3;
171 : 0046D693;
172 : 00471713;
173 : 00D76733;
174 : 00F777B3;
175 : 01177733;
176 : 00275713;
177 : 00279793;
178 : 00E7E7B3;
179 : 00B7F533;
17A : 0107F7B3;
17B : 0017D793;
17C : 00151513;
17D : 00F56533;
17E : 00008067;
17F : 0FF5F793;
180 : 00879793;
181 : 0085D593;
182 : 00001737;
183 : FFFFF8B7;
184 : 0F088893;
185 : F0F70713;
186 : 00B7E7B3;
187 : 00E7F6B3;
188 : 0117F7B3;
189 : 0047D793;
18A : 00469693;
18B : 00F6E6B3;
18C : FFFFD837;
18D : 000037B7;
18E : CCC80813;
18F : 33378793;
190 : 00F57613;
191 : 0F057593;
192 : 00F6F333;
193 : 0045D593;
194 : 0106F6B3;
195 : 00461613;
196 : 00B66633;
197 : 0026D693;
198 : 00231313;
199 : 00D36333;
19A : 03367E13;
19B : 000056B7;
19C : 0CC67613;
19D : FFFFB5B7;
19E : 55568693;
19F : AAA58593;
1A0 : 00265E93;
1A1 : 002E1E13;
1A2 : 00D37633;
1A3 : 01DE6E33;
1A4 : 00B37333;
1A5 : 00161613;
1A6 : 00135313;
1A7 : 055E7F13;
1A8 : 0AAE7E13;
1A9 : 00666EB3;
1AA : 001F1F13;
1AB : 001E5E13;
1AC : 01CF6E33;
1AD : 008EDE93;
1AE : 01CECEB3;
1AF : 00666E33;
1B0 : 00013337;
1B1 : 46C30313;
1B2 : 001E9613;
1B3 : 00660633;
1B4 : 00065603;
1B5 : 008E1E13;
1B6 : 00855F13;
1B7 : 01C64E33;
1B8 : 010E1E93;
1B9 : 0FF67613;
1BA : 018EDE13;
1BB : 00861613;
1BC : 01C66633;
1BD : 00E67E33;
1BE : 01167633;
1BF : 00465613;
1C0 : 004E1E13;
1C1 : 00CE6E33;
1C2 : 00FE7633;
1C3 : 010E7E33;
1C4 : 002E5E13;
1C5 : 00261613;
1C6 : 01C66633;
1C7 : 00D67E33;
1C8 : 00B67633;
1C9 : 00165613;
1CA : 001E1E13;
1CB : 00CE6E33;
1CC : 0FFE7613;
1CD : 00861613;
1CE : 008E5E13;
1CF : 01C66633;
1D0 : 00E67EB3;
1D1 : 01167633;
1D2 : 00465613;
1D3 : 004E9E93;
1D4 : 00CEEEB3;
1D5 : 00FF7613;
1D6 : 0F0F7F13;
1D7 : 00FEFE33;
1D8 : 004F5F13;
1D9 : 010EFEB3;
1DA : 00461613;
1DB : 01E66633;
1DC : 002EDE93;
1DD : 002E1E13;
1DE : 01DE6E33;
1DF : 03367E93;
1E0 : 0CC67613;
1E1 : 00265F13;
1E2 : 002E9E93;
1E3 : 00DE7633;
1E4 : 01EEEEB3;
1E5 : 00BE7E33;
1E6 : 00161613;
1E7 : 001E5E13;
1E8 : 055EFF93;
1E9 : 0AAEFE93;
1EA : 01C66F33;
1EB : 001F9F93;
1EC : 001EDE93;
1ED : 008F5F13;
1EE : 01DFEEB3;
1EF : 01DF4EB3;
1F0 : 01C66E33;
1F1 : 001E9613;
1F2 : 00660633;
1F3 : 00065603;
1F4 : 008E1E13;
1F5 : 01055E93;
1F6 : 01C64E33;
1F7 : 010E1F13;
1F8 : 0FF67613;
1F9 : 018F5E13;
1FA : 00861613;
1FB : 01C66633;
1FC : 00E67E33;
1FD : 01167633;
1FE : 00465613;
1FF : 004E1E13;
200 : 00CE6E33;
201 : 00FE7633;
202 : 010E7E33;
203 : 002E5E13;
204 : 00261613;
205 : 01C66633;
206 : 00D67E33;
207 : 00B67633;
208 : 001E1E13;
209 : 00165613;
20A : 00CE6633;
20B : 0FF67E13;
20C : 008E1E13;
20D : 00865613;
20E : 00CE6E33;
20F : 00EE7633;
210 : 011E7E33;
211 : 004E5E13;
212 : 00461613;
213 : 01C66633;
214 : 00FEFE13;
215 : 0F0EFE93;
216 : 004EDF13;
217 : 004E1E13;
218 : 00F67EB3;
219 : 01067633;
21A : 01EE6E33;
21B : 00265613;
21C : 002E9E93;
21D : 00CEEEB3;
21E : 033E7613;
21F : 0CCE7E13;
220 : 002E5F13;
221 : 00261613;
222 : 00DEFE33;
223 : 01E66633;
224 : 00BEFEB3;
225 : 001EDE93;
226 : 001E1E13;
227 : 05567F93;
228 : 0AA67613;
229 : 01DE6F33;
22A : 001F9F93;
22B : 00165613;
22C : 008F5F13;
22D : 00CFE633;
22E : 00CF4633;
22F : 00161613;
230 : 00660633;
231 : 00065603;
232 : 01DE6E33;
233 : 008E1E13;
234 : 01C64E33;
235 : 010E1E93;
236 : 0FF67613;
237 : 018EDE13;
238 : 00861613;
239 : 01C66633;
23A : 00E67E33;
23B : 01167633;
23C : 00465613;
23D : 004E1E13;
23E : 00CE6E33;
23F : 00FE7633;
240 : 010E7E33;
241 : 002E5E13;
242 : 00261613;
243 : 01C66633;
244 : 00D67E33;
245 : 00B67633;
246 : 00165613;
247 : 001E1E13;
248 : 00CE6E33;
249 : 0FFE7613;
24A : 00861613;
24B : 008E5E13;
24C : 01C66633;
24D : 00E67EB3;
24E : 01167E33;
24F : 01855513;
250 : 00F57613;
251 : 004E5E13;
252 : 004E9E93;
253 : 00461613;
254 : 01CEEEB3;
255 : 00455513;
256 : 00FEFE33;
257 : 00A66533;
258 : 010EFEB3;
259 : 03357613;
25A : 002EDE93;
25B : 0CC57513;
25C : 002E1E13;
25D : 01DE6E33;
25E : 00255513;
25F : 00261613;
260 : 00A66633;
261 : 00DE7533;
262 : 00BE7E33;
263 : 05567F13;
264 : 00151513;
265 : 001E5E13;
266 : 0AA67613;
267 : 01C56EB3;
268 : 00165613;
269 : 001F1F13;
26A : 00CF6F33;
26B : 008ED613;
26C : 01E64633;
26D : 00161613;
26E : 00660633;
26F : 00065603;
270 : 008E9513;
271 : 00A64533;
272 : 01051313;
273 : 0FF67613;
274 : 01835513;
275 : 00861613;
276 : 00A66633;
277 : 00E67733;
278 : 01167633;
279 : 00465613;
27A : 00471713;
27B : 00C76733;
27C : 00F777B3;
27D : 01077733;
27E : 00275713;
27F : 00279793;
280 : 00E7E7B3;
281 : 00D7F533;
282 : 00B7F7B3;
283 : 0017D793;
284 : 00151513;
285 : 00F56533;
286 : 00008067;
287 : 0FF5F793;
288 : 00879793;
289 : 0085D593;
28A : 00001737;
28B : FFFFF337;
28C : 0F030313;
28D : F0F70713;
28E : 00B7E7B3;
28F : 00E7F5B3;
290 : 0067F7B3;
291 : 0047D793;
292 : 00459593;
293 : 00F5E5B3;
294 : FFFFD8B7;
295 : 000037B7;
296 : CCC88893;
297 : 33378793;
298 : 00F57693;
299 : 0F057813;
29A : 00F5F633;
29B : 00485813;
29C : 0115F5B3;
29D : 00469693;
29E : 0106E6B3;
29F : 0025D593;
2A0 : 00261613;
2A1 : 00B66633;
2A2 : 0336FE13;
2A3 : 000055B7;
2A4 : 0CC6F693;
2A5 : FFFFB837;
2A6 : 55558593;
2A7 : AAA80813;
2A8 : 0026DE93;
2A9 : 002E1E13;
2AA : 00B676B3;
2AB : 01DE6E33;
2AC : 01067633;
2AD : 00169693;
2AE : 00165613;
2AF : 055E7F13;
2B0 : 0AAE7E13;
2B1 : 00C6EEB3;
2B2 : 001F1F13;
2B3 : 001E5E13;
2B4 : 01CF6E33;
2B5 : 008EDE93;
2B6 : 01CECEB3;
2B7 : 00013E37;
2B8 : 46CE0E13;
2B9 : 00C6E633;
2BA : 001E9693;
2BB : 01C686B3;
2BC : 0006D683;
2BD : 00861613;
2BE : 00855513;
2BF : 00C6C633;
2C0 : 01061E93;
2C1 : 0FF6F693;
2C2 : 018ED613;
2C3 : 00869693;
2C4 : 00C6E6B3;
2C5 : 00E6F633;
2C6 : 0066F6B3;
2C7 : 0046D693;
2C8 : 00461613;
2C9 : 00D66633;
2CA : 00F676B3;
2CB : 01167633;
2CC : 00265613;
2CD : 00269693;
2CE : 00C6E6B3;
2CF : 00B6F633;
2D0 : 0106F6B3;
2D1 : 00161613;
2D2 : 0016D693;
2D3 : 00D666B3;
2D4 : 0FF6F613;
2D5 : 00861613;
2D6 : 0086D693;
2D7 : 00D66633;
2D8 : 00E676B3;
2D9 : 00667EB3;
2DA : 004EDE93;
2DB : 00F57613;
2DC : 00469693;
2DD : 0F057513;
2DE : 01D6E6B3;
2DF : 00455513;
2E0 : 00461613;
2E1 : 00A66633;
2E2 : 0116FEB3;
2E3 : 00F6F533;
2E4 : 002EDE93;
2E5 : 03367693;
2E6 : 00251513;
2E7 : 0CC67613;
2E8 : 01D56533;
2E9 : 00265613;
2EA : 00269693;
2EB : 00C6E6B3;
2EC : 00B57633;
2ED : 01057533;
2EE : 0556FF13;
2EF : 00161613;
2F0 : 00155513;
2F1 : 0AA6F693;
2F2 : 00A66EB3;
2F3 : 0016D693;
2F4 : 001F1F13;
2F5 : 00DF6F33;
2F6 : 008ED693;
2F7 : 01E6C6B3;
2F8 : 00169693;
2F9 : 01C686B3;
2FA : 0006D683;
2FB : 008E9613;
2FC : 00C6C633;
2FD : 01061513;
2FE : 0FF6F693;
2FF : 01855613;
300 : 00869693;
301 : 00C6E6B3;
302 : 00E6F733;
303 : 0066F6B3;
304 : 0046D693;
305 : 00471713;
306 : 00D76733;
307 : 00F777B3;
308 : 01177733;
309 : 00275713;
30A : 00279793;
30B : 00E7E7B3;
30C : 00B7F533;
30D : 0107F7B3;
30E : 0017D793;
30F : 00151513;
310 : 00F56533;
311 : 00008067;
312 : 00000513;
313 : 00008067;
314 : 00060A63;
315 : 00251503;
316 : 00259783;
317 : 40F50533;
318 : 00008067;
319 : 00051783;
31A : 01079693;
31B : F007F713;
31C : 0186D793;
31D : 00F767B3;
31E : 00F51023;
31F : 00059783;
320 : 00251503;
321 : 01079693;
322 : F007F713;
323 : 0186D793;
324 : 00F767B3;
325 : 00F59023;
326 : 00259783;
327 : 40F50533;
328 : 00008067;
329 : 00051803;
32A : 40785793;
32B : 0017F793;
32C : 00078663;
32D : 07F87513;
32E : 00008067;
32F : 40385713;
330 : 00F77713;
331 : FE010113;
332 : 00471793;
333 : 00F70633;
334 : 00812C23;
335 : 00112E23;
336 : 00912A23;
337 : 00787693;
338 : 0385D783;
339 : 00058893;
33A : 00050413;
33B : 00060713;
33C : 08068E63;
33D : 00100613;
33E : 08C69263;
33F : 00078613;
340 : 02888513;
341 : 00070593;
342 : 01012623;
343 : 01112423;
344 : 43C010EF;
345 : 00812883;
346 : 01051493;
347 : 00C12803;
348 : 03C8D783;
349 : 4104D493;
34A : 0A079463;
34B : 0388D783;
34C : 02A89E23;
34D : 00078593;
34E : 01112623;
34F : 01012423;
350 : E94FF0EF;
351 : 00812803;
352 : 00C12883;
353 : 00050793;
354 : F0087813;
355 : 07F4F513;
356 : 01056833;
357 : 02F89C23;
358 : 08086813;
359 : 01C12083;
35A : 01041023;
35B : 01812403;
35C : 01412483;
35D : 02010113;
35E : 00008067;
35F : 01081513;
360 : 01055513;
361 : 00080493;
362 : FADFF06F;
363 : 02100693;
364 : 00C6E463;
365 : 02200713;
366 : 00289683;
367 : 00089603;
368 : 0148A583;
369 : 0188A503;
36A : 01012623;
36B : 01112423;
36C : 331000EF;
36D : 00812883;
36E : 01051493;
36F : 00C12803;
370 : 03E8D783;
371 : 4104D493;
372 : 00079463;
373 : 02A89F23;
374 : 0388D783;
375 : F61FF06F;
376 : FE010113;
377 : 00912A23;
378 : 00058493;
379 : 00060593;
37A : 00112E23;
37B : 00812C23;
37C : 00C12623;
37D : EB1FF0EF;
37E : 00C12583;
37F : 00050413;
380 : 00048513;
381 : EA1FF0EF;
382 : 01C12083;
383 : 40A40533;
384 : 01812403;
385 : 01412483;
386 : 02010113;
387 : 00008067;
388 : FD010113;
389 : 03212023;
38A : 01312E23;
38B : 01412C23;
38C : 01512A23;
38D : 01812423;
38E : 00100993;
38F : 02112623;
390 : 02812423;
391 : 02912223;
392 : 01612823;
393 : 01712623;
394 : 01912223;
395 : 01A12023;
396 : 00050913;
397 : 00058A93;
398 : 00060A13;
399 : 00098C13;
39A : 10090263;
39B : 00000B93;
39C : 00000493;
39D : 00000B13;
39E : 001B8B93;
39F : 00090793;
3A0 : 00000413;
3A1 : 0007A783;
3A2 : 00140413;
3A3 : 00078463;
3A4 : FE899AE3;
3A5 : 00090C93;
3A6 : 00098D13;
3A7 : 00078913;
3A8 : 02805863;
3A9 : 001D3793;
3AA : 00193713;
3AB : 00E7E7B3;
3AC : 02078A63;
3AD : 00048793;
3AE : FFF40413;
3AF : 000C8493;
3B0 : 000CAC83;
3B1 : 04078463;
3B2 : 0097A023;
3B3 : FC804CE3;
3B4 : 01203733;
3B5 : 01A027B3;
3B6 : 00F777B3;
3B7 : 06078C63;
3B8 : 04040663;
3B9 : 00492583;
3BA : 004CA503;
3BB : 000A0613;
3BC : 000A80E7;
3BD : 08A05063;
3BE : 00048793;
3BF : FFFD0D13;
3C0 : 00090493;
3C1 : 00092903;
3C2 : FC0790E3;
3C3 : 00048B13;
3C4 : F91FF06F;
3C5 : 01203733;
3C6 : 01A037B3;
3C7 : 00D4A023;
3C8 : 00F777B3;
3C9 : 00068493;
3CA : 02078663;
3CB : 00090693;
3CC : FFFD0D13;
3CD : 00092903;
3CE : FC049EE3;
3CF : 01203733;
3D0 : 01A037B3;
3D1 : 00F777B3;
3D2 : 00068B13;
3D3 : 00068493;
3D4 : FC079EE3;
3D5 : F20712E3;
3D6 : 0004A023;
3D7 : 058B8663;
3D8 : 000B0913;
3D9 : 00199993;
3DA : F00912E3;
3DB : 00002023;
3DC : 00100073;
3DD : 000CA703;
3DE : FFF40413;
3DF : 00048C63;
3E0 : 00048793;
3E1 : 000C8493;
3E2 : 0097A023;
3E3 : 00070C93;
3E4 : F3DFF06F;
3E5 : 000C8B13;
3E6 : 000C8493;
3E7 : 00070C93;
3E8 : F48042E3;
3E9 : F2DFF06F;
3EA : 02C12083;
3EB : 02812403;
3EC : 02412483;
3ED : 02012903;
3EE : 01C12983;
3EF : 01812A03;
3F0 : 01412A83;
3F1 : 00C12B83;
3F2 : 00812C03;
3F3 : 00412C83;
3F4 : 00012D03;
3F5 : 000B0513;
3F6 : 01012B03;
3F7 : 03010113;
3F8 : 00008067;
3F9 : 00451E83;
3FA : FD010113;
3FB : 02812423;
3FC : 02112623;
3FD : 02912223;
3FE : 03212023;
3FF : 01312E23;
400 : 02452403;
401 : 29D05A63;
402 : 2A05C063;
403 : 2C040063;
404 : 00058693;
405 : 00000E13;
406 : 00000F13;
407 : 00000613;
408 : 00000893;
409 : 00000313;
40A : 00040793;
40B : 00C0006F;
40C : 0007A783;
40D : 0C078C63;
40E : 0047A703;
40F : 00271803;
410 : FED818E3;
411 : 00000693;
412 : 0080006F;
413 : 00070413;
414 : 00042703;
415 : 00D42023;
416 : 00040693;
417 : FE0718E3;
418 : 0A078A63;
419 : 0047A703;
41A : 00160613;
41B : 00071703;
41C : 00177693;
41D : 00068863;
41E : 40975713;
41F : 00177713;
420 : 00E888B3;
421 : 0007A703;
422 : 00070C63;
423 : 00072683;
424 : 00D7A023;
425 : 00042783;
426 : 00F72023;
427 : 00E42023;
428 : 02084C63;
429 : 001E0713;
42A : 01071E13;
42B : 00180693;
42C : 01069693;
42D : 410E5E13;
42E : 4106D693;
42F : 09CE8063;
430 : 0FF77313;
431 : F606D2E3;
432 : 00030693;
433 : 00040793;
434 : FFFF8837;
435 : 0280006F;
436 : 001E0693;
437 : 01069E13;
438 : 410E5E13;
439 : 05CE8A63;
43A : 0FF6F693;
43B : 00040793;
43C : 00C0006F;
43D : 0007A783;
43E : 02078C63;
43F : 0047A703;
440 : 00074303;
441 : FED318E3;
442 : F3DFF06F;
443 : 00068813;
444 : F35FF06F;
445 : 00042783;
446 : 001F0F13;
447 : 0047A783;
448 : 00178783;
449 : 0017F793;
44A : 00F888B3;
44B : F75FF06F;
44C : 00068313;
44D : F11FF06F;
44E : 00080693;
44F : 00261793;
450 : 41E787B3;
451 : 00F888B3;
452 : 01089493;
453 : 0104D493;
454 : 02B05663;
455 : 000015B7;
456 : 00050613;
457 : DD858593;
458 : 00040513;
459 : 00612623;
45A : 00D12423;
45B : CB5FF0EF;
45C : 00C12303;
45D : 00812683;
45E : 00050413;
45F : 00042783;
460 : 00040913;
461 : 0007A983;
462 : 0047A703;
463 : 0049A583;
464 : 0009A603;
465 : 00B7A223;
466 : 00E9A223;
467 : 00C7A023;
468 : 0009A023;
469 : 0006D863;
46A : 0B80006F;
46B : 00092903;
46C : 0C090063;
46D : 00492783;
46E : 00279783;
46F : FED798E3;
470 : 00442783;
471 : 00048593;
472 : 00079503;
473 : 851FF0EF;
474 : 00092903;
475 : 00050493;
476 : FE0914E3;
477 : 00042903;
478 : 0049A703;
479 : 00492683;
47A : 00092783;
47B : 000015B7;
47C : 00D9A223;
47D : 00E92223;
47E : 00F9A023;
47F : 00040513;
480 : 01392023;
481 : C5058593;
482 : 00000613;
483 : C15FF0EF;
484 : 00052403;
485 : 00050913;
486 : 02040063;
487 : 00492783;
488 : 00048593;
489 : 00079503;
48A : FF4FF0EF;
48B : 00042403;
48C : 00050493;
48D : FE0414E3;
48E : 02C12083;
48F : 02812403;
490 : 02012903;
491 : 01C12983;
492 : 00048513;
493 : 02412483;
494 : 03010113;
495 : 00008067;
496 : 00092903;
497 : 00090A63;
498 : 00492783;
499 : 0007C783;
49A : FEF318E3;
49B : F55FF06F;
49C : 00042903;
49D : F60908E3;
49E : 00442783;
49F : 00048593;
4A0 : 00079503;
4A1 : F98FF0EF;
4A2 : 00092903;
4A3 : 00050493;
4A4 : F20918E3;
4A5 : F49FF06F;
4A6 : 00058693;
4A7 : 00000493;
4A8 : 00000313;
4A9 : EADFF06F;
4AA : 02040263;
4AB : 00058813;
4AC : 00040793;
4AD : 00000893;
4AE : 00000693;
4AF : 00000613;
4B0 : 00000F13;
4B1 : 00000E13;
4B2 : E35FF06F;
4B3 : 00002783;
4B4 : 00100073;
4B5 : CCCCD7B7;
4B6 : CCD78793;
4B7 : 02F538B3;
4B8 : 00058513;
4B9 : 0005A023;
4BA : FFFF87B7;
4BB : 08078793;
4BC : 01058693;
4BD : FFFF8737;
4BE : 00858593;
4BF : 0048D893;
4C0 : FFE88893;
4C1 : 00389E13;
4C2 : 01C50E33;
4C3 : 01C52223;
4C4 : 00FE1023;
4C5 : 00289F13;
4C6 : 000E1123;
4C7 : 01EE0F33;
4C8 : 004E0793;
4C9 : 11C6F063;
4CA : 008E0813;
4CB : 0FE87C63;
4CC : 00F52623;
4CD : 00052423;
4CE : 00B52023;
4CF : FFF74713;
4D0 : FFF00793;
4D1 : 00EE1323;
4D2 : 00FE1223;
4D3 : 06088263;
4D4 : FFFF8FB7;
4D5 : FFFFCF93;
4D6 : 00000713;
4D7 : 00E647B3;
4D8 : 00379793;
4D9 : 00777593;
4DA : 0787F793;
4DB : 00B7E7B3;
4DC : 00879E93;
4DD : 00868313;
4DE : 00170713;
4DF : 00480593;
4E0 : 01D787B3;
4E1 : 03C37463;
4E2 : 03E5F263;
4E3 : 00052E83;
4E4 : 01D6A023;
4E5 : 00D52023;
4E6 : 0106A223;
4E7 : 00F81023;
4E8 : 01F81123;
4E9 : 00030693;
4EA : 00058813;
4EB : FAE898E3;
4EC : 00052583;
4ED : 0005A683;
4EE : 04068E63;
4EF : CCCCD7B7;
4F0 : CCD78793;
4F1 : 02F8B8B3;
4F2 : 20000813;
4F3 : 00100713;
4F4 : 0028D893;
4F5 : 0080006F;
4F6 : 00030693;
4F7 : 70087793;
4F8 : 00E64333;
4F9 : 0067E7B3;
4FA : 01279793;
4FB : 0045A583;
4FC : 0127D793;
4FD : 01177463;
4FE : 00070793;
4FF : 0006A303;
500 : 00F59123;
501 : 00170713;
502 : 10080813;
503 : 00068593;
504 : FC0314E3;
505 : 000015B7;
506 : C5058593;
507 : 00000613;
508 : A01FF06F;
509 : 00078813;
50A : 00058693;
50B : F21FF06F;
50C : FF010113;
50D : 01312023;
50E : FFF50813;
50F : 00100313;
510 : 00060293;
511 : 17037863;
512 : 006586B3;
513 : 01069693;
514 : 0106D693;
515 : 00812623;
516 : 00013FB7;
517 : 00013F37;
518 : 00013EB7;
519 : 00013E37;
51A : 01B69413;
51B : 00912423;
51C : 01212223;
51D : 00700613;
51E : 0076F713;
51F : 66CF8F93;
520 : 67CF0F13;
521 : 68CE8E93;
522 : 69CE0E13;
523 : 00000993;
524 : 00400893;
525 : 02C00393;
526 : 01E45793;
527 : 06C70E63;
528 : 0CE8E863;
529 : FFD70713;
52A : 01071713;
52B : 01075713;
52C : 00279793;
52D : 0AE36663;
52E : 00FE87B3;
52F : 0007A783;
530 : 00800413;
531 : 00198713;
532 : 00870933;
533 : 07097463;
534 : 00168693;
535 : 01069693;
536 : 013289B3;
537 : 0106D693;
538 : 00098713;
539 : 008784B3;
53A : 0007C583;
53B : 00178793;
53C : 00170713;
53D : FEB70FA3;
53E : FEF498E3;
53F : 008985B3;
540 : 00758023;
541 : 01B69413;
542 : 0076F713;
543 : 00090993;
544 : 01E45793;
545 : F8C716E3;
546 : 00279793;
547 : 00800413;
548 : 00198713;
549 : 00FF87B3;
54A : 00870933;
54B : 0007A783;
54C : FB0960E3;
54D : 06A9F463;
54E : 00C12403;
54F : 00812483;
550 : 00412903;
551 : 00100613;
552 : 02E57E63;
553 : 01328533;
554 : 00012983;
555 : 00000593;
556 : 01010113;
557 : 5940106F;
558 : 00FE07B3;
559 : 0007A783;
55A : 00400413;
55B : F59FF06F;
55C : 00279793;
55D : 00FF07B3;
55E : 0007A783;
55F : 00800413;
560 : F45FF06F;
561 : 41350633;
562 : 01328533;
563 : 00012983;
564 : 00000593;
565 : 01010113;
566 : 5580106F;
567 : 00C12403;
568 : 00812483;
569 : 00412903;
56A : 00012983;
56B : 01010113;
56C : 00008067;
56D : 00030713;
56E : 00000993;
56F : F89FF06F;
570 : 00052783;
571 : 0007C703;
572 : 06070A63;
573 : 02C00693;
574 : 2AD70A63;
575 : 02E00813;
576 : 21070863;
577 : 06E87663;
578 : FD070713;
579 : 0FF77713;
57A : 00900613;
57B : 06E66463;
57C : 0005A703;
57D : 00178793;
57E : 00170713;
57F : 00E5A023;
580 : 0007C703;
581 : 24070E63;
582 : 02E00613;
583 : 1AD70863;
584 : FD070693;
585 : 0FF6F693;
586 : 00900813;
587 : 06C70263;
588 : 02C00893;
589 : 18D87463;
58A : 0105A683;
58B : 00100713;
58C : 00178793;
58D : 00E686B3;
58E : 00D5A823;
58F : 00F52023;
590 : 00070513;
591 : 00008067;
592 : FD570713;
593 : 0FD77713;
594 : 1A070C63;
595 : 0045A683;
596 : 0005A703;
597 : 00178793;
598 : 00168693;
599 : 00170713;
59A : 00E5A023;
59B : 00D5A223;
59C : 00100713;
59D : 00F52023;
59E : 00070513;
59F : 00008067;
5A0 : 0105A703;
5A1 : 00178613;
5A2 : 00170713;
5A3 : 00E5A823;
5A4 : 0017C703;
5A5 : 1E070263;
5A6 : 02C00793;
5A7 : 12F70E63;
5A8 : 04500693;
5A9 : FD070793;
5AA : 0DF77713;
5AB : 0FF7F793;
5AC : 00900813;
5AD : 06D71E63;
5AE : 0145A703;
5AF : 00160793;
5B0 : 00170713;
5B1 : 00E5AA23;
5B2 : 00164703;
5B3 : 1C070863;
5B4 : 02C00813;
5B5 : 1D070E63;
5B6 : 00C5A783;
5B7 : FD570713;
5B8 : 0FD77713;
5B9 : 00178793;
5BA : 00F5A623;
5BB : 0A071063;
5BC : 00264703;
5BD : 00260793;
5BE : 1C070263;
5BF : 1B070463;
5C0 : 0185A783;
5C1 : FD070713;
5C2 : 0FF77713;
5C3 : 00178793;
5C4 : 00900693;
5C5 : 00F5AC23;
5C6 : 04E6F063;
5C7 : 00360793;
5C8 : 00100713;
5C9 : 00F52023;
5CA : 00070513;
5CB : 00008067;
5CC : 02C00893;
5CD : 08F87A63;
5CE : 0145A683;
5CF : 00100713;
5D0 : 00160793;
5D1 : 00E686B3;
5D2 : 00D5AA23;
5D3 : 00F52023;
5D4 : 00070513;
5D5 : 00008067;
5D6 : 00364703;
5D7 : 00360793;
5D8 : 04070263;
5D9 : 13070663;
5DA : FD070713;
5DB : 0FF77713;
5DC : 02E6F463;
5DD : 0045A683;
5DE : 00100713;
5DF : 00178793;
5E0 : 00E686B3;
5E1 : 00D5A223;
5E2 : EB5FF06F;
5E3 : 00260793;
5E4 : 00100713;
5E5 : EA9FF06F;
5E6 : 0017C703;
5E7 : 00178793;
5E8 : FC0712E3;
5E9 : 00700713;
5EA : E95FF06F;
5EB : 0017C703;
5EC : 00178793;
5ED : 0A070663;
5EE : E5171CE3;
5EF : 00400713;
5F0 : 00178793;
5F1 : E79FF06F;
5F2 : 00164703;
5F3 : 00160613;
5F4 : 0A070463;
5F5 : ED1718E3;
5F6 : 00060793;
5F7 : 00500713;
5F8 : 00178793;
5F9 : E59FF06F;
5FA : 0005A703;
5FB : 00178613;
5FC : 00170713;
5FD : 00E5A023;
5FE : 0017C703;
5FF : 06070E63;
600 : EAD710E3;
601 : FD5FF06F;
602 : 0005A703;
603 : 00178613;
604 : 00170713;
605 : 00E5A023;
606 : 0017C303;
607 : 0A030C63;
608 : 0AD30263;
609 : 0085A603;
60A : FD030713;
60B : 0FF77713;
60C : 00900893;
60D : 00160613;
60E : 00E8FC63;
60F : 03030663;
610 : 00C5A423;
611 : 00278793;
612 : 00100713;
613 : DF1FF06F;
614 : 00C5A423;
615 : 0027C703;
616 : 00278793;
617 : DA0716E3;
618 : 00400713;
619 : DD9FF06F;
61A : 00C5A423;
61B : 0027C703;
61C : 00278613;
61D : E20712E3;
61E : 00060793;
61F : 00500713;
620 : DBDFF06F;
621 : 00000713;
622 : 00178793;
623 : DB1FF06F;
624 : 00700713;
625 : 00178793;
626 : DA5FF06F;
627 : 00300713;
628 : D9DFF06F;
629 : 00600713;
62A : 00178793;
62B : D91FF06F;
62C : 00300713;
62D : 00178793;
62E : D85FF06F;
62F : 00600713;
630 : D7DFF06F;
631 : 00060793;
632 : 00200713;
633 : 00178793;
634 : D6DFF06F;
635 : 00060793;
636 : 00200713;
637 : D61FF06F;
638 : F8010113;
639 : 06812C23;
63A : 06912A23;
63B : 07212823;
63C : 07312623;
63D : 07512223;
63E : 07612023;
63F : 05712E23;
640 : 05812C23;
641 : 06112E23;
642 : 07412423;
643 : 00058493;
644 : 0005C583;
645 : 03010993;
646 : 01010413;
647 : 02012823;
648 : 00012823;
649 : 00912623;
64A : 0009A223;
64B : 0009A423;
64C : 0009A623;
64D : 0009A823;
64E : 0009AA23;
64F : 0009AC23;
650 : 0009AE23;
651 : 00042223;
652 : 00042423;
653 : 00042623;
654 : 00042823;
655 : 00042A23;
656 : 00042C23;
657 : 00042E23;
658 : 00078913;
659 : 00050C13;
65A : 00060B93;
65B : 00068B13;
65C : 00070A93;
65D : 10058A63;
65E : 00C10A13;
65F : 00098593;
660 : 000A0513;
661 : C3DFF0EF;
662 : 00251713;
663 : 00870733;
664 : 00C12683;
665 : 00072783;
666 : 0006C683;
667 : 00178793;
668 : 00F72023;
669 : FC069CE3;
66A : 00912623;
66B : 01848C33;
66C : 0384F863;
66D : 00048793;
66E : 02C00613;
66F : 0007C703;
670 : 017746B3;
671 : 00C70463;
672 : 00D78023;
673 : 015787B3;
674 : FF87E6E3;
675 : 0004C783;
676 : 02078A63;
677 : 00C10A13;
678 : 00098593;
679 : 000A0513;
67A : BD9FF0EF;
67B : 00251713;
67C : 00870733;
67D : 00C12683;
67E : 00072783;
67F : 0006C683;
680 : 00178793;
681 : 00F72023;
682 : FC069CE3;
683 : 0384F063;
684 : 02C00693;
685 : 0004C783;
686 : 0167C733;
687 : 00D78463;
688 : 00E48023;
689 : 015484B3;
68A : FF84E6E3;
68B : 00098493;
68C : 00042503;
68D : 00090593;
68E : 00440413;
68F : BC1FE0EF;
690 : 00050593;
691 : 0004A503;
692 : 00448493;
693 : BB1FE0EF;
694 : 00050913;
695 : FC899EE3;
696 : 07C12083;
697 : 07812403;
698 : 07412483;
699 : 07012903;
69A : 06C12983;
69B : 06812A03;
69C : 06412A83;
69D : 06012B03;
69E : 05C12B83;
69F : 05812C03;
6A0 : 08010113;
6A1 : 00008067;
6A2 : 00A48C33;
6A3 : F384E4E3;
6A4 : F9DFF06F;
6A5 : FF010113;
6A6 : 00812623;
6A7 : 00912423;
6A8 : 00050813;
6A9 : 00061463;
6AA : 00100613;
6AB : FFF58413;
6AC : FFC47413;
6AD : 00440393;
6AE : 00000793;
6AF : 0C080C63;
6B0 : 00078513;
6B1 : 00178793;
6B2 : 02F78733;
6B3 : 00371713;
6B4 : FF0768E3;
6B5 : 02A502B3;
6B6 : 00129293;
6B7 : 00538433;
6B8 : 0C050663;
6B9 : 01212223;
6BA : 00050493;
6BB : 00150313;
6BC : 00151913;
6BD : 00040F13;
6BE : 00000E93;
6BF : 00100793;
6C0 : 40838E33;
6C1 : 00078F93;
6C2 : 000F0593;
6C3 : 02F60633;
6C4 : 00BE08B3;
6C5 : 00258593;
6C6 : 41F65713;
6C7 : 01075713;
6C8 : 00E60633;
6C9 : 01061613;
6CA : 01065613;
6CB : 40E60633;
6CC : 00C78833;
6CD : 00F80733;
6CE : FF059F23;
6CF : 0FF77713;
6D0 : 00178793;
6D1 : 00E89023;
6D2 : FC6792E3;
6D3 : 001E8E93;
6D4 : 01F507B3;
6D5 : 00A30333;
6D6 : 012F0F33;
6D7 : FAAE94E3;
6D8 : 00412903;
6D9 : 005407B3;
6DA : FFF78793;
6DB : 0086A423;
6DC : FFC7F793;
6DD : 00C12403;
6DE : 00478793;
6DF : 0096A023;
6E0 : 00F6A623;
6E1 : 0076A223;
6E2 : 00812483;
6E3 : 01010113;
6E4 : 00008067;
6E5 : FFF00493;
6E6 : 01212223;
6E7 : 00640413;
6E8 : 00048513;
6E9 : 00200293;
6EA : F45FF06F;
6EB : 00000293;
6EC : 00000493;
6ED : FB1FF06F;
6EE : 04050A63;
6EF : 00251F13;
6F0 : 00151E13;
6F1 : 01E58F33;
6F2 : 01C68E33;
6F3 : 00000E93;
6F4 : 001E9813;
6F5 : 01060833;
6F6 : 00068793;
6F7 : 00000893;
6F8 : 00081703;
6F9 : 00079303;
6FA : 00278793;
6FB : 00280813;
6FC : 02670733;
6FD : 00E888B3;
6FE : FEFE14E3;
6FF : 0115A023;
700 : 00458593;
701 : 00AE8EB3;
702 : FCBF14E3;
703 : 00008067;
704 : 08050E63;
705 : FF010113;
706 : 00151313;
707 : 00812623;
708 : 00060293;
709 : 00068413;
70A : 00660E33;
70B : 00000393;
70C : 00000693;
70D : 00239E93;
70E : 01D58EB3;
70F : 00040F13;
710 : 00000F93;
711 : 000F0613;
712 : 00028793;
713 : 00000813;
714 : 00079703;
715 : 00061883;
716 : 00278793;
717 : 00660633;
718 : 03170733;
719 : 00E80833;
71A : FEFE14E3;
71B : 010EA023;
71C : 001F8793;
71D : 004E8E93;
71E : 002F0F13;
71F : 00F50663;
720 : 00078F93;
721 : FC1FF06F;
722 : 006282B3;
723 : 00A383B3;
724 : 006E0E33;
725 : 01F68663;
726 : 00168693;
727 : F99FF06F;
728 : 00C12403;
729 : 01010113;
72A : 00008067;
72B : 00008067;
72C : 0A050863;
72D : FF010113;
72E : 00151313;
72F : 00812623;
730 : 00060293;
731 : 00068413;
732 : 00660E33;
733 : 00000393;
734 : 00000693;
735 : 00239E93;
736 : 01D58EB3;
737 : 00040F13;
738 : 00000F93;
739 : 000F0813;
73A : 00028613;
73B : 00000893;
73C : 00081703;
73D : 00061783;
73E : 00260613;
73F : 00680833;
740 : 02E787B3;
741 : 4027D713;
742 : 4057D793;
743 : 00F77713;
744 : 07F7F793;
745 : 02F707B3;
746 : 00F888B3;
747 : FCCE1AE3;
748 : 011EA023;
749 : 001F8793;
74A : 004E8E93;
74B : 002F0F13;
74C : 00F50663;
74D : 00078F93;
74E : FADFF06F;
74F : 006282B3;
750 : 00A383B3;
751 : 006E0E33;
752 : 01F68663;
753 : 00168693;
754 : F85FF06F;
755 : 00C12403;
756 : 01010113;
757 : 00008067;
758 : 00008067;
759 : FD010113;
75A : 03212023;
75B : 01312E23;
75C : 01512A23;
75D : 02112623;
75E : 02812423;
75F : 00058A93;
760 : 00060913;
761 : 00068993;
762 : 34050663;
763 : 00151593;
764 : 02912223;
765 : 01412C23;
766 : 00B60633;
767 : 00070A13;
768 : FFFFF4B7;
769 : 01612823;
76A : 01712623;
76B : 01812423;
76C : 01912223;
76D : 00060713;
76E : 009A64B3;
76F : 00000B13;
770 : 40B707B3;
771 : 0007D683;
772 : 00278793;
773 : 00DA06B3;
774 : FED79F23;
775 : FEE798E3;
776 : 001B0413;
777 : 00B78733;
778 : 00850663;
779 : 00040B13;
77A : FD9FF06F;
77B : 00000513;
77C : 00000813;
77D : 00251713;
77E : 00EA8733;
77F : 40B607B3;
780 : 00079683;
781 : 00278793;
782 : 00470713;
783 : 034686B3;
784 : FED72E23;
785 : FEF616E3;
786 : 00850533;
787 : 00B60633;
788 : 01680663;
789 : 00180813;
78A : FCDFF06F;
78B : 00241C13;
78C : 018A8BB3;
78D : 000B8813;
78E : 00000693;
78F : 00000713;
790 : 00000513;
791 : 00000893;
792 : 418807B3;
793 : 0180006F;
794 : 00C505B3;
795 : 01059513;
796 : 00478793;
797 : 41055513;
798 : 02F80863;
799 : 00068613;
79A : 0007A683;
79B : 00A50593;
79C : 00D70733;
79D : 00D62633;
79E : FCE4DCE3;
79F : 01059513;
7A0 : 00478793;
7A1 : 00000713;
7A2 : 41055513;
7A3 : FCF81CE3;
7A4 : 01880833;
7A5 : 011B0663;
7A6 : 00188893;
7A7 : FADFF06F;
7A8 : 00000593;
7A9 : B79FE0EF;
7AA : 00098693;
7AB : 00050C93;
7AC : 00090613;
7AD : 00040513;
7AE : 000A8593;
7AF : CFDFF0EF;
7B0 : 00000693;
7B1 : 00000713;
7B2 : 00000513;
7B3 : 00000813;
7B4 : 418B87B3;
7B5 : 0180006F;
7B6 : 00C505B3;
7B7 : 01059513;
7B8 : 00478793;
7B9 : 41055513;
7BA : 03778863;
7BB : 00068613;
7BC : 0007A683;
7BD : 00A50593;
7BE : 00D70733;
7BF : 00D62633;
7C0 : FCE4DCE3;
7C1 : 01059513;
7C2 : 00478793;
7C3 : 00000713;
7C4 : 41055513;
7C5 : FD779CE3;
7C6 : 01878BB3;
7C7 : 010B0663;
7C8 : 00180813;
7C9 : FADFF06F;
7CA : 000C8593;
7CB : AF1FE0EF;
7CC : 00098693;
7CD : 00050B13;
7CE : 00090613;
7CF : 00040513;
7D0 : 000A8593;
7D1 : CCDFF0EF;
7D2 : 00000313;
7D3 : 00000793;
7D4 : 00000693;
7D5 : 00000513;
7D6 : 00000893;
7D7 : 00231613;
7D8 : 00CA8633;
7D9 : 00000593;
7DA : 01C0006F;
7DB : 00E50833;
7DC : 01081513;
7DD : 00158593;
7DE : 41055513;
7DF : 00460613;
7E0 : 0285FA63;
7E1 : 00078713;
7E2 : 00062783;
7E3 : 00A50813;
7E4 : 00F686B3;
7E5 : 00F72733;
7E6 : FCD4DAE3;
7E7 : 01081513;
7E8 : 00158593;
7E9 : 00000693;
7EA : 41055513;
7EB : 00460613;
7EC : FC85EAE3;
7ED : 00188893;
7EE : 00830333;
7EF : FA88E0E3;
7F0 : 000B0593;
7F1 : A59FE0EF;
7F2 : 00098693;
7F3 : 00050B13;
7F4 : 00090613;
7F5 : 00040513;
7F6 : 000A8593;
7F7 : CD5FF0EF;
7F8 : 00000313;
7F9 : 00000793;
7FA : 00000693;
7FB : 00000513;
7FC : 00000893;
7FD : 00231613;
7FE : 00CA8633;
7FF : 00000593;
800 : 01C0006F;
801 : 00E50833;
802 : 01081513;
803 : 00158593;
804 : 41055513;
805 : 00460613;
806 : 0285FA63;
807 : 00078713;
808 : 00062783;
809 : 00A50813;
80A : 00F686B3;
80B : 00F72733;
80C : FCD4DAE3;
80D : 01081513;
80E : 00158593;
80F : 00000693;
810 : 41055513;
811 : 00460613;
812 : FC85EAE3;
813 : 00188893;
814 : 00830333;
815 : FA88E0E3;
816 : 000B0593;
817 : 9C1FE0EF;
818 : 00000593;
819 : 00000613;
81A : 00159793;
81B : 00F907B3;
81C : 00000713;
81D : 0007D683;
81E : 00170713;
81F : 00278793;
820 : 414686B3;
821 : FED79F23;
822 : FE8766E3;
823 : 00160613;
824 : 008585B3;
825 : FC866AE3;
826 : 02412483;
827 : 01812A03;
828 : 01012B03;
829 : 00C12B83;
82A : 00812C03;
82B : 00412C83;
82C : 02C12083;
82D : 02812403;
82E : 01051513;
82F : 02012903;
830 : 01C12983;
831 : 01412A83;
832 : 41055513;
833 : 03010113;
834 : 00008067;
835 : 00000593;
836 : 945FE0EF;
837 : 00098693;
838 : 00090613;
839 : 00050413;
83A : 000A8593;
83B : 00000513;
83C : AC9FF0EF;
83D : 00040593;
83E : 00000513;
83F : 921FE0EF;
840 : 00098693;
841 : 00090613;
842 : 00050413;
843 : 000A8593;
844 : 00000513;
845 : AFDFF0EF;
846 : 00040593;
847 : 00000513;
848 : 8FDFE0EF;
849 : 00050413;
84A : 000A8593;
84B : 00098693;
84C : 00090613;
84D : 00000513;
84E : B79FF0EF;
84F : 00040593;
850 : 00000513;
851 : 8D9FE0EF;
852 : F69FF06F;
853 : FF010113;
854 : 00812423;
855 : 00852683;
856 : 00060413;
857 : 00058713;
858 : 00452603;
859 : 00C52583;
85A : 00052503;
85B : 00112623;
85C : BF5FF0EF;
85D : 00040593;
85E : 00812403;
85F : 00C12083;
860 : 01010113;
861 : 899FE06F;
862 : FF010113;
863 : 01212023;
864 : 01C52903;
865 : 00112623;
866 : 02052C23;
867 : 02052E23;
868 : 04090E63;
869 : 00812423;
86A : 00912223;
86B : 00050413;
86C : 00000493;
86D : 00100593;
86E : 00040513;
86F : E29FE0EF;
870 : 03845583;
871 : A10FE0EF;
872 : 02A41C23;
873 : FFF00593;
874 : 00040513;
875 : E11FE0EF;
876 : 03845583;
877 : 9F8FE0EF;
878 : 02A41C23;
879 : 00049463;
87A : 02A41D23;
87B : 00148493;
87C : FC9912E3;
87D : 00812403;
87E : 00412483;
87F : 00C12083;
880 : 00012903;
881 : 00000513;
882 : 01010113;
883 : 00008067;
884 : 81010113;
885 : 00001737;
886 : 000017B7;
887 : 80478793;
888 : 7E112623;
889 : 80870713;
88A : 7E812423;
88B : 7E912223;
88C : 7F212023;
88D : 7D312E23;
88E : 7D412C23;
88F : 7D512A23;
890 : 7D612823;
891 : 7D712623;
892 : 7D812423;
893 : 7D912223;
894 : FA010113;
895 : 00F105B3;
896 : 00E10633;
897 : 80060613;
898 : 80058593;
899 : 04E10513;
89A : 00012223;
89B : F51FD0EF;
89C : 00100513;
89D : 910FE0EF;
89E : 00A11623;
89F : 00200513;
8A0 : 904FE0EF;
8A1 : 00A11723;
8A2 : 00300513;
8A3 : 8F8FE0EF;
8A4 : 00A11823;
8A5 : 00400513;
8A6 : 8ECFE0EF;
8A7 : 02A12423;
8A8 : 00500513;
8A9 : 8E0FE0EF;
8AA : 00700793;
8AB : 00050463;
8AC : 00050793;
8AD : 00C12683;
8AE : 02F12623;
8AF : 82010713;
8B0 : 34068C63;
8B1 : 00100613;
8B2 : 6CC68263;
8B3 : 05010E93;
8B4 : 0027FE13;
8B5 : 01C03633;
8B6 : 0017F713;
8B7 : 04011623;
8B8 : 01D12A23;
8B9 : 0047F693;
8BA : 00C70733;
8BB : 0017FF13;
8BC : 00C11603;
8BD : 00068863;
8BE : 00170713;
8BF : 01071713;
8C0 : 01075713;
8C1 : 7D000513;
8C2 : 02E55533;
8C3 : 00001737;
8C4 : 80C70713;
8C5 : 00E10433;
8C6 : 80040593;
8C7 : 00000713;
8C8 : 00000813;
8C9 : 00100313;
8CA : 00300893;
8CB : 02A12223;
8CC : 00E316B3;
8CD : 00F6F6B3;
8CE : 00170713;
8CF : 10069263;
8D0 : 00458593;
8D1 : FF1716E3;
8D2 : 260F1E63;
8D3 : 280E1863;
8D4 : 0047F793;
8D5 : 2A079863;
8D6 : 02812783;
8D7 : 04079C63;
8D8 : 00100793;
8D9 : 02F12423;
8DA : 80040493;
8DB : 02812703;
8DC : 00271793;
8DD : 00E787B3;
8DE : 00179793;
8DF : 02F12423;
8E0 : DE1FD0EF;
8E1 : 00048513;
8E2 : E01FF0EF;
8E3 : DF1FD0EF;
8E4 : E09FD0EF;
8E5 : E15FD0EF;
8E6 : FC050AE3;
8E7 : 00A00793;
8E8 : 02A7D7B3;
8E9 : 02812703;
8EA : 00178793;
8EB : 02E787B3;
8EC : 02F12423;
8ED : DADFD0EF;
8EE : 80040513;
8EF : DCDFF0EF;
8F0 : DBDFD0EF;
8F1 : DD5FD0EF;
8F2 : 00050C13;
8F3 : 00C11503;
8F4 : 00000593;
8F5 : 82010413;
8F6 : E44FE0EF;
8F7 : 00050593;
8F8 : 00E11503;
8F9 : E38FE0EF;
8FA : 00050593;
8FB : 01011503;
8FC : E2CFE0EF;
8FD : 00050593;
8FE : 02411503;
8FF : E20FE0EF;
900 : 000087B7;
901 : B0578793;
902 : 00050B93;
903 : 54F50C63;
904 : 04A7F663;
905 : 000097B7;
906 : A0278793;
907 : 52F50A63;
908 : 0000F7B7;
909 : 9F578793;
90A : 20F51263;
90B : 00013537;
90C : FC850513;
90D : 6B0000EF;
90E : 00300A13;
90F : 0480006F;
910 : 02A806B3;
911 : 00180813;
912 : 01081813;
913 : 01085813;
914 : 00DE86B3;
915 : 00D5A623;
916 : EE9FF06F;
917 : 000027B7;
918 : 8F278793;
919 : 50F50A63;
91A : 000057B7;
91B : EAF78793;
91C : 1AF51E63;
91D : 00013537;
91E : F9850513;
91F : 668000EF;
920 : 00200A13;
921 : FE81A783;
922 : 52078263;
923 : 00013B37;
924 : 00013AB7;
925 : 001A1A13;
926 : 6C4B0B13;
927 : 6B8A8A93;
928 : 014B0B33;
929 : 014A8AB3;
92A : 00000C93;
92B : 00000413;
92C : 0300006F;
92D : 009107B3;
92E : 00000713;
92F : 00F707B3;
930 : 04C7D783;
931 : 019784B3;
932 : 00140413;
933 : FE81A783;
934 : 01041413;
935 : 01045413;
936 : 00048C93;
937 : 14F47C63;
938 : 00441493;
939 : 00848733;
93A : 00271713;
93B : 82010793;
93C : 00E787B3;
93D : 00001937;
93E : 00F90933;
93F : 80C92783;
940 : 82091623;
941 : 0017F713;
942 : 02070863;
943 : 82695603;
944 : 000B5683;
945 : 02D60263;
946 : 00013537;
947 : 02050513;
948 : 00040593;
949 : 49C000EF;
94A : 82C95703;
94B : 80C92783;
94C : 00170713;
94D : 82E91623;
94E : 0027F713;
94F : 04070463;
950 : 008486B3;
951 : 00269693;
952 : 82010713;
953 : 00D70733;
954 : 00001937;
955 : 00E90933;
956 : 82895603;
957 : 000AD683;
958 : 02D60263;
959 : 00013537;
95A : 05050513;
95B : 00040593;
95C : 450000EF;
95D : 82C95703;
95E : 80C92783;
95F : 00170713;
960 : 82E91623;
961 : 008484B3;
962 : 0047F793;
963 : 00249493;
964 : F20782E3;
965 : 82010713;
966 : 000137B7;
967 : 00970733;
968 : 6AC78793;
969 : 000014B7;
96A : 00E484B3;
96B : 014787B3;
96C : 82A4D603;
96D : 0007D683;
96E : 30D61863;
96F : 82C4D783;
970 : F05FF06F;
971 : 01812583;
972 : D0DFE0EF;
973 : 02C12783;
974 : 02A12823;
975 : 0027FE13;
976 : D60E0CE3;
977 : 00E11703;
978 : 00C11603;
979 : 01C12583;
97A : 02412503;
97B : 01071713;
97C : 00C76633;
97D : 03410693;
97E : C9CFF0EF;
97F : 02C12783;
980 : D51FF06F;
981 : 00C11583;
982 : 02012603;
983 : 02412503;
984 : E21FE0EF;
985 : D45FF06F;
986 : 7F071683;
987 : CA0698E3;
988 : 06600693;
989 : 7ED71823;
98A : CA5FF06F;
98B : 000107B7;
98C : FFF78493;
98D : E14FE0EF;
98E : 02412583;
98F : 009504B3;
990 : 00013537;
991 : 0B450513;
992 : 378000EF;
993 : 00013537;
994 : 000C0593;
995 : 0CC50513;
996 : 368000EF;
997 : 000C0513;
998 : B49FD0EF;
999 : 00050593;
99A : 00013537;
99B : 0E450513;
99C : 350000EF;
99D : 000C0513;
99E : B31FD0EF;
99F : 28051463;
9A0 : 000C0513;
9A1 : B25FD0EF;
9A2 : 00900793;
9A3 : 26A7F263;
9A4 : FE81A783;
9A5 : 02812583;
9A6 : 00013537;
9A7 : 15450513;
9A8 : 02F585B3;
9A9 : 01049493;
9AA : 4104D493;
9AB : 314000EF;
9AC : 000135B7;
9AD : 00013537;
9AE : 16C58593;
9AF : 17850513;
9B0 : 300000EF;
9B1 : 000135B7;
9B2 : 00013537;
9B3 : 19058593;
9B4 : 19450513;
9B5 : 2EC000EF;
9B6 : 000135B7;
9B7 : 00013537;
9B8 : 1AC58593;
9B9 : 1B450513;
9BA : 2D8000EF;
9BB : 00013537;
9BC : 000B8593;
9BD : 1CC50513;
9BE : 2C8000EF;
9BF : 02C12783;
9C0 : 0017F713;
9C1 : 04070E63;
9C2 : FE81A703;
9C3 : 04070A63;
9C4 : 00013A37;
9C5 : 1E8A0A13;
9C6 : 82010913;
9C7 : 00000413;
9C8 : 00001AB7;
9C9 : 00441793;
9CA : 008787B3;
9CB : 00279793;
9CC : 00F907B3;
9CD : 00FA87B3;
9CE : 8267D603;
9CF : 00040593;
9D0 : 000A0513;
9D1 : 27C000EF;
9D2 : 00140413;
9D3 : FE81A783;
9D4 : 01041413;
9D5 : 01045413;
9D6 : FCF466E3;
9D7 : 02C12783;
9D8 : 0027F713;
9D9 : 04070E63;
9DA : FE81A703;
9DB : 24070463;
9DC : 00013A37;
9DD : 204A0A13;
9DE : 82010913;
9DF : 00000413;
9E0 : 00001AB7;
9E1 : 00441793;
9E2 : 008787B3;
9E3 : 00279793;
9E4 : 00F907B3;
9E5 : 00FA87B3;
9E6 : 8287D603;
9E7 : 00040593;
9E8 : 000A0513;
9E9 : 21C000EF;
9EA : 00140413;
9EB : FE81A783;
9EC : 01041413;
9ED : 01045413;
9EE : FCF466E3;
9EF : 02C12783;
9F0 : 0047F793;
9F1 : 04078C63;
9F2 : FE81A783;
9F3 : 0A078263;
9F4 : 00013A37;
9F5 : 220A0A13;
9F6 : 82010913;
9F7 : 00000413;
9F8 : 00001AB7;
9F9 : 00441793;
9FA : 008787B3;
9FB : 00279793;
9FC : 00F907B3;
9FD : 00FA87B3;
9FE : 82A7D603;
9FF : 00040593;
A00 : 000A0513;
A01 : 1BC000EF;
A02 : 00140413;
A03 : FE81A783;
A04 : 01041413;
A05 : 01045413;
A06 : FCF466E3;
A07 : FE81A783;
A08 : 04078863;
A09 : 00013A37;
A0A : 23CA0A13;
A0B : 82010913;
A0C : 00000413;
A0D : 00001AB7;
A0E : 00441793;
A0F : 008787B3;
A10 : 00279793;
A11 : 00F907B3;
A12 : 00FA87B3;
A13 : 8247D603;
A14 : 00040593;
A15 : 000A0513;
A16 : 168000EF;
A17 : 00140413;
A18 : FE81A783;
A19 : 01041413;
A1A : 01045413;
A1B : FCF466E3;
A1C : 0C048063;
A1D : 0C905663;
A1E : 00013537;
A1F : 2A050513;
A20 : 264000EF;
A21 : 04E10513;
A22 : 9A9FD0EF;
A23 : 06010113;
A24 : 7EC12083;
A25 : 7E812403;
A26 : 7E412483;
A27 : 7E012903;
A28 : 7DC12983;
A29 : 7D812A03;
A2A : 7D412A83;
A2B : 7D012B03;
A2C : 7CC12B83;
A2D : 7C812C03;
A2E : 7C412C83;
A2F : 00000513;
A30 : 7F010113;
A31 : 00008067;
A32 : 00013537;
A33 : 08450513;
A34 : 00040593;
A35 : 0EC000EF;
A36 : 82C4D783;
A37 : 00178793;
A38 : 01079793;
A39 : 0107D793;
A3A : 82F49623;
A3B : BD9FF06F;
A3C : 00013537;
A3D : 11450513;
A3E : 1EC000EF;
A3F : 00148493;
A40 : D91FF06F;
A41 : 02812403;
A42 : FE81A783;
A43 : 000C0513;
A44 : 02F40433;
A45 : 895FD0EF;
A46 : 00050593;
A47 : 00013537;
A48 : 0FC50513;
A49 : 02B455B3;
A4A : 098000EF;
A4B : D55FF06F;
A4C : 00013537;
A4D : 25850513;
A4E : 1AC000EF;
A4F : F49FF06F;
A50 : 00013537;
A51 : 2B050513;
A52 : 19C000EF;
A53 : F39FF06F;
A54 : 00013537;
A55 : F4050513;
A56 : 18C000EF;
A57 : 00000A13;
A58 : B25FF06F;
A59 : 00013537;
A5A : F6C50513;
A5B : 178000EF;
A5C : 00100A13;
A5D : B11FF06F;
A5E : 00013537;
A5F : FF450513;
A60 : 164000EF;
A61 : 00400A13;
A62 : AFDFF06F;
A63 : 7F071683;
A64 : 92069EE3;
A65 : 341536B7;
A66 : 41568693;
A67 : 06600613;
A68 : 7ED72623;
A69 : 7EC71823;
A6A : 925FF06F;
A6B : 00000493;
A6C : C85FF06F;
A6D : 0047F793;
A6E : EA079CE3;
A6F : E61FF06F;
A70 : FF41A303;
A71 : FC010113;
A72 : 02C12423;
A73 : 02D12623;
A74 : 02B12223;
A75 : 02E12823;
A76 : 02F12A23;
A77 : 03012C23;
A78 : 03112E23;
A79 : 00832583;
A7A : 02410693;
A7B : 00050613;
A7C : 00030513;
A7D : 00112E23;
A7E : 00D12623;
A7F : 7B1000EF;
A80 : 01C12083;
A81 : 04010113;
A82 : 00008067;
A83 : FC010113;
A84 : 02812C23;
A85 : 00050413;
A86 : 00058513;
A87 : 00B12623;
A88 : 02112E23;
A89 : 270000EF;
A8A : 00C12583;
A8B : 000137B7;
A8C : 03442703;
A8D : 00150893;
A8E : 31478793;
A8F : 00100813;
A90 : 02010613;
A91 : 00200693;
A92 : 02B12023;
A93 : 02A12223;
A94 : 01112E23;
A95 : 02F12423;
A96 : 03012623;
A97 : 00C12A23;
A98 : 00D12C23;
A99 : 00842583;
A9A : 06070463;
A9B : 00C59783;
A9C : 0645A703;
A9D : 00002637;
A9E : 01279693;
A9F : 0406C263;
AA0 : FFFFE6B7;
AA1 : FFF68693;
AA2 : 00C7E7B3;
AA3 : 00D77733;
AA4 : 00F59623;
AA5 : 06E5A223;
AA6 : 00040513;
AA7 : 01410613;
AA8 : 201040EF;
AA9 : 00A03533;
AAA : 40A00533;
AAB : 00A56513;
AAC : 03C12083;
AAD : 03812403;
AAE : 04010113;
AAF : 00008067;
AB0 : 01271793;
AB1 : FC07DAE3;
AB2 : FFF00513;
AB3 : FE5FF06F;
AB4 : 00040513;
AB5 : 00B12623;
AB6 : 19D040EF;
AB7 : 00C12583;
AB8 : F8DFF06F;
AB9 : 00050593;
ABA : FF41A503;
ABB : F21FF06F;
ABC : 01F00793;
ABD : 00050693;
ABE : 10C7F463;
ABF : 0036F713;
AC0 : 02070663;
AC1 : 00000297;
AC2 : 00271313;
AC3 : 006282B3;
AC4 : 00008313;
AC5 : 17C280E7;
AC6 : 00030093;
AC7 : FFC70713;
AC8 : 00E60633;
AC9 : 40E686B3;
ACA : 0CC7FC63;
ACB : 00059463;
ACC : 0180006F;
ACD : 0FF5F593;
ACE : 00859293;
ACF : 0055E5B3;
AD0 : 01059293;
AD1 : 0055E5B3;
AD2 : FFC67293;
AD3 : 00568333;
AD4 : 07C2F293;
AD5 : 00028E63;
AD6 : 405002B3;
AD7 : 08028293;
AD8 : 405686B3;
AD9 : 00000397;
ADA : 005383B3;
ADB : 00C38067;
ADC : 00B6A023;
ADD : 00B6A223;
ADE : 00B6A423;
ADF : 00B6A623;
AE0 : 00B6A823;
AE1 : 00B6AA23;
AE2 : 00B6AC23;
AE3 : 00B6AE23;
AE4 : 02B6A023;
AE5 : 02B6A223;
AE6 : 02B6A423;
AE7 : 02B6A623;
AE8 : 02B6A823;
AE9 : 02B6AA23;
AEA : 02B6AC23;
AEB : 02B6AE23;
AEC : 04B6A023;
AED : 04B6A223;
AEE : 04B6A423;
AEF : 04B6A623;
AF0 : 04B6A823;
AF1 : 04B6AA23;
AF2 : 04B6AC23;
AF3 : 04B6AE23;
AF4 : 06B6A023;
AF5 : 06B6A223;
AF6 : 06B6A423;
AF7 : 06B6A623;
AF8 : 06B6A823;
AF9 : 06B6AA23;
AFA : 06B6AC23;
AFB : 06B6AE23;
AFC : 08068693;
AFD : F666EEE3;
AFE : 00367613;
AFF : 08060A63;
B00 : 00000297;
B01 : 40C78633;
B02 : 00261613;
B03 : 00C282B3;
B04 : 01428067;
B05 : 00B68F23;
B06 : 00B68EA3;
B07 : 00B68E23;
B08 : 00B68DA3;
B09 : 00B68D23;
B0A : 00B68CA3;
B0B : 00B68C23;
B0C : 00B68BA3;
B0D : 00B68B23;
B0E : 00B68AA3;
B0F : 00B68A23;
B10 : 00B689A3;
B11 : 00B68923;
B12 : 00B688A3;
B13 : 00B68823;
B14 : 00B687A3;
B15 : 00B68723;
B16 : 00B686A3;
B17 : 00B68623;
B18 : 00B685A3;
B19 : 00B68523;
B1A : 00B684A3;
B1B : 00B68423;
B1C : 00B683A3;
B1D : 00B68323;
B1E : 00B682A3;
B1F : 00B68223;
B20 : 00B681A3;
B21 : 00B68123;
B22 : 00B680A3;
B23 : 00B68023;
B24 : 00008067;
B25 : 00357793;
B26 : 00050713;
B27 : 04079C63;
B28 : 7F7F86B7;
B29 : F7F68693;
B2A : FFF00593;
B2B : 00072603;
B2C : 00470713;
B2D : 00D677B3;
B2E : 00D787B3;
B2F : 00C7E7B3;
B30 : 00D7E7B3;
B31 : FEB784E3;
B32 : FFC74683;
B33 : 40A707B3;
B34 : 04068463;
B35 : FFD74683;
B36 : 02068C63;
B37 : FFE74503;
B38 : 00A03533;
B39 : 00F50533;
B3A : FFE50513;
B3B : 00008067;
B3C : FA0688E3;
B3D : 00074783;
B3E : 00170713;
B3F : 00377693;
B40 : FE0798E3;
B41 : 40A70733;
B42 : FFF70513;
B43 : 00008067;
B44 : FFD78513;
B45 : 00008067;
B46 : FFC78513;
B47 : 00008067;
B48 : FE010113;
B49 : 01212823;
B4A : 00014937;
B4B : 00812C23;
B4C : 00912A23;
B4D : 01312623;
B4E : 00058413;
B4F : 00112E23;
B50 : 00050993;
B51 : E8890913;
B52 : 45D000EF;
B53 : 00892783;
B54 : 00001737;
B55 : 0047A483;
B56 : FFC4F493;
B57 : 7F048793;
B58 : 7FF78793;
B59 : 40878433;
B5A : 00C45413;
B5B : FFF40413;
B5C : 00C41413;
B5D : 00E44E63;
B5E : 00000593;
B5F : 00098513;
B60 : 12C050EF;
B61 : 00892783;
B62 : 009787B3;
B63 : 02F50663;
B64 : 00098513;
B65 : 415000EF;
B66 : 01C12083;
B67 : 01812403;
B68 : 01412483;
B69 : 01012903;
B6A : 00C12983;
B6B : 00000513;
B6C : 02010113;
B6D : 00008067;
B6E : 408005B3;
B6F : 00098513;
B70 : 0EC050EF;
B71 : FFF00793;
B72 : 04F50463;
B73 : 00892683;
B74 : 0001A783;
B75 : 408484B3;
B76 : 0014E493;
B77 : 00098513;
B78 : 408787B3;
B79 : 0096A223;
B7A : 00F1A023;
B7B : 3BD000EF;
B7C : 01C12083;
B7D : 01812403;
B7E : 01412483;
B7F : 01012903;
B80 : 00C12983;
B81 : 00100513;
B82 : 02010113;
B83 : 00008067;
B84 : 00000593;
B85 : 00098513;
B86 : 094050EF;
B87 : 00892703;
B88 : 00F00693;
B89 : 40E507B3;
B8A : F6F6D4E3;
B8B : FF81A603;
B8C : 0017E793;
B8D : 40C50533;
B8E : 00F72223;
B8F : 00A1A023;
B90 : F51FF06F;
B91 : 12058463;
B92 : FE010113;
B93 : 00812C23;
B94 : 00B12623;
B95 : 00050413;
B96 : 00112E23;
B97 : 349000EF;
B98 : 00C12583;
B99 : 00014837;
B9A : E8880813;
B9B : FFC5A503;
B9C : FF858713;
B9D : 00882883;
B9E : FFE57793;
B9F : 00F70633;
BA0 : 00462683;
BA1 : 00157313;
BA2 : FFC6F693;
BA3 : 18C88863;
BA4 : 00D62223;
BA5 : 00D608B3;
BA6 : 0048A883;
BA7 : 0018F893;
BA8 : 08031A63;
BA9 : FF85A303;
BAA : 000145B7;
BAB : E9058593;
BAC : 40670733;
BAD : 00872503;
BAE : 006787B3;
BAF : 12B50A63;
BB0 : 00C72303;
BB1 : 00652623;
BB2 : 00A32423;
BB3 : 18088C63;
BB4 : 0017E693;
BB5 : 00D72223;
BB6 : 00F62023;
BB7 : 1FF00693;
BB8 : 0AF6E263;
BB9 : FF87F693;
BBA : 00868693;
BBB : 00482583;
BBC : 00D806B3;
BBD : 0006A603;
BBE : 0057D513;
BBF : 00100793;
BC0 : 00A797B3;
BC1 : 00B7E7B3;
BC2 : FF868593;
BC3 : 00C72423;
BC4 : 00B72623;
BC5 : 00F82223;
BC6 : 00E6A023;
BC7 : 00E62623;
BC8 : 00040513;
BC9 : 01812403;
BCA : 01C12083;
BCB : 02010113;
BCC : 2790006F;
BCD : 02089E63;
BCE : 000145B7;
BCF : 00D787B3;
BD0 : E9058593;
BD1 : 00862683;
BD2 : 0017E893;
BD3 : 00F70533;
BD4 : 16B68063;
BD5 : 00C62603;
BD6 : 00C6A623;
BD7 : 00D62423;
BD8 : 01172223;
BD9 : 00F52023;
BDA : F75FF06F;
BDB : 00008067;
BDC : 00156513;
BDD : FEA5AE23;
BDE : 00F62023;
BDF : 1FF00693;
BE0 : F6F6F2E3;
BE1 : 0097D693;
BE2 : 00400613;
BE3 : 0ED66063;
BE4 : 0067D693;
BE5 : 03968593;
BE6 : 00359593;
BE7 : 03868613;
BE8 : 00B805B3;
BE9 : 0005A683;
BEA : FF858593;
BEB : 00D59863;
BEC : 11C0006F;
BED : 0086A683;
BEE : 00D58863;
BEF : 0046A603;
BF0 : FFC67613;
BF1 : FEC7E8E3;
BF2 : 00C6A583;
BF3 : 00B72623;
BF4 : 00D72423;
BF5 : 00040513;
BF6 : 01812403;
BF7 : 01C12083;
BF8 : 00E5A423;
BF9 : 00E6A623;
BFA : 02010113;
BFB : 1BD0006F;
BFC : 0A089063;
BFD : 00C62583;
BFE : 00862603;
BFF : 00F686B3;
C00 : 0016E793;
C01 : 00B62623;
C02 : 00C5A423;
C03 : 00F72223;
C04 : 00D70733;
C05 : 00D72023;
C06 : F09FF06F;
C07 : 00D786B3;
C08 : 02031063;
C09 : FF85A783;
C0A : 40F70733;
C0B : 00872603;
C0C : 00F686B3;
C0D : 00C72783;
C0E : 00F62623;
C0F : 00C7A423;
C10 : 0016E613;
C11 : FFC1A783;
C12 : 00C72223;
C13 : 00E82423;
C14 : ECF6E8E3;
C15 : 1841A583;
C16 : 00040513;
C17 : CC5FF0EF;
C18 : EC1FF06F;
C19 : 00D787B3;
C1A : EDDFF06F;
C1B : 01400613;
C1C : 02D67863;
C1D : 05400613;
C1E : 06D66863;
C1F : 00C7D693;
C20 : 06F68593;
C21 : 00359593;
C22 : 06E68613;
C23 : F15FF06F;
C24 : 0017E693;
C25 : 00D72223;
C26 : 00F62023;
C27 : E85FF06F;
C28 : 05C68593;
C29 : 00359593;
C2A : 05B68613;
C2B : EF5FF06F;
C2C : 00E82A23;
C2D : 00E82823;
C2E : 00B72623;
C2F : 00B72423;
C30 : 01172223;
C31 : 00F52023;
C32 : E59FF06F;
C33 : 00482503;
C34 : 40265613;
C35 : 00100793;
C36 : 00C797B3;
C37 : 00A7E7B3;
C38 : 00F82223;
C39 : EE9FF06F;
C3A : 15400613;
C3B : 00D66C63;
C3C : 00F7D693;
C3D : 07868593;
C3E : 00359593;
C3F : 07768613;
C40 : EA1FF06F;
C41 : 55400513;
C42 : 3F800593;
C43 : 07E00613;
C44 : E8D568E3;
C45 : 0127D693;
C46 : 07D68593;
C47 : 00359593;
C48 : 07C68613;
C49 : E7DFF06F;
C4A : FC010113;
C4B : 02812C23;
C4C : 02112E23;
C4D : 00B58793;
C4E : 01600713;
C4F : 00050413;
C50 : 08F76E63;
C51 : 01000693;
C52 : 06B6EC63;
C53 : 059000EF;
C54 : 01000693;
C55 : 01800713;
C56 : 00200893;
C57 : 00014837;
C58 : E8880813;
C59 : 00E80733;
C5A : 00472783;
C5B : FF870613;
C5C : 46C78E63;
C5D : 0047A703;
C5E : 00C7A603;
C5F : 0087A583;
C60 : FFC77713;
C61 : 00E78733;
C62 : 00472683;
C63 : 00C5A623;
C64 : 00F12623;
C65 : 00B62423;
C66 : 0016E693;
C67 : 00040513;
C68 : 00D72223;
C69 : 005000EF;
C6A : 00C12783;
C6B : 03C12083;
C6C : 03812403;
C6D : 00878513;
C6E : 04010113;
C6F : 00008067;
C70 : 00C00793;
C71 : 00F42023;
C72 : 00000513;
C73 : 03C12083;
C74 : 03812403;
C75 : 04010113;
C76 : 00008067;
C77 : FF87F693;
C78 : 00B6B5B3;
C79 : 01F7D793;
C7A : 00F5E5B3;
C7B : FC059AE3;
C7C : 00D12623;
C7D : 7B0000EF;
C7E : 00C12683;
C7F : 1F700793;
C80 : 4ED7F463;
C81 : 0096D893;
C82 : 16088C63;
C83 : 00400793;
C84 : 4517E663;
C85 : 0066D893;
C86 : 03988E13;
C87 : 003E1513;
C88 : 03888893;
C89 : 00014837;
C8A : E8880813;
C8B : 00A80533;
C8C : 00452783;
C8D : FF850513;
C8E : 36F50663;
C8F : 00F00313;
C90 : 0140006F;
C91 : 00C7A583;
C92 : 36065263;
C93 : 34B50C63;
C94 : 00058793;
C95 : 0047A703;
C96 : FFC77713;
C97 : 40D70633;
C98 : FEC352E3;
C99 : 01082783;
C9A : 00014E37;
C9B : E90E0E13;
C9C : 33C78663;
C9D : 0047A503;
C9E : 00F00613;
C9F : FFC57513;
CA0 : 40D50733;
CA1 : 48E64C63;
CA2 : 01C82A23;
CA3 : 01C82823;
CA4 : 46075263;
CA5 : 1FF00713;
CA6 : 00482303;
CA7 : 36A76063;
CA8 : FF857713;
CA9 : 00870713;
CAA : 00E80733;
CAB : 00072583;
CAC : 00555513;
CAD : 00100613;
CAE : 00A61633;
CAF : 00C36333;
CB0 : FF870613;
CB1 : 00B7A423;
CB2 : 00C7A623;
CB3 : 00682223;
CB4 : 00F72023;
CB5 : 00F5A623;
CB6 : 4028D793;
CB7 : 00100513;
CB8 : 00F51533;
CB9 : 0AA36663;
CBA : 006577B3;
CBB : 02079463;
CBC : 00151513;
CBD : FFC8F893;
CBE : 006577B3;
CBF : 00488893;
CC0 : 00079A63;
CC1 : 00151513;
CC2 : 006577B3;
CC3 : 00488893;
CC4 : FE078AE3;
CC5 : 00F00E93;
CC6 : 00389F13;
CC7 : 01E80F33;
CC8 : 000F0313;
CC9 : 00C32703;
CCA : 00088F93;
CCB : 34E30A63;
CCC : 00472603;
CCD : 00070793;
CCE : 00C72703;
CCF : FFC67613;
CD0 : 40D605B3;
CD1 : 34BECA63;
CD2 : FE05C2E3;
CD3 : 00C78633;
CD4 : 00462683;
CD5 : 0087A583;
CD6 : 00040513;
CD7 : 0016E693;
CD8 : 00D62223;
CD9 : 00E5A623;
CDA : 00B72423;
CDB : 00F12623;
CDC : 638000EF;
CDD : 00C12783;
CDE : 00878513;
CDF : E51FF06F;
CE0 : 20000513;
CE1 : 04000E13;
CE2 : 03F00893;
CE3 : E99FF06F;
CE4 : 00882783;
CE5 : 0047A703;
CE6 : FFC77893;
CE7 : 40D88733;
CE8 : 01072593;
CE9 : 00D8B633;
CEA : 00B66633;
CEB : 1A060A63;
CEC : 1841A603;
CED : FF81A583;
CEE : FFF00713;
CEF : 00C68633;
CF0 : 44E58263;
CF1 : 00001737;
CF2 : 00F70713;
CF3 : 00E60633;
CF4 : FFFFF737;
CF5 : 00E67633;
CF6 : 00060593;
CF7 : 00040513;
CF8 : 01012823;
CF9 : 00D12623;
CFA : 00F12E23;
CFB : 01112C23;
CFC : 00C12A23;
CFD : 2B9040EF;
CFE : FFF00593;
CFF : 00C12683;
D00 : 01012803;
D01 : 00050713;
D02 : 12B50C63;
D03 : 01812883;
D04 : 01C12783;
D05 : 01412603;
D06 : 01178533;
D07 : 34A76C63;
D08 : 00018E13;
D09 : 000E2583;
D0A : 00B605B3;
D0B : 00BE2023;
D0C : 48E50E63;
D0D : FF81AF03;
D0E : FFF00E93;
D0F : 4BDF0663;
D10 : 40A70533;
D11 : 00B505B3;
D12 : 00BE2023;
D13 : 00777313;
D14 : 3C030A63;
D15 : FF877713;
D16 : 000015B7;
D17 : 00870713;
D18 : 00858593;
D19 : 00C70633;
D1A : 406585B3;
D1B : 40C585B3;
D1C : 01459593;
D1D : 0145D593;
D1E : 00040513;
D1F : 03012423;
D20 : 03C12223;
D21 : 02D12023;
D22 : 00F12E23;
D23 : 01112C23;
D24 : 00E12A23;
D25 : 00612823;
D26 : 00C12623;
D27 : 02B12623;
D28 : 20D040EF;
D29 : FFF00E93;
D2A : 00C12603;
D2B : 01012303;
D2C : 01412703;
D2D : 01812883;
D2E : 01C12783;
D2F : 02012683;
D30 : 02412E03;
D31 : 02812803;
D32 : 49D50663;
D33 : 02C12583;
D34 : 40E50533;
D35 : 00B50633;
D36 : 000E2503;
D37 : 00E82423;
D38 : 00166613;
D39 : 00A585B3;
D3A : 00C72223;
D3B : 00BE2023;
D3C : 03078C63;
D3D : 00F00513;
D3E : 2F157C63;
D3F : 0047A603;
D40 : FF488713;
D41 : FF877713;
D42 : 00167613;
D43 : 00E66633;
D44 : 00C7A223;
D45 : 00500893;
D46 : 00E78633;
D47 : 01162223;
D48 : 01162423;
D49 : 40E56263;
D4A : 1801A703;
D4B : 00B77463;
D4C : 18B1A023;
D4D : 17C1A703;
D4E : 00B77463;
D4F : 16B1AE23;
D50 : 00882783;
D51 : 0047A603;
D52 : FFC67613;
D53 : 40D60733;
D54 : 01072593;
D55 : 00D63633;
D56 : 00B66633;
D57 : 28061E63;
D58 : 0016E613;
D59 : 00C7A223;
D5A : 00D786B3;
D5B : 00F12623;
D5C : 00176713;
D5D : 00D82423;
D5E : 00040513;
D5F : 00E6A223;
D60 : 428000EF;
D61 : 00C12783;
D62 : 03C12083;
D63 : 03812403;
D64 : 00878513;
D65 : 04010113;
D66 : 00008067;
D67 : 00482303;
D68 : D39FF06F;
D69 : 000E0893;
D6A : CBDFF06F;
D6B : 0087A603;
D6C : 00E78733;
D6D : 00472683;
D6E : 00B62623;
D6F : 00F12623;
D70 : 0016E693;
D71 : 00C5A423;
D72 : 00040513;
D73 : 00D72223;
D74 : 3D8000EF;
D75 : 00C12783;
D76 : 03C12083;
D77 : 03812403;
D78 : 00878513;
D79 : 04010113;
D7A : 00008067;
D7B : 00C72783;
D7C : 00288893;
D7D : C6F708E3;
D7E : B7DFF06F;
D7F : 00955713;
D80 : 00400613;
D81 : 14E67E63;
D82 : 01400613;
D83 : 28E66463;
D84 : 05C70593;
D85 : 00359593;
D86 : 05B70613;
D87 : 00B805B3;
D88 : 0005A703;
D89 : FF858593;
D8A : 00E59863;
D8B : 1E00006F;
D8C : 00872703;
D8D : 00E58863;
D8E : 00472603;
D8F : FFC67613;
D90 : FEC568E3;
D91 : 00C72583;
D92 : 00B7A623;
D93 : 00E7A423;
D94 : 00F5A423;
D95 : 00F72623;
D96 : C81FF06F;
D97 : 01400793;
D98 : 1317F663;
D99 : 05400793;
D9A : 2517E463;
D9B : 00C6D893;
D9C : 06F88E13;
D9D : 003E1513;
D9E : 06E88893;
D9F : BA9FF06F;
DA0 : 001F8F93;
DA1 : 003FF793;
DA2 : 00830313;
DA3 : 10078E63;
DA4 : 00C32703;
DA5 : C99FF06F;
DA6 : 0087A503;
DA7 : 0016E893;
DA8 : 0117A223;
DA9 : 00E52623;
DAA : 00A72423;
DAB : 00D786B3;
DAC : 00D82A23;
DAD : 00D82823;
DAE : 0015E713;
DAF : 00C78633;
DB0 : 01C6A623;
DB1 : 01C6A423;
DB2 : 00E6A223;
DB3 : 00040513;
DB4 : 00B62023;
DB5 : 00F12623;
DB6 : 2D0000EF;
DB7 : 00C12783;
DB8 : 00878513;
DB9 : AE9FF06F;
DBA : 0036D893;
DBB : 00868713;
DBC : A6DFF06F;
DBD : 00A786B3;
DBE : 0046A703;
DBF : 00F12623;
DC0 : 00040513;
DC1 : 00176713;
DC2 : 00E6A223;
DC3 : 29C000EF;
DC4 : 00C12783;
DC5 : 00878513;
DC6 : AB5FF06F;
DC7 : 0016E613;
DC8 : 00C7A223;
DC9 : 00D786B3;
DCA : 00D82A23;
DCB : 00D82823;
DCC : 00176593;
DCD : 00A78633;
DCE : 01C6A623;
DCF : 01C6A423;
DD0 : 00B6A223;
DD1 : 00040513;
DD2 : 00E62023;
DD3 : 00F12623;
DD4 : 258000EF;
DD5 : 00C12783;
DD6 : 00878513;
DD7 : A71FF06F;
DD8 : 00655713;
DD9 : 03970593;
DDA : 00359593;
DDB : 03870613;
DDC : EADFF06F;
DDD : DD0796E3;
DDE : 00018E13;
DDF : 000E2583;
DE0 : 00B605B3;
DE1 : 00BE2023;
DE2 : CADFF06F;
DE3 : 05C88E13;
DE4 : 003E1513;
DE5 : 05B88893;
DE6 : A8DFF06F;
DE7 : 008F2783;
DE8 : FFF88893;
DE9 : 1FE79C63;
DEA : 0038F793;
DEB : FF8F0F13;
DEC : FE0796E3;
DED : 00482703;
DEE : FFF54793;
DEF : 00E7F7B3;
DF0 : 00F82223;
DF1 : 00151513;
DF2 : BCA7E4E3;
DF3 : BC0502E3;
DF4 : 00F57733;
DF5 : 00071A63;
DF6 : 00151513;
DF7 : 00F57733;
DF8 : 004F8F93;
DF9 : FE070AE3;
DFA : 000F8893;
DFB : B2DFF06F;
DFC : 00100793;
DFD : 00F72223;
DFE : 00040513;
DFF : 1AC000EF;
E00 : 9C9FF06F;
E01 : 01060613;
E02 : BD1FF06F;
E03 : 40265613;
E04 : 00100513;
E05 : 00C51633;
E06 : 00C36333;
E07 : 00682223;
E08 : E29FF06F;
E09 : 00C705B3;
E0A : 40B005B3;
E0B : 01459593;
E0C : 0145D593;
E0D : 00040513;
E0E : 03012223;
E0F : 03C12023;
E10 : 00D12E23;
E11 : 00F12C23;
E12 : 01112A23;
E13 : 00C12823;
E14 : 00E12623;
E15 : 02B12423;
E16 : 654040EF;
E17 : FFF00313;
E18 : 00C12703;
E19 : 01012603;
E1A : 01412883;
E1B : 01812783;
E1C : 01C12683;
E1D : 02012E03;
E1E : 02412803;
E1F : 00000593;
E20 : C4650CE3;
E21 : 02812583;
E22 : 40E50533;
E23 : 00B50633;
E24 : C49FF06F;
E25 : 05400613;
E26 : 04E66C63;
E27 : 00C55713;
E28 : 06F70593;
E29 : 00359593;
E2A : 06E70613;
E2B : D71FF06F;
E2C : 15400793;
E2D : 0517EC63;
E2E : 00F6D893;
E2F : 07888E13;
E30 : 003E1513;
E31 : 07788893;
E32 : 95DFF06F;
E33 : 01451E93;
E34 : B60E92E3;
E35 : 00882703;
E36 : 00C887B3;
E37 : 0017E793;
E38 : 00F72223;
E39 : C45FF06F;
E3A : FEE1AC23;
E3B : B61FF06F;
E3C : 15400613;
E3D : 06E66A63;
E3E : 00F55713;
E3F : 07870593;
E40 : 00359593;
E41 : 07770613;
E42 : D15FF06F;
E43 : 55400793;
E44 : 0717EE63;
E45 : 0126D893;
E46 : 07D88E13;
E47 : 003E1513;
E48 : 07C88893;
E49 : 901FF06F;
E4A : 00878593;
E4B : 00040513;
E4C : 01012A23;
E4D : 01C12823;
E4E : 00D12623;
E4F : D08FF0EF;
E50 : 01012E03;
E51 : 01412803;
E52 : 00C12683;
E53 : 000E2583;
E54 : BD9FF06F;
E55 : FF830313;
E56 : 00660633;
E57 : 40E60633;
E58 : 00000593;
E59 : B75FF06F;
E5A : 55400E93;
E5B : 3F800593;
E5C : 07E00613;
E5D : CAEEE4E3;
E5E : 01255713;
E5F : 07D70593;
E60 : 00359593;
E61 : 07C70613;
E62 : C95FF06F;
E63 : 3F800513;
E64 : 07F00E13;
E65 : 07E00893;
E66 : 88DFF06F;
E67 : 00482783;
E68 : E25FF06F;
E69 : 00008067;
E6A : 00008067;
E6B : E3010113;
E6C : 1C112623;
E6D : 1D212023;
E6E : 1B312E23;
E6F : 19B12E23;
E70 : 00D12823;
E71 : 00060D93;
E72 : 00058913;
E73 : 00050993;
E74 : 3A8040EF;
E75 : 00052783;
E76 : 00078513;
E77 : 02F12623;
E78 : AB4FF0EF;
E79 : 02A12423;
E7A : 0C012823;
E7B : 00098863;
E7C : 0349A783;
E7D : 00079463;
E7E : 13C0206F;
E7F : 00C91783;
E80 : 06492703;
E81 : 00002637;
E82 : 01279693;
E83 : 3C06C863;
E84 : FFFFE6B7;
E85 : 00C7E7B3;
E86 : FFF68693;
E87 : 00D77733;
E88 : 00F91623;
E89 : 01079793;
E8A : 4107D793;
E8B : 06E92223;
E8C : 0087F713;
E8D : 2A070E63;
E8E : 01092703;
E8F : 2A070A63;
E90 : 01A7F793;
E91 : 00A00713;
E92 : 2CE78463;
E93 : 000137B7;
E94 : 1B412C23;
E95 : 1B512A23;
E96 : 0EC10A13;
E97 : 00014AB7;
E98 : 6D078793;
E99 : 1C812423;
E9A : 1C912223;
E9B : 1B612823;
E9C : 1B712623;
E9D : 1B812423;
E9E : 1B912223;
E9F : 1BA12023;
EA0 : 0C012623;
EA1 : 0C012423;
EA2 : 0D412223;
EA3 : 000A0413;
EA4 : 00F12C23;
EA5 : 83CA8A93;
EA6 : 00012E23;
EA7 : 02012823;
EA8 : 02012A23;
EA9 : 04012623;
EAA : 02012C23;
EAB : 00012623;
EAC : 01000493;
EAD : 000D8B13;
EAE : 000B4683;
EAF : 000B0B93;
EB0 : FDB68713;
EB1 : 00E03733;
EB2 : 00D037B3;
EB3 : 00E7F7B3;
EB4 : 06078063;
EB5 : 001BC683;
EB6 : 001B8B93;
EB7 : FDB68713;
EB8 : 00E03733;
EB9 : 00D037B3;
EBA : 00E7F7B3;
EBB : FE0794E3;
EBC : 416B8C33;
EBD : 036B8E63;
EBE : 0CC12783;
EBF : 0C812703;
EC0 : 01642023;
EC1 : 018787B3;
EC2 : 00170713;
EC3 : 01842223;
EC4 : 0CF12623;
EC5 : 0CE12423;
EC6 : 00700793;
EC7 : 00840413;
EC8 : 22E7C463;
EC9 : 00C12783;
ECA : 018787B3;
ECB : 00F12623;
ECC : 00069463;
ECD : 1580206F;
ECE : 001BC303;
ECF : 001B8B13;
ED0 : 0A0101A3;
ED1 : FFF00D93;
ED2 : 05A00B93;
ED3 : 00000C13;
ED4 : 00000C93;
ED5 : 001B0B13;
ED6 : FE030793;
ED7 : 04FBE663;
ED8 : 01812703;
ED9 : 00279793;
EDA : 00E787B3;
EDB : 0007A783;
EDC : 00078067;
EDD : FD030793;
EDE : 00000C13;
EDF : 00900693;
EE0 : 002C1713;
EE1 : 000B4303;
EE2 : 01870E33;
EE3 : 001E1E13;
EE4 : 01C78C33;
EE5 : FD030793;
EE6 : 001B0B13;
EE7 : FEF6F2E3;
EE8 : FE030793;
EE9 : FAFBFEE3;
EEA : 000C0E13;
EEB : 000C8E93;
EEC : 00031463;
EED : 0D80206F;
EEE : 00100D13;
EEF : 12610623;
EF0 : 0A0101A3;
EF1 : 000D0B93;
EF2 : 00012A23;
EF3 : 00000D93;
EF4 : 02012223;
EF5 : 02012023;
EF6 : 00000C13;
EF7 : 12C10693;
EF8 : 0CC12783;
EF9 : 084EFC93;
EFA : 00078613;
EFB : 260C82E3;
EFC : 0A314703;
EFD : 06070863;
EFE : 0C812583;
EFF : 00000713;
F00 : 0A310613;
F01 : 00C42023;
F02 : 00178793;
F03 : 00100613;
F04 : 00158593;
F05 : 00C42223;
F06 : 0CF12623;
F07 : 0CB12423;
F08 : 00700613;
F09 : 00840413;
F0A : 78B64A63;
F0B : 02070C63;
F0C : 0C812583;
F0D : 0A410713;
F0E : 00E42023;
F0F : 00278793;
F10 : 00200713;
F11 : 00158593;
F12 : 00E42223;
F13 : 0CF12623;
F14 : 0CB12423;
F15 : 00700713;
F16 : 00840413;
F17 : 00B75463;
F18 : 60C0106F;
F19 : 08000713;
F1A : 00EC9463;
F1B : 3780106F;
F1C : 41AD8DB3;
F1D : 1FB04AE3;
F1E : 100EF713;
F1F : 2E071AE3;
F20 : 0C812703;
F21 : 01A787B3;
F22 : 00D42023;
F23 : 00170713;
F24 : 0CF12623;
F25 : 01A42223;
F26 : 00700693;
F27 : 0CE12423;
F28 : 00E6C8E3;
F29 : 00840413;
F2A : 004EFE93;
F2B : 000E8663;
F2C : 417E0C33;
F2D : 038046E3;
F2E : 017E5463;
F2F : 000B8E13;
F30 : 00C12703;
F31 : 01C70733;
F32 : 00E12623;
F33 : 08079E63;
F34 : 01412783;
F35 : 0C012423;
F36 : 00078863;
F37 : 00078593;
F38 : 00098513;
F39 : 960FF0EF;
F3A : 000A0413;
F3B : DCDFF06F;
F3C : 00090593;
F3D : 00098513;
F3E : 689030EF;
F3F : 0E051463;
F40 : 00C91783;
F41 : 00A00713;
F42 : 01A7F793;
F43 : D4E790E3;
F44 : 00E91783;
F45 : D207CCE3;
F46 : 01012683;
F47 : 000D8613;
F48 : 00090593;
F49 : 00098513;
F4A : 19C030EF;
F4B : 00A12623;
F4C : 0900006F;
F4D : 000B4303;
F4E : E1DFF06F;
F4F : 000B4303;
F50 : 020CEC93;
F51 : E11FF06F;
F52 : 0C410613;
F53 : 00090593;
F54 : 00098513;
F55 : 230030EF;
F56 : 02051A63;
F57 : 000BC683;
F58 : 000A0413;
F59 : DC1FF06F;
F5A : 0C410613;
F5B : 00090593;
F5C : 00098513;
F5D : 210030EF;
F5E : F4050CE3;
F5F : 01412583;
F60 : 00058663;
F61 : 00098513;
F62 : 8BCFF0EF;
F63 : 00C95783;
F64 : 0407F793;
F65 : 00078463;
F66 : 4090206F;
F67 : 1C812403;
F68 : 1C412483;
F69 : 1B812A03;
F6A : 1B412A83;
F6B : 1B012B03;
F6C : 1AC12B83;
F6D : 1A812C03;
F6E : 1A412C83;
F6F : 1A012D03;
F70 : 1CC12083;
F71 : 00C12503;
F72 : 1C012903;
F73 : 1BC12983;
F74 : 19C12D83;
F75 : 1D010113;
F76 : 00008067;
F77 : 01271693;
F78 : C406D8E3;
F79 : FFF00793;
F7A : 00F12623;
F7B : FD5FF06F;
F7C : 008CF793;
F7D : 000C0E13;
F7E : 000C8E93;
F7F : 00078463;
F80 : 0590106F;
F81 : 01012783;
F82 : 09010513;
F83 : 00612A23;
F84 : 00778793;
F85 : FF87F793;
F86 : 0047A603;
F87 : 0007A583;
F88 : 00878793;
F89 : 00F12823;
F8A : 03912223;
F8B : 03812023;
F8C : 5A10E0EF;
F8D : 09012603;
F8E : 09412683;
F8F : 09812703;
F90 : 09C12783;
F91 : 02412E83;
F92 : 02012E03;
F93 : 01412303;
F94 : 0D010513;
F95 : 03D12223;
F96 : 03C12023;
F97 : 00612A23;
F98 : 0CF12E23;
F99 : 0CC12823;
F9A : 0CD12A23;
F9B : 0CE12C23;
F9C : 385040EF;
F9D : 0AA12423;
F9E : 00200793;
F9F : 01412303;
FA0 : 02012E03;
FA1 : 02412E83;
FA2 : 00F51463;
FA3 : 5690106F;
FA4 : 00100793;
FA5 : 00F51463;
FA6 : 6910106F;
FA7 : FDF37B93;
FA8 : 04100793;
FA9 : 00FB8463;
FAA : 6CD0106F;
FAB : F9F30793;
FAC : 00F037B3;
FAD : 40F007B3;
FAE : FE07F793;
FAF : 07878793;
FB0 : 0AF102A3;
FB1 : 03000793;
FB2 : 0AF10223;
FB3 : 06300793;
FB4 : 01B7D463;
FB5 : 5CC0206F;
FB6 : 0DC12783;
FB7 : 0D012703;
FB8 : 0D412603;
FB9 : 0D812583;
FBA : 0007D463;
FBB : 3490206F;
FBC : 02012E23;
FBD : 00012A23;
FBE : 12C10693;
FBF : 09010C13;
FC0 : 002EEE93;
FC1 : 08C12223;
FC2 : 08B12423;
FC3 : 000C0513;
FC4 : 08010593;
FC5 : 0A810613;
FC6 : 04D12423;
FC7 : 05C12223;
FC8 : 04612023;
FC9 : 03D12823;
FCA : 08E12023;
FCB : 08F12623;
FCC : 6B0040EF;
FCD : 09812783;
FCE : 09012603;
FCF : 09412703;
FD0 : 08F12423;
FD1 : 09C12783;
FD2 : 08C12023;
FD3 : 08E12223;
FD4 : 07010613;
FD5 : 3FFC0737;
FD6 : 08010593;
FD7 : 000C0513;
FD8 : 06E12E23;
FD9 : 08F12623;
FDA : 06012823;
FDB : 06012A23;
FDC : 06012C23;
FDD : 6110B0EF;
FDE : 09012F83;
FDF : 09412803;
FE0 : 09812603;
FE1 : 08010593;
FE2 : 000C0513;
FE3 : 03F12223;
FE4 : 03012023;
FE5 : 00C12E23;
FE6 : 08012023;
FE7 : 08012223;
FE8 : 08012423;
FE9 : 08012623;
FEA : 29D0B0EF;
FEB : 09C12D03;
FEC : 01C12603;
FED : 02012803;
FEE : 02412F83;
FEF : 03012E83;
FF0 : 04012303;
FF1 : 04412E03;
FF2 : 04812683;
FF3 : 00051663;
FF4 : 00100713;
FF5 : 0AE12423;
FF6 : 000137B7;
FF7 : 33C78793;
FF8 : 06100713;
FF9 : 00F12E23;
FFA : 00E31863;
FFB : 000137B7;
FFC : 32878793;
FFD : 00F12E23;
FFE : 02812823;
FFF : 05612423;
1000 : 05312823;
1001 : 05212A23;
1002 : 01C12403;
1003 : 02612023;
1004 : 03C12223;
1005 : 04D12023;
1006 : 05D12223;
1007 : 00080B13;
1008 : 000D0C93;
1009 : 000F8993;
100A : 00068913;
100B : 00060B93;
100C : 0400006F;
100D : 08010593;
100E : 000C0513;
100F : 09312823;
1010 : 09612A23;
1011 : 09712C23;
1012 : 09912E23;
1013 : 08012023;
1014 : 08012223;
1015 : 08012423;
1016 : 08012623;
1017 : FFFD8D13;
1018 : 1E50B0EF;
1019 : 00051463;
101A : 3690206F;
101B : 000D0D93;
101C : 400307B7;
101D : 07010613;
101E : 08010593;
101F : 000C0513;
1020 : 06F12E23;
1021 : 09312023;
1022 : 09612223;
1023 : 09712423;
1024 : 09912623;
1025 : 06012823;
1026 : 06012A23;
1027 : 06012C23;
1028 : 4E50B0EF;
1029 : 000C0513;
102A : 0040E0EF;
102B : 00050593;
102C : 00050D13;
102D : 000C0513;
102E : 09012C83;
102F : 09412B83;
1030 : 09812B03;
1031 : 09C12983;
1032 : 0B40E0EF;
1033 : 09812703;
1034 : 09012583;
1035 : 09412603;
1036 : 06E12423;
1037 : 09C12703;
1038 : 06B12023;
1039 : 06C12223;
103A : 07010593;
103B : 06010613;
103C : 08010513;
103D : 07912823;
103E : 07712A23;
103F : 07612C23;
1040 : 07312E23;
1041 : 06E12623;
1042 : 3CD0C0EF;
1043 : 01A40733;
1044 : 00074583;
1045 : 00090F13;
1046 : 00190913;
1047 : 08012983;
1048 : 08412B03;
1049 : 08812B83;
104A : 08C12C83;
104B : FEB90FA3;
104C : F00D92E3;
104D : 02012303;
104E : 02412E03;
104F : 04012683;
1050 : 04412E83;
1051 : 00098F93;
1052 : 000B0813;
1053 : 000B8613;
1054 : 000D0793;
1055 : 3FFE0DB7;
1056 : 000C8D13;
1057 : 08010593;
1058 : 000C0513;
1059 : 04612E23;
105A : 05C12C23;
105B : 03D12223;
105C : 03E12023;
105D : 03012403;
105E : 04812B03;
105F : 02D12823;
1060 : 05012983;
1061 : 00090B93;
1062 : 00078C93;
1063 : 05412903;
1064 : 09F12823;
1065 : 05F12A23;
1066 : 09012A23;
1067 : 05012823;
1068 : 08C12C23;
1069 : 04C12423;
106A : 09A12E23;
106B : 08012023;
106C : 08012223;
106D : 08012423;
106E : 09B12623;
106F : 1690B0EF;
1070 : 02012F03;
1071 : 02412E83;
1072 : 03012683;
1073 : 05812E03;
1074 : 05C12303;
1075 : 04A04063;
1076 : 08010593;
1077 : 000C0513;
1078 : 05D12023;
1079 : 03C12223;
107A : 02612023;
107B : 05E12223;
107C : 0550B0EF;
107D : 02012303;
107E : 02412E03;
107F : 03012683;
1080 : 04012E83;
1081 : 04051E63;
1082 : 001CFC93;
1083 : 04412F03;
1084 : 040C8863;
1085 : 01C12783;
1086 : 0BE12823;
1087 : FFFBC603;
1088 : 00F7C583;
1089 : 000B8793;
108A : 02C59063;
108B : 03000513;
108C : FEA78FA3;
108D : 0B012783;
108E : FFF78713;
108F : 0AE12823;
1090 : FFF7C603;
1091 : FEB606E3;
1092 : 00160593;
1093 : 03900513;
1094 : 0FF5F593;
1095 : 00A61463;
1096 : 2D80206F;
1097 : FEB78FA3;
1098 : 0A812603;
1099 : 00F30793;
109A : 0AF10A23;
109B : 40DB8733;
109C : FFF60793;
109D : 0AF12423;
109E : 00E12E23;
109F : 0007D463;
10A0 : 26C0206F;
10A1 : 02B00713;
10A2 : 0AE10AA3;
10A3 : 00900713;
10A4 : 00F74463;
10A5 : 2740206F;
10A6 : 0C310F93;
10A7 : CCCCDF37;
10A8 : 000F8513;
10A9 : CCDF0F13;
10AA : 06300293;
10AB : 03E7B733;
10AC : 00078813;
10AD : 00050593;
10AE : FFF50513;
10AF : 00375713;
10B0 : 00271613;
10B1 : 00E60633;
10B2 : 00161613;
10B3 : 40C787B3;
10B4 : 03078793;
10B5 : FEF58FA3;
10B6 : 00070793;
10B7 : FD02C8E3;
10B8 : 03070793;
10B9 : FEF50FA3;
10BA : FFE58793;
10BB : 01F7E463;
10BC : 2A50206F;
10BD : 0B610513;
10BE : 00050713;
10BF : 0007C603;
10C0 : 00178793;
10C1 : 00170713;
10C2 : FEC70FA3;
10C3 : FFF798E3;
10C4 : 00A787B3;
10C5 : 00278793;
10C6 : 40B787B3;
10C7 : 0B410713;
10C8 : 40E787B3;
10C9 : 02F12823;
10CA : 01C12703;
10CB : 03012603;
10CC : 00100793;
10CD : 00C70D33;
10CE : 00E7C463;
10CF : 7300206F;
10D0 : 02812783;
10D1 : 00FD0D33;
10D2 : BFFEF793;
10D3 : 1007E793;
10D4 : 04F12023;
10D5 : 03C12783;
10D6 : FFFD4813;
10D7 : 41F85813;
10D8 : 010D7BB3;
10D9 : 002EF613;
10DA : 6A079E63;
10DB : 02012223;
10DC : 02012023;
10DD : 00000C13;
10DE : 0A314503;
10DF : 04012E83;
10E0 : 00000D93;
10E1 : 6A051E63;
10E2 : 84060CE3;
10E3 : 0CC12783;
10E4 : 0C812583;
10E5 : 084EFC93;
10E6 : 002B8B93;
10E7 : 00078613;
10E8 : 00058713;
10E9 : 000C9663;
10EA : 417E0FB3;
10EB : 69F04E63;
10EC : 880502E3;
10ED : 00200713;
10EE : 849FF06F;
10EF : 0C410613;
10F0 : 00090593;
10F1 : 00098513;
10F2 : 05D12823;
10F3 : 04D12423;
10F4 : 04E12223;
10F5 : 05C12023;
10F6 : 02612E23;
10F7 : 3A9020EF;
10F8 : 98051EE3;
10F9 : 0CC12783;
10FA : 05012E83;
10FB : 04812683;
10FC : 04412703;
10FD : 04012E03;
10FE : 03C12303;
10FF : 000A0413;
1100 : 82DFF06F;
1101 : 0C812703;
1102 : 00013637;
1103 : 17460613;
1104 : 00C42023;
1105 : 00178793;
1106 : 00100613;
1107 : 00170713;
1108 : 00C42223;
1109 : 0CF12623;
110A : 0CE12423;
110B : 00700613;
110C : 00840413;
110D : 00E65463;
110E : 1040206F;
110F : 01C12703;
1110 : 00B76733;
1111 : 00071463;
1112 : 5CD0106F;
1113 : 02812603;
1114 : 0C812703;
1115 : 00840413;
1116 : 00F607B3;
1117 : 02C12603;
1118 : 00170713;
1119 : 0CF12623;
111A : FEC42C23;
111B : 02812603;
111C : 0CE12423;
111D : FEC42E23;
111E : 00700613;
111F : 00E65463;
1120 : 5D10106F;
1121 : 0005D463;
1122 : 3740206F;
1123 : 01C12603;
1124 : 00170713;
1125 : 00D42023;
1126 : 00F607B3;
1127 : 0CF12623;
1128 : 0CE12423;
1129 : 00C42223;
112A : 00700693;
112B : FEE6DC63;
112C : 0C410613;
112D : 00090593;
112E : 00098513;
112F : 03D12223;
1130 : 03C12023;
1131 : 2C1020EF;
1132 : 8A051AE3;
1133 : 0CC12783;
1134 : 02012E03;
1135 : 02412E83;
1136 : 000A0413;
1137 : FCCFF06F;
1138 : 01000C93;
1139 : 0C812703;
113A : 000143B7;
113B : 018CC463;
113C : 3940206F;
113D : 03612023;
113E : 00700D13;
113F : 000E0D93;
1140 : 84C38B13;
1141 : 00C0006F;
1142 : FF0C0C13;
1143 : 058CD663;
1144 : 01078793;
1145 : 00170713;
1146 : 01642023;
1147 : 01942223;
1148 : 0CF12623;
1149 : 0CE12423;
114A : 00840413;
114B : FCED5EE3;
114C : 0C410613;
114D : 00090593;
114E : 00098513;
114F : 249020EF;
1150 : 82051EE3;
1151 : FF0C0C13;
1152 : 0CC12783;
1153 : 0C812703;
1154 : 000A0413;
1155 : FB8CCEE3;
1156 : 000B0393;
1157 : 02012B03;
1158 : 000D8E13;
1159 : 018787B3;
115A : 00170713;
115B : 0CF12623;
115C : 0CE12423;
115D : 00742023;
115E : 01842223;
115F : 00700693;
1160 : F2E6DC63;
1161 : 0C410613;
1162 : 00090593;
1163 : 00098513;
1164 : 03C12023;
1165 : 1F1020EF;
1166 : FE051263;
1167 : 0CC12783;
1168 : 02012E03;
1169 : F14FF06F;
116A : 01012783;
116B : 0A0101A3;
116C : 000C0E13;
116D : 0007A683;
116E : 000C8E93;
116F : 00478C13;
1170 : 00069463;
1171 : 2BC0106F;
1172 : 000DD463;
1173 : 3740106F;
1174 : 00068513;
1175 : 000D8613;
1176 : 00000593;
1177 : 03C12223;
1178 : 02612023;
1179 : 00D12823;
117A : 03912E23;
117B : 6C1030EF;
117C : 00A12A23;
117D : 0A314783;
117E : 01012683;
117F : 02012303;
1180 : 02412E03;
1181 : 03C12E83;
1182 : 00051463;
1183 : 18C0206F;
1184 : 40D50D33;
1185 : FFFD4813;
1186 : 41F85813;
1187 : 010D7BB3;
1188 : 00078463;
1189 : 3600106F;
118A : 01812823;
118B : 0CC12783;
118C : 00012A23;
118D : 02012223;
118E : 02012023;
118F : 084EFC93;
1190 : 00000D93;
1191 : 00000C13;
1192 : 00078613;
1193 : DA0C9263;
1194 : 417E0FB3;
1195 : 65F044E3;
1196 : 0A314703;
1197 : D8071E63;
1198 : 41AD8DB3;
1199 : E1B05A63;
119A : 00014FB7;
119B : 0C812603;
119C : 83CF8F93;
119D : 09B4DA63;
119E : 00040713;
119F : 00700C93;
11A0 : 000D8413;
11A1 : 02612E23;
11A2 : 05C12023;
11A3 : 04D12223;
11A4 : 05D12423;
11A5 : 000A8D93;
11A6 : 00C0006F;
11A7 : FF040413;
11A8 : 0484D663;
11A9 : 01078793;
11AA : 00160613;
11AB : 01572023;
11AC : 00972223;
11AD : 0CF12623;
11AE : 0CC12423;
11AF : 00870713;
11B0 : FCCCDEE3;
11B1 : 0C410613;
11B2 : 00090593;
11B3 : 00098513;
11B4 : 0B5020EF;
11B5 : EA051463;
11B6 : FF040413;
11B7 : 0CC12783;
11B8 : 0C812603;
11B9 : 000A0713;
11BA : FA84CEE3;
11BB : 03C12303;
11BC : 04012E03;
11BD : 04412683;
11BE : 04812E83;
11BF : 000D8F93;
11C0 : 00040D93;
11C1 : 00070413;
11C2 : 01B787B3;
11C3 : 00160613;
11C4 : 01F42023;
11C5 : 01B42223;
11C6 : 0CF12623;
11C7 : 0CC12423;
11C8 : 00700713;
11C9 : 00840413;
11CA : D4C75863;
11CB : 0C410613;
11CC : 00090593;
11CD : 00098513;
11CE : 05D12423;
11CF : 04D12223;
11D0 : 05C12023;
11D1 : 02612E23;
11D2 : 03D020EF;
11D3 : E2051863;
11D4 : 04812E83;
11D5 : 0CC12783;
11D6 : 04412683;
11D7 : 100EF713;
11D8 : 04012E03;
11D9 : 03C12303;
11DA : 000A0413;
11DB : D0070A63;
11DC : 06500713;
11DD : 1A6750E3;
11DE : 0D012603;
11DF : 0D412703;
11E0 : 08010593;
11E1 : 08C12823;
11E2 : 08E12A23;
11E3 : 0D812603;
11E4 : 0DC12703;
11E5 : 09010513;
11E6 : 04F12423;
11E7 : 05D12223;
11E8 : 04D12023;
11E9 : 03C12E23;
11EA : 08012023;
11EB : 08012223;
11EC : 08012423;
11ED : 08012623;
11EE : 08C12C23;
11EF : 08E12E23;
11F0 : 2840B0EF;
11F1 : 03C12E03;
11F2 : 04012683;
11F3 : 04412E83;
11F4 : 04812783;
11F5 : 340510E3;
11F6 : 0C812703;
11F7 : 000136B7;
11F8 : 17468693;
11F9 : 00D42023;
11FA : 00178793;
11FB : 00100693;
11FC : 00170713;
11FD : 00D42223;
11FE : 0CF12623;
11FF : 0CE12423;
1200 : 00700693;
1201 : 00840413;
1202 : 00E6D463;
1203 : 3340106F;
1204 : 0A812703;
1205 : 01C12683;
1206 : 58D75AE3;
1207 : 02812683;
1208 : 0C812703;
1209 : 00840413;
120A : 00D787B3;
120B : 02C12683;
120C : 00170713;
120D : 0CF12623;
120E : FED42C23;
120F : 02812683;
1210 : 0CE12423;
1211 : FED42E23;
1212 : 00700693;
1213 : 74E6C8E3;
1214 : 01C12703;
1215 : FFF70C13;
1216 : C5805863;
1217 : 01000C93;
1218 : 0C812703;
1219 : 00014FB7;
121A : 018CC463;
121B : 4BD0106F;
121C : 00040693;
121D : 00700D13;
121E : 000E0D93;
121F : 03D12023;
1220 : 83CF8413;
1221 : 0100006F;
1222 : FF0C0C13;
1223 : 018CC463;
1224 : 32C0106F;
1225 : 01078793;
1226 : 00170713;
1227 : 0086A023;
1228 : 0196A223;
1229 : 0CF12623;
122A : 0CE12423;
122B : 00868693;
122C : FCED5CE3;
122D : 0C410613;
122E : 00090593;
122F : 00098513;
1230 : 6C4020EF;
1231 : CA051C63;
1232 : 0CC12783;
1233 : 0C812703;
1234 : 000A0693;
1235 : FB5FF06F;
1236 : 01012783;
1237 : 000C0E13;
1238 : 000C8E93;
1239 : 0007A783;
123A : 00100D13;
123B : 0A0101A3;
123C : 12F10623;
123D : 01012783;
123E : 00478793;
123F : 00F12823;
1240 : AC4FF06F;
1241 : 020CF793;
1242 : 000C0E13;
1243 : 000C8E93;
1244 : 08079663;
1245 : 01012703;
1246 : 010CF793;
1247 : 00470713;
1248 : 520790E3;
1249 : 01012683;
124A : 040CF793;
124B : 0006AB83;
124C : 00079463;
124D : 3B40106F;
124E : 010B9B93;
124F : 410BDB93;
1250 : 41FBDC13;
1251 : 00E12823;
1252 : 000C0713;
1253 : 06074A63;
1254 : 080DC863;
1255 : 018BE7B3;
1256 : 01B7E7B3;
1257 : F7FEFE93;
1258 : 08079063;
1259 : 0A314803;
125A : 00012A23;
125B : 00000D13;
125C : 01003BB3;
125D : 00000D93;
125E : 02012223;
125F : 02012023;
1260 : 00000C13;
1261 : 19010693;
1262 : A58FF06F;
1263 : 020CF793;
1264 : 000C0E13;
1265 : 010CEE93;
1266 : 4A0780E3;
1267 : 01012783;
1268 : 00778793;
1269 : FF87F793;
126A : 0047A703;
126B : 00878693;
126C : 00D12823;
126D : 0007AB83;
126E : 00070C13;
126F : F8075AE3;
1270 : 017037B3;
1271 : 41800C33;
1272 : 40FC0C33;
1273 : 02D00793;
1274 : 0AF101A3;
1275 : 41700BB3;
1276 : 000DC463;
1277 : F7FEFE93;
1278 : 300C1C63;
1279 : 00900793;
127A : 3177E863;
127B : 030B8B93;
127C : 197107A3;
127D : 000D8B93;
127E : 4DB054E3;
127F : 0A314503;
1280 : 00000613;
1281 : 00012A23;
1282 : 00100D13;
1283 : 02012223;
1284 : 02012023;
1285 : 00000C13;
1286 : 18F10693;
1287 : 960506E3;
1288 : 0200006F;
1289 : 04012E83;
128A : 02D00513;
128B : 0AA101A3;
128C : 00000D93;
128D : 02012223;
128E : 02012023;
128F : 00000C13;
1290 : 001B8B93;
1291 : 945FF06F;
1292 : 00200C93;
1293 : 01000793;
1294 : 00070593;
1295 : 000143B7;
1296 : 01F7C463;
1297 : 5350106F;
1298 : 04D12223;
1299 : 05612823;
129A : 00040693;
129B : 00700713;
129C : 02612E23;
129D : 05C12023;
129E : 000F8413;
129F : 05D12423;
12A0 : 84C38B13;
12A1 : 00C0006F;
12A2 : FF040413;
12A3 : 0487DA63;
12A4 : 01060613;
12A5 : 00158593;
12A6 : 0166A023;
12A7 : 00F6A223;
12A8 : 0CC12623;
12A9 : 0CB12423;
12AA : 00868693;
12AB : FCB75EE3;
12AC : 0C410613;
12AD : 00090593;
12AE : 00098513;
12AF : 4C8020EF;
12B0 : AA051E63;
12B1 : 01000793;
12B2 : FF040413;
12B3 : 0CC12603;
12B4 : 0C812583;
12B5 : 000A0693;
12B6 : 00700713;
12B7 : FA87CAE3;
12B8 : 00040F93;
12B9 : 000B0393;
12BA : 00068413;
12BB : 03C12303;
12BC : 04012E03;
12BD : 04412683;
12BE : 04812E83;
12BF : 05012B03;
12C0 : 00CF87B3;
12C1 : 00158593;
12C2 : 0CF12623;
12C3 : 0CB12423;
12C4 : 00742023;
12C5 : 01F42223;
12C6 : 00700713;
12C7 : 76B748E3;
12C8 : 0A314703;
12C9 : 00840413;
12CA : 2A0712E3;
12CB : 940C8263;
12CC : 00000C93;
12CD : 900FF06F;
12CE : 01012783;
12CF : 0007AC03;
12D0 : 260C5EE3;
12D1 : 01012783;
12D2 : 41800C33;
12D3 : 00478793;
12D4 : 00F12823;
12D5 : 000B4303;
12D6 : 004CEC93;
12D7 : FF9FE06F;
12D8 : 000B4303;
12D9 : 06800793;
12DA : 42F302E3;
12DB : 040CEC93;
12DC : FE5FE06F;
12DD : 02B00793;
12DE : 000B4303;
12DF : 0AF101A3;
12E0 : FD5FE06F;
12E1 : 000B4303;
12E2 : 080CEC93;
12E3 : FC9FE06F;
12E4 : 000B4303;
12E5 : 02A00793;
12E6 : 001B0693;
12E7 : 00F31463;
12E8 : 13C0206F;
12E9 : FD030793;
12EA : 00900613;
12EB : 00000D93;
12EC : 02F66463;
12ED : 002D9713;
12EE : 0006C303;
12EF : 01B70DB3;
12F0 : 001D9D93;
12F1 : 00FD8DB3;
12F2 : FD030793;
12F3 : 00168693;
12F4 : FEF672E3;
12F5 : 3A0DC6E3;
12F6 : 00068B13;
12F7 : F7DFE06F;
12F8 : 00098513;
12F9 : 194030EF;
12FA : 00452783;
12FB : 00078513;
12FC : 02F12C23;
12FD : 8A0FE0EF;
12FE : 00050D13;
12FF : 00098513;
1300 : 05A12623;
1301 : 174030EF;
1302 : 00852703;
1303 : 01A037B3;
1304 : 000B4303;
1305 : 02E12A23;
1306 : 00E03733;
1307 : 00E7F7B3;
1308 : 00079463;
1309 : F31FE06F;
130A : 03412783;
130B : 0007C783;
130C : 00079463;
130D : F21FE06F;
130E : 400CEC93;
130F : F19FE06F;
1310 : 000B4303;
1311 : 001CEC93;
1312 : F0DFE06F;
1313 : 0A314783;
1314 : 000B4303;
1315 : 00078463;
1316 : EFDFE06F;
1317 : 02000793;
1318 : 0AF101A3;
1319 : EF1FE06F;
131A : 020CF793;
131B : 000C0E13;
131C : 010CEE93;
131D : 04079663;
131E : 01012783;
131F : 0A0101A3;
1320 : 00000C13;
1321 : 0007AB83;
1322 : 000DD463;
1323 : 25C0106F;
1324 : 01012703;
1325 : 01BBE7B3;
1326 : F7FEFE93;
1327 : 00470713;
1328 : 00E12823;
1329 : D40790E3;
132A : 00000613;
132B : 3910006F;
132C : 020CF793;
132D : 000C0E13;
132E : 000C8E93;
132F : 12078EE3;
1330 : 01012783;
1331 : 0A0101A3;
1332 : 00778793;
1333 : FF87F793;
1334 : 00878713;
1335 : 00E12823;
1336 : 0007AB83;
1337 : 0047AC03;
1338 : D00DC0E3;
1339 : 018BE7B3;
133A : 01B7E7B3;
133B : F7FEFE93;
133C : FA078CE3;
133D : CE0C08E3;
133E : CCCCDCB7;
133F : CCCCDD37;
1340 : CCDC8C93;
1341 : CCCD0D13;
1342 : 400EF813;
1343 : 00000593;
1344 : 19010613;
1345 : 08C0006F;
1346 : 03412783;
1347 : 0007C783;
1348 : F0178713;
1349 : 40B787B3;
134A : 00E03733;
134B : 0017B793;
134C : 00F777B3;
134D : 640790E3;
134E : 000B8893;
134F : 000C0513;
1350 : 00068613;
1351 : 018B87B3;
1352 : 0177B733;
1353 : 00E787B3;
1354 : 0397B733;
1355 : 00275F13;
1356 : FFC77713;
1357 : 01E70733;
1358 : 40E787B3;
1359 : 40FB87B3;
135A : 00FBB733;
135B : 40EC0733;
135C : 03A78FB3;
135D : 03970733;
135E : 0397BF33;
135F : 01F70733;
1360 : 039787B3;
1361 : 01E70733;
1362 : 01F71F13;
1363 : 00175C13;
1364 : 0017D793;
1365 : 00FF0BB3;
1366 : 00051463;
1367 : 1E50106F;
1368 : 018B87B3;
1369 : 0177B733;
136A : 00E78733;
136B : 03973533;
136C : 00158593;
136D : FFF60693;
136E : 00255893;
136F : FFC57513;
1370 : 01150533;
1371 : 40A70733;
1372 : 40EB8733;
1373 : 00EBB533;
1374 : 40AC0533;
1375 : 039738B3;
1376 : 03950533;
1377 : 03970733;
1378 : 01150533;
1379 : 01F51513;
137A : 00175713;
137B : 00E50733;
137C : 00271513;
137D : 00E50733;
137E : 00171713;
137F : 40EB8733;
1380 : 03070713;
1381 : FEE60FA3;
1382 : F00818E3;
1383 : 000B8893;
1384 : 000C0513;
1385 : 00068613;
1386 : F31FF06F;
1387 : 01012703;
1388 : 020CF793;
1389 : 00470713;
138A : 04079CE3;
138B : 010CF793;
138C : 640792E3;
138D : 040CF793;
138E : 00078463;
138F : 47C0106F;
1390 : 200CFE93;
1391 : 620E88E3;
1392 : 01012783;
1393 : 00C12683;
1394 : 00E12823;
1395 : 0007A783;
1396 : 00D78023;
1397 : C5DFE06F;
1398 : 000B4303;
1399 : 06C00793;
139A : 16F304E3;
139B : 010CEC93;
139C : CE5FE06F;
139D : 000087B7;
139E : 83078793;
139F : 0AF11223;
13A0 : 01012783;
13A1 : 0A0101A3;
13A2 : 000C0E13;
13A3 : 00478693;
13A4 : 00000593;
13A5 : 0007A783;
13A6 : 040DC8E3;
13A7 : F7FCFE93;
13A8 : 01B7E733;
13A9 : 002EEE93;
13AA : 600702E3;
13AB : 00013837;
13AC : 32880813;
13AD : 00200613;
13AE : 07800313;
13AF : 0A314503;
13B0 : 00D12823;
13B1 : 19010693;
13B2 : 00F7F713;
13B3 : 00E80733;
13B4 : 00074703;
13B5 : 0047D793;
13B6 : FFF68693;
13B7 : 00E68023;
13B8 : 01C59713;
13B9 : 00F707B3;
13BA : 0045D593;
13BB : 00B7E733;
13BC : FC071CE3;
13BD : 19010793;
13BE : 40D78D33;
13BF : 000D8B93;
13C0 : 01ADD463;
13C1 : 000D0B93;
13C2 : 00012A23;
13C3 : 02012223;
13C4 : 02012023;
13C5 : 00000C13;
13C6 : C6050863;
13C7 : B25FF06F;
13C8 : 020CF793;
13C9 : 000C0E13;
13CA : 6C079463;
13CB : 01012703;
13CC : 010CF793;
13CD : 00470713;
13CE : 00078463;
13CF : 1510106F;
13D0 : 040CF793;
13D1 : 5C0782E3;
13D2 : 01012783;
13D3 : 000C8813;
13D4 : 00E12823;
13D5 : 0007D783;
13D6 : 00000613;
13D7 : 0300006F;
13D8 : 020CF793;
13D9 : 000C0E13;
13DA : 010CE813;
13DB : 72078C63;
13DC : 01012783;
13DD : 00778713;
13DE : FF877713;
13DF : 00870793;
13E0 : 00F12823;
13E1 : 00472603;
13E2 : 00072783;
13E3 : 0A0101A3;
13E4 : BFF87E93;
13E5 : 300DCE63;
13E6 : 00C7E733;
13E7 : 01B76733;
13E8 : B7F87E93;
13E9 : 30071663;
13EA : 00187B93;
13EB : 540B8863;
13EC : 03000793;
13ED : 18F107A3;
13EE : 000B8D13;
13EF : 00012A23;
13F0 : 00000D93;
13F1 : 02012223;
13F2 : 02012023;
13F3 : 00000C13;
13F4 : 18F10693;
13F5 : C0DFE06F;
13F6 : 000B4303;
13F7 : 008CEC93;
13F8 : B75FE06F;
13F9 : 417E0CB3;
13FA : 01904463;
13FB : C85FE06F;
13FC : 01000293;
13FD : 0C812603;
13FE : 00014FB7;
13FF : 0192C463;
1400 : 1990106F;
1401 : 00040713;
1402 : 00700393;
1403 : 000C8413;
1404 : 02612E23;
1405 : 000B0C93;
1406 : 05C12023;
1407 : 04D12223;
1408 : 05D12423;
1409 : 83CF8B13;
140A : 00C0006F;
140B : FF040413;
140C : 0482DC63;
140D : 01078793;
140E : 00160613;
140F : 01672023;
1410 : 00572223;
1411 : 0CF12623;
1412 : 0CC12423;
1413 : 00870713;
1414 : FCC3DEE3;
1415 : 0C410613;
1416 : 00090593;
1417 : 00098513;
1418 : 725010EF;
1419 : 00050463;
141A : D15FE06F;
141B : 01000293;
141C : FF040413;
141D : 0CC12783;
141E : 0C812603;
141F : 000A0713;
1420 : 00700393;
1421 : FA82C8E3;
1422 : 03C12303;
1423 : 04012E03;
1424 : 04412683;
1425 : 04812E83;
1426 : 000B0F93;
1427 : 000C8B13;
1428 : 00040C93;
1429 : 00070413;
142A : 019787B3;
142B : 00160613;
142C : 01F42023;
142D : 01942223;
142E : 0CF12623;
142F : 0CC12423;
1430 : 00700713;
1431 : 00840413;
1432 : 00C74463;
1433 : BA5FE06F;
1434 : 0C410613;
1435 : 00090593;
1436 : 00098513;
1437 : 05D12423;
1438 : 04D12223;
1439 : 05C12023;
143A : 02612E23;
143B : 699010EF;
143C : 00050463;
143D : C89FE06F;
143E : 0CC12783;
143F : 03C12303;
1440 : 04012E03;
1441 : 04412683;
1442 : 04812E83;
1443 : 000A0413;
1444 : B61FE06F;
1445 : 00100713;
1446 : 0C812C03;
1447 : 00E78DB3;
1448 : 01C12783;
1449 : 00EC0C33;
144A : 00840D13;
144B : 36F75C63;
144C : 00100793;
144D : 00F42223;
144E : 00D42023;
144F : 0DB12623;
1450 : 0D812423;
1451 : 00700793;
1452 : 0F87CAE3;
1453 : 02812783;
1454 : 001C0C13;
1455 : 0D812423;
1456 : 00FD8DB3;
1457 : 02C12783;
1458 : 0DB12623;
1459 : 008D0D13;
145A : FEFD2C23;
145B : 02812783;
145C : FEFD2E23;
145D : 00700793;
145E : 0987C2E3;
145F : 0D812783;
1460 : 0D012603;
1461 : 0D412703;
1462 : 08F12C23;
1463 : 0DC12783;
1464 : 08010593;
1465 : 09010513;
1466 : 08F12E23;
1467 : 01C12783;
1468 : 03D12223;
1469 : 03C12023;
146A : 02D12E23;
146B : 08012023;
146C : 08012223;
146D : 08012423;
146E : 08012623;
146F : 08C12823;
1470 : 08E12A23;
1471 : FFF78413;
1472 : 07D0A0EF;
1473 : 02012E03;
1474 : 02412E83;
1475 : 34050463;
1476 : 03C12683;
1477 : 001C0C13;
1478 : 008D8DB3;
1479 : 00168693;
147A : 0D812423;
147B : 0DB12623;
147C : 00DD2023;
147D : 008D2223;
147E : 00700793;
147F : 5587C663;
1480 : 008D0D13;
1481 : 03012783;
1482 : 03012683;
1483 : 0B410713;
1484 : 01B787B3;
1485 : 001C0C13;
1486 : 00ED2023;
1487 : 0CF12623;
1488 : 0D812423;
1489 : 00DD2223;
148A : 00700713;
148B : 008D0413;
148C : 01874463;
148D : A75FE06F;
148E : 0C410613;
148F : 00090593;
1490 : 00098513;
1491 : 03D12223;
1492 : 03C12023;
1493 : 539010EF;
1494 : 00050463;
1495 : B29FE06F;
1496 : 0CC12783;
1497 : 02412E83;
1498 : 02012E03;
1499 : 000A0413;
149A : A41FE06F;
149B : 0C410613;
149C : 00090593;
149D : 00098513;
149E : 05D12423;
149F : 04D12223;
14A0 : 05C12023;
14A1 : 02612E23;
14A2 : 4FD010EF;
14A3 : 00050463;
14A4 : AEDFE06F;
14A5 : 0CC12783;
14A6 : 04812E83;
14A7 : 04412683;
14A8 : 04012E03;
14A9 : 03C12303;
14AA : 000A0413;
14AB : 9B9FE06F;
14AC : 19010693;
14AD : 01D61593;
14AE : 0077F713;
14AF : 0037D793;
14B0 : 00068513;
14B1 : 00F587B3;
14B2 : 03070713;
14B3 : 00365613;
14B4 : 00C7E5B3;
14B5 : FEE68FA3;
14B6 : FFF68693;
14B7 : FC059CE3;
14B8 : FD070793;
14B9 : 00F037B3;
14BA : 00FEF7B3;
14BB : 7E079C63;
14BC : 19010793;
14BD : 40D78D33;
14BE : 000D8B93;
14BF : 2DADCE63;
14C0 : 00012A23;
14C1 : 02012223;
14C2 : 02012023;
14C3 : 00000C13;
14C4 : 8D1FE06F;
14C5 : 0A812583;
14C6 : 8EB05663;
14C7 : 01C12703;
14C8 : 000C0D93;
14C9 : 3F874263;
14CA : 03B05663;
14CB : 0C812703;
14CC : 01B787B3;
14CD : 00D42023;
14CE : 00170713;
14CF : 01B42223;
14D0 : 0CF12623;
14D1 : 0CE12423;
14D2 : 00700613;
14D3 : 00840413;
14D4 : 68E644E3;
14D5 : FFFDC713;
14D6 : 41F75713;
14D7 : 00EDFDB3;
14D8 : 41BC0DB3;
14D9 : 55B04863;
14DA : 400EF713;
14DB : 01868D33;
14DC : 3A0710E3;
14DD : 0A812C03;
14DE : 01C12703;
14DF : 00EC4663;
14E0 : 001EF713;
14E1 : 700708E3;
14E2 : 02812603;
14E3 : 0C812703;
14E4 : 00840413;
14E5 : 00C787B3;
14E6 : 02C12603;
14E7 : 00170713;
14E8 : 0CF12623;
14E9 : FEC42C23;
14EA : 02812603;
14EB : 0CE12423;
14EC : FEC42E23;
14ED : 00700613;
14EE : 00E65463;
14EF : 2280106F;
14F0 : 01C12703;
14F1 : 00E686B3;
14F2 : 41A68CB3;
14F3 : 41870C33;
14F4 : 019C5463;
14F5 : 000C0C93;
14F6 : 03905863;
14F7 : 0C812683;
14F8 : 019787B3;
14F9 : 01A42023;
14FA : 00168693;
14FB : 01942223;
14FC : 0CF12623;
14FD : 0CD12423;
14FE : 00700713;
14FF : 00840413;
1500 : 00D75463;
1501 : 3B80106F;
1502 : FFFCC693;
1503 : 41F6D693;
1504 : 00DCF733;
1505 : 40EC0C33;
1506 : 01804463;
1507 : 88DFE06F;
1508 : 01000C93;
1509 : 0C812703;
150A : 00014FB7;
150B : 018CC463;
150C : 0F80106F;
150D : 00040693;
150E : 00700D13;
150F : 000E0D93;
1510 : 03D12023;
1511 : 83CF8413;
1512 : 00C0006F;
1513 : FF0C0C13;
1514 : 778CD663;
1515 : 01078793;
1516 : 00170713;
1517 : 0086A023;
1518 : 0196A223;
1519 : 0CF12623;
151A : 0CE12423;
151B : 00868693;
151C : FCED5EE3;
151D : 0C410613;
151E : 00090593;
151F : 00098513;
1520 : 305010EF;
1521 : 00050463;
1522 : 8F5FE06F;
1523 : 0CC12783;
1524 : 0C812703;
1525 : 000A0693;
1526 : FB5FF06F;
1527 : 0C812703;
1528 : DACFF06F;
1529 : 00EEF7B3;
152A : C80794E3;
152B : 00D42023;
152C : 00E42223;
152D : 0DB12623;
152E : 0D812423;
152F : 00700793;
1530 : D587D2E3;
1531 : 0C410613;
1532 : 00090593;
1533 : 00098513;
1534 : 03D12223;
1535 : 03C12023;
1536 : 2AD010EF;
1537 : 00050463;
1538 : 89DFE06F;
1539 : 0CC12D83;
153A : 0C812C03;
153B : 02412E83;
153C : 02012E03;
153D : 000A0D13;
153E : D0DFF06F;
153F : 00000D13;
1540 : 00000D93;
1541 : 02012223;
1542 : 02012023;
1543 : 00000C13;
1544 : 00012A23;
1545 : 19010693;
1546 : EC8FE06F;
1547 : 01C12703;
1548 : 00100793;
1549 : CEE7D0E3;
154A : 01100793;
154B : 00014FB7;
154C : 00E7C463;
154D : 76C0106F;
154E : 000D8713;
154F : 01000C93;
1550 : 000B0D93;
1551 : 00700793;
1552 : 03C12023;
1553 : 03D12223;
1554 : 83CF8B13;
1555 : 00C0006F;
1556 : FF040413;
1557 : 1A8CDC63;
1558 : 01070713;
1559 : 001C0C13;
155A : 016D2023;
155B : 019D2223;
155C : 0CE12623;
155D : 0D812423;
155E : 008D0D13;
155F : FD87DEE3;
1560 : 0C410613;
1561 : 00090593;
1562 : 00098513;
1563 : 1F9010EF;
1564 : 00050463;
1565 : FE8FE06F;
1566 : 0CC12703;
1567 : 0C812C03;
1568 : 000A0D13;
1569 : 00700793;
156A : FB1FF06F;
156B : 001EF713;
156C : 00071463;
156D : EF4FE06F;
156E : A64FF06F;
156F : 00478793;
1570 : 000B4303;
1571 : 00F12823;
1572 : D8CFE06F;
1573 : 000C8713;
1574 : 00000C93;
1575 : E2CFE06F;
1576 : 000D0B93;
1577 : 00012A23;
1578 : 02012223;
1579 : 02012023;
157A : 00000C13;
157B : DF4FE06F;
157C : 000C8813;
157D : 97DFF06F;
157E : 010CF793;
157F : E6079E63;
1580 : 01012703;
1581 : 040CF793;
1582 : 00470713;
1583 : 38078063;
1584 : 01012783;
1585 : 0A0101A3;
1586 : 00000C13;
1587 : 0007DB83;
1588 : 380DC463;
1589 : 017DE633;
158A : 00E12823;
158B : F7FEFE93;
158C : BA061A63;
158D : 2080006F;
158E : 01012783;
158F : 00478713;
1590 : 01012783;
1591 : 00E12823;
1592 : 0007AB83;
1593 : 41FBDC13;
1594 : 000C0713;
1595 : AF8FF06F;
1596 : 01012783;
1597 : 01012703;
1598 : 0007A783;
1599 : 00470713;
159A : 00E12823;
159B : 0007A603;
159C : 0047A683;
159D : 0087A703;
159E : 00C7A783;
159F : FD4FE06F;
15A0 : 01012783;
15A1 : 00C12683;
15A2 : 00C12603;
15A3 : 0007A783;
15A4 : 41F6D693;
15A5 : 00E12823;
15A6 : 00C7A023;
15A7 : 00D7A223;
15A8 : C18FE06F;
15A9 : 01012783;
15AA : 00478713;
15AB : 01012783;
15AC : 00000613;
15AD : 00E12823;
15AE : 0007A783;
15AF : 8D1FF06F;
15B0 : 0A314503;
15B1 : 00100B93;
15B2 : 00000613;
15B3 : 00012A23;
15B4 : 00100D13;
15B5 : 02012223;
15B6 : 02012023;
15B7 : 00000C13;
15B8 : 18F10693;
15B9 : B38FF06F;
15BA : 00013837;
15BB : 002CEE93;
15BC : 00D12823;
15BD : 32880813;
15BE : 00000513;
15BF : 00200613;
15C0 : 07800313;
15C1 : FC0FF06F;
15C2 : 00070D93;
15C3 : C3B040E3;
15C4 : C45FF06F;
15C5 : 02012E03;
15C6 : 02412E83;
15C7 : 000B0F93;
15C8 : 000D8B13;
15C9 : 00070D93;
15CA : 008D8DB3;
15CB : 001C0C13;
15CC : 0DB12623;
15CD : 0D812423;
15CE : 01FD2023;
15CF : 008D2223;
15D0 : 00700793;
15D1 : AB87DEE3;
15D2 : 0C410613;
15D3 : 00090593;
15D4 : 00098513;
15D5 : 03D12223;
15D6 : 03C12023;
15D7 : 029010EF;
15D8 : 00050463;
15D9 : E18FE06F;
15DA : 0CC12D83;
15DB : 0C812C03;
15DC : 02012E03;
15DD : 02412E83;
15DE : 000A0D13;
15DF : A89FF06F;
15E0 : FFF00D93;
15E1 : 00068B13;
15E2 : BD0FE06F;
15E3 : 001B4303;
15E4 : 200CEC93;
15E5 : 001B0B13;
15E6 : BBCFE06F;
15E7 : 0C410613;
15E8 : 00090593;
15E9 : 00098513;
15EA : 03D12223;
15EB : 03C12023;
15EC : 7D4010EF;
15ED : 00050463;
15EE : DC4FE06F;
15EF : 0CC12783;
15F0 : 02412E83;
15F1 : 02012E03;
15F2 : 000A0413;
15F3 : 884FF06F;
15F4 : 001B4303;
15F5 : 020CEC93;
15F6 : 001B0B13;
15F7 : B78FE06F;
15F8 : 00013837;
15F9 : 000C0E13;
15FA : 000C8E93;
15FB : 33C80813;
15FC : 020EF793;
15FD : 1A078E63;
15FE : 01012783;
15FF : 00778713;
1600 : FF877713;
1601 : 00072783;
1602 : 00472583;
1603 : 00870693;
1604 : 00B7E733;
1605 : 00E03733;
1606 : 00EEF633;
1607 : 1A061E63;
1608 : 0A0101A3;
1609 : 240DCC63;
160A : 00EDE733;
160B : B7FEFE93;
160C : 00000613;
160D : E8071463;
160E : 00D12823;
160F : 0A314503;
1610 : 00012A23;
1611 : 02012223;
1612 : 02012023;
1613 : 00000B93;
1614 : 00000D13;
1615 : 00000D93;
1616 : 00000C13;
1617 : 19010693;
1618 : 00051463;
1619 : B25FE06F;
161A : 9D8FF06F;
161B : 00013837;
161C : 000C0E13;
161D : 000C8E93;
161E : 32880813;
161F : F75FF06F;
1620 : 00600793;
1621 : 000D8B93;
1622 : 15B7E4E3;
1623 : 000136B7;
1624 : 01812823;
1625 : 35068693;
1626 : 00012A23;
1627 : 000B8D13;
1628 : 00000D93;
1629 : 02012223;
162A : 02012023;
162B : 00000C13;
162C : B30FE06F;
162D : 01000313;
162E : 0C812703;
162F : 00014FB7;
1630 : 01B34463;
1631 : 5080106F;
1632 : 02D12E23;
1633 : 00700D13;
1634 : 00040693;
1635 : 000E0C93;
1636 : 000D8413;
1637 : 05D12023;
1638 : 000B0D93;
1639 : 83CF8B13;
163A : 00C0006F;
163B : FF040413;
163C : 068352E3;
163D : 01078793;
163E : 00170713;
163F : 0166A023;
1640 : 0066A223;
1641 : 0CF12623;
1642 : 0CE12423;
1643 : 00868693;
1644 : FCED5EE3;
1645 : 0C410613;
1646 : 00090593;
1647 : 00098513;
1648 : 664010EF;
1649 : 00050463;
164A : C54FE06F;
164B : 0CC12783;
164C : 0C812703;
164D : 000A0693;
164E : 01000313;
164F : FB1FF06F;
1650 : 00068513;
1651 : 03C12023;
1652 : 00612A23;
1653 : 00D12823;
1654 : 03912223;
1655 : B40FD0EF;
1656 : 0A314783;
1657 : FFF54813;
1658 : 41F85813;
1659 : 01012683;
165A : 01412303;
165B : 02012E03;
165C : 02412E83;
165D : 00050D13;
165E : 01057BB3;
165F : 00079463;
1660 : CA9FE06F;
1661 : 001B8B93;
1662 : CA1FE06F;
1663 : 200CF613;
1664 : 0A0101A3;
1665 : 01012783;
1666 : 140608E3;
1667 : 0007CB83;
1668 : 00000C13;
1669 : C80DD0E3;
166A : 00E12823;
166B : 838FF06F;
166C : 01012703;
166D : 010EF793;
166E : 00470693;
166F : 16078063;
1670 : 00072783;
1671 : 00000593;
1672 : 00B7E733;
1673 : 00E03733;
1674 : 00EEF633;
1675 : E40606E3;
1676 : 03000713;
1677 : 0A6102A3;
1678 : 0A0101A3;
1679 : 0AE10223;
167A : 500DC863;
167B : B7FEFE93;
167C : 002EEE93;
167D : 00200613;
167E : CC4FF06F;
167F : 0C410613;
1680 : 00090593;
1681 : 00098513;
1682 : 03D12E23;
1683 : 02D12223;
1684 : 03C12023;
1685 : 570010EF;
1686 : 00050463;
1687 : B60FE06F;
1688 : 0CC12D83;
1689 : 0C812C03;
168A : 03C12E83;
168B : 02412683;
168C : 02012E03;
168D : 000A0D13;
168E : F44FF06F;
168F : 0C410613;
1690 : 00090593;
1691 : 00098513;
1692 : 03D12E23;
1693 : 02D12223;
1694 : 03C12023;
1695 : 530010EF;
1696 : 00050463;
1697 : B20FE06F;
1698 : 0CC12D83;
1699 : 0C812C03;
169A : 03C12E83;
169B : 02412683;
169C : 02012E03;
169D : 000A0D13;
169E : ED4FF06F;
169F : BFFEFE93;
16A0 : 00D12823;
16A1 : 00000513;
16A2 : C3CFF06F;
16A3 : 0C410613;
16A4 : 00090593;
16A5 : 00098513;
16A6 : 05D12423;
16A7 : 04D12223;
16A8 : 05C12023;
16A9 : 02612E23;
16AA : 4DC010EF;
16AB : 00050463;
16AC : ACCFE06F;
16AD : 0A314703;
16AE : 0CC12783;
16AF : 03C12303;
16B0 : 04012E03;
16B1 : 04412683;
16B2 : 04812E83;
16B3 : 1E070863;
16B4 : 000C8713;
16B5 : 0C812583;
16B6 : 00000C93;
16B7 : 000A0413;
16B8 : 920FE06F;
16B9 : FFE50513;
16BA : 03000793;
16BB : 19010713;
16BC : 40A70D33;
16BD : FEF68FA3;
16BE : 000D8B93;
16BF : 01ADD463;
16C0 : 000D0B93;
16C1 : 00050693;
16C2 : 00012A23;
16C3 : 02012223;
16C4 : 02012023;
16C5 : 00000C13;
16C6 : 8C8FE06F;
16C7 : 040EF793;
16C8 : 1A078863;
16C9 : 01012783;
16CA : 00000593;
16CB : 0007D783;
16CC : CE1FF06F;
16CD : 00098513;
16CE : 13D010EF;
16CF : EC1FD06F;
16D0 : 0C410613;
16D1 : 00090593;
16D2 : 00098513;
16D3 : 03D12223;
16D4 : 03C12023;
16D5 : 430010EF;
16D6 : 00050463;
16D7 : A20FE06F;
16D8 : 0CC12783;
16D9 : 02412E83;
16DA : 02012E03;
16DB : 000A0413;
16DC : CA1FE06F;
16DD : 7E0C1C63;
16DE : 00900793;
16DF : 7F77E863;
16E0 : 19010793;
16E1 : 00B12E23;
16E2 : 40D78D33;
16E3 : 000D8B93;
16E4 : 01ADD463;
16E5 : 000D0B93;
16E6 : 0A314503;
16E7 : 00012A23;
16E8 : 02012223;
16E9 : 02012023;
16EA : 00000613;
16EB : 00000C13;
16EC : 00051463;
16ED : FD4FE06F;
16EE : E89FE06F;
16EF : 02012E83;
16F0 : 00040F93;
16F1 : 000D8E13;
16F2 : 00068413;
16F3 : 018787B3;
16F4 : 00170713;
16F5 : 0CF12623;
16F6 : 0CE12423;
16F7 : 01F42023;
16F8 : 01842223;
16F9 : 00700693;
16FA : 00E6C463;
16FB : 8B8FE06F;
16FC : 8C1FE06F;
16FD : 0D012703;
16FE : 0D412783;
16FF : F7FEFE93;
1700 : 08E12823;
1701 : 08F12A23;
1702 : 0D812703;
1703 : 0DC12783;
1704 : 08010593;
1705 : 09010513;
1706 : 03C12223;
1707 : 02612023;
1708 : 01D12A23;
1709 : 08012023;
170A : 08012223;
170B : 08012423;
170C : 08012623;
170D : 08E12C23;
170E : 08F12E23;
170F : 0180A0EF;
1710 : 01412E83;
1711 : 02012303;
1712 : 02412E03;
1713 : 140542E3;
1714 : 04700713;
1715 : 0A314783;
1716 : 70674463;
1717 : 000136B7;
1718 : 31868693;
1719 : 0E079863;
171A : 00300D13;
171B : 000D0B93;
171C : 9BDFE06F;
171D : 01012783;
171E : 00C12683;
171F : 0007A783;
1720 : 00D7A023;
1721 : 00E12823;
1722 : E31FD06F;
1723 : 0CC12783;
1724 : 00079463;
1725 : 8F8FE06F;
1726 : 00098513;
1727 : 0C410613;
1728 : 00090593;
1729 : 2E0010EF;
172A : 8E4FE06F;
172B : 00D12823;
172C : 00200613;
172D : 07800313;
172E : B85FF06F;
172F : 5E0C8A63;
1730 : 0C812583;
1731 : 00000C93;
1732 : 000A0413;
1733 : F69FD06F;
1734 : 200EF793;
1735 : 64078463;
1736 : 01012783;
1737 : 00000593;
1738 : 0007C783;
1739 : B2DFF06F;
173A : 200CF793;
173B : 62078063;
173C : 018B9B93;
173D : 418BDB93;
173E : 41FBDC13;
173F : 00E12823;
1740 : 000C0713;
1741 : C49FE06F;
1742 : 200CF793;
1743 : 5C078263;
1744 : 01012783;
1745 : 000C8813;
1746 : 00E12823;
1747 : 0007C783;
1748 : 00000613;
1749 : A68FF06F;
174A : 0DC12C03;
174B : 800007B7;
174C : F7FEFE93;
174D : 00FC7C33;
174E : 5E0C0A63;
174F : 02D00793;
1750 : 0AF101A3;
1751 : 04700793;
1752 : 5467DCE3;
1753 : 000136B7;
1754 : 32468693;
1755 : 00012A23;
1756 : 00300D13;
1757 : 00000D93;
1758 : 02012223;
1759 : 02012023;
175A : 00000C13;
175B : 00400B93;
175C : E71FD06F;
175D : 100EE713;
175E : FFF00793;
175F : 04E12023;
1760 : 0D012F83;
1761 : 0D412F03;
1762 : 0D812D03;
1763 : 0DC12C83;
1764 : 70FD8063;
1765 : FB9B8713;
1766 : 00173713;
1767 : 001DB793;
1768 : 00E7F7B3;
1769 : 5A0792E3;
176A : 3C0CCEE3;
176B : 02012E23;
176C : 04600793;
176D : 06FB98E3;
176E : 0AC10793;
176F : 0A810713;
1770 : 000D8693;
1771 : 00300613;
1772 : 09010593;
1773 : 0B010813;
1774 : 00098513;
1775 : 05D12223;
1776 : 03C12223;
1777 : 02612023;
1778 : 09F12823;
1779 : 01F12E23;
177A : 09E12A23;
177B : 01E12A23;
177C : 09A12C23;
177D : 09912E23;
177E : 171020EF;
177F : 00054603;
1780 : 03000713;
1781 : 01412F03;
1782 : 01C12F83;
1783 : 02012303;
1784 : 02412E03;
1785 : 04412E83;
1786 : 00050693;
1787 : 01B507B3;
1788 : 60E60EE3;
1789 : 0A812C03;
178A : 09010513;
178B : 08010593;
178C : 03D12223;
178D : 02D12023;
178E : 01C12E23;
178F : 09912E23;
1790 : 00612A23;
1791 : 09F12823;
1792 : 09E12A23;
1793 : 09A12C23;
1794 : 08012023;
1795 : 08012223;
1796 : 08012423;
1797 : 08012623;
1798 : 01878CB3;
1799 : 3E1090EF;
179A : 01C12E03;
179B : 02012683;
179C : 02412E83;
179D : 5A0518E3;
179E : 40DC87B3;
179F : 00F12E23;
17A0 : 001EFD13;
17A1 : 01BD67B3;
17A2 : 02F12023;
17A3 : 67805AE3;
17A4 : 000C0D13;
17A5 : 06600313;
17A6 : 00078863;
17A7 : 02812783;
17A8 : 018D8F33;
17A9 : 00FF0D33;
17AA : 400EF793;
17AB : 02F12023;
17AC : 400790E3;
17AD : 03C12783;
17AE : FFFD4813;
17AF : 41F85813;
17B0 : 010D7BB3;
17B1 : 600784E3;
17B2 : 02D00793;
17B3 : 04012E83;
17B4 : 0AF101A3;
17B5 : 001B8B93;
17B6 : 00000D93;
17B7 : 02012223;
17B8 : 00012A23;
17B9 : CFDFD06F;
17BA : 01012783;
17BB : 00478793;
17BC : 00F12823;
17BD : AF1FE06F;
17BE : BFFEFE93;
17BF : 002EEE93;
17C0 : 00D12823;
17C1 : 00000513;
17C2 : 00200613;
17C3 : FB9FE06F;
17C4 : 02012703;
17C5 : 02412603;
17C6 : 00C76733;
17C7 : 6C070EE3;
17C8 : 01C12603;
17C9 : 05712423;
17CA : 05612823;
17CB : 00C68DB3;
17CC : 000D0B93;
17CD : 00040613;
17CE : 02412D03;
17CF : 04C12403;
17D0 : 03412B03;
17D1 : 00014337;
17D2 : 02012C83;
17D3 : 83C30313;
17D4 : 00700713;
17D5 : 01000C13;
17D6 : 03C12E23;
17D7 : 04D12023;
17D8 : 05D12223;
17D9 : 03212023;
17DA : 0C0D0263;
17DB : FFFD0D13;
17DC : 0C812683;
17DD : 03812583;
17DE : 008787B3;
17DF : 00168693;
17E0 : 00B62023;
17E1 : 00862223;
17E2 : 0CF12623;
17E3 : 0CD12423;
17E4 : 00860613;
17E5 : 14D74E63;
17E6 : 000B4583;
17E7 : 417D8933;
17E8 : 000D8293;
17E9 : 0125D463;
17EA : 00058913;
17EB : 03205663;
17EC : 0C812583;
17ED : 012787B3;
17EE : 0CF12623;
17EF : 00158593;
17F0 : 01762023;
17F1 : 01262223;
17F2 : 0CB12423;
17F3 : 14B74863;
17F4 : 000B4583;
17F5 : 00860613;
17F6 : FFF94513;
17F7 : 41F55513;
17F8 : 00A976B3;
17F9 : 40D58933;
17FA : 05204863;
17FB : 019026B3;
17FC : 00DD66B3;
17FD : 00BB8BB3;
17FE : F60698E3;
17FF : 03612A23;
1800 : 000B8D13;
1801 : 03C12E03;
1802 : 04012683;
1803 : 04412E83;
1804 : 04812B83;
1805 : 05012B03;
1806 : 02012903;
1807 : 00060413;
1808 : B5A2FA63;
1809 : 00028D13;
180A : B4CFF06F;
180B : FFFB0B13;
180C : FFFC8C93;
180D : F3DFF06F;
180E : 00014F37;
180F : 0C812583;
1810 : 83CF0F13;
1811 : 092C5263;
1812 : 02812223;
1813 : 02512A23;
1814 : 00090413;
1815 : 00030913;
1816 : 00C0006F;
1817 : FF040413;
1818 : 048C5C63;
1819 : 01078793;
181A : 00158593;
181B : 00662023;
181C : 01862223;
181D : 0CF12623;
181E : 0CB12423;
181F : 00860613;
1820 : FCB75EE3;
1821 : 02012583;
1822 : 0C410613;
1823 : 00098513;
1824 : 6F5000EF;
1825 : 4E051463;
1826 : 00014737;
1827 : FF040413;
1828 : 83C70313;
1829 : 0CC12783;
182A : 0C812583;
182B : 000A0613;
182C : 00700713;
182D : FA8C48E3;
182E : 00090F13;
182F : 03412283;
1830 : 00040913;
1831 : 02412403;
1832 : 012787B3;
1833 : 00158593;
1834 : 0CF12623;
1835 : 0CB12423;
1836 : 01E62023;
1837 : 01262223;
1838 : 4CB74663;
1839 : 000B4583;
183A : 00860613;
183B : F01FF06F;
183C : 02012583;
183D : 0C410613;
183E : 00098513;
183F : 689000EF;
1840 : 46051E63;
1841 : 00014737;
1842 : 83C70313;
1843 : 0CC12783;
1844 : 000A0613;
1845 : 00700713;
1846 : E81FF06F;
1847 : 02012583;
1848 : 0C410613;
1849 : 00098513;
184A : 02512223;
184B : 659000EF;
184C : 44051663;
184D : 00014737;
184E : 83C70313;
184F : 000B4583;
1850 : 0CC12783;
1851 : 02412283;
1852 : 000A0613;
1853 : 00700713;
1854 : E89FF06F;
1855 : 000B0F93;
1856 : 04012E83;
1857 : 000D8B13;
1858 : 00040D93;
1859 : 00068413;
185A : 03C12683;
185B : 000C8E13;
185C : 01B787B3;
185D : 00170713;
185E : 01F42023;
185F : 01B42223;
1860 : 0CF12623;
1861 : 0CE12423;
1862 : 00700613;
1863 : 00840413;
1864 : 9CE65C63;
1865 : 0C410613;
1866 : 00090593;
1867 : 00098513;
1868 : 05D12223;
1869 : 04D12023;
186A : 03C12E23;
186B : 5D9000EF;
186C : 00050463;
186D : BC9FD06F;
186E : 0CC12783;
186F : 04412E83;
1870 : 04012683;
1871 : 03C12E03;
1872 : 000A0413;
1873 : 99CFF06F;
1874 : 00078B93;
1875 : EB8FF06F;
1876 : 0C410613;
1877 : 00090593;
1878 : 00098513;
1879 : 05D12223;
187A : 04D12023;
187B : 03C12E23;
187C : 595000EF;
187D : 00050463;
187E : B85FD06F;
187F : 0CC12783;
1880 : 04412E83;
1881 : 04012683;
1882 : 03C12E03;
1883 : 000A0413;
1884 : 944FF06F;
1885 : 001EF713;
1886 : 00071463;
1887 : A8DFD06F;
1888 : 02812603;
1889 : 0C812703;
188A : 00F607B3;
188B : 02C12603;
188C : 00170713;
188D : 0CF12623;
188E : 00C42023;
188F : 02812603;
1890 : 0CE12423;
1891 : 00C42223;
1892 : 00700613;
1893 : 32E65E63;
1894 : 0C410613;
1895 : 00090593;
1896 : 00098513;
1897 : 03D12E23;
1898 : 02D12223;
1899 : 03C12023;
189A : 51D000EF;
189B : 00050463;
189C : B0DFD06F;
189D : 0A812583;
189E : 0CC12783;
189F : 0C812703;
18A0 : 03C12E83;
18A1 : 02412683;
18A2 : 02012E03;
18A3 : 000A0413;
18A4 : 9F4FE06F;
18A5 : 01C12703;
18A6 : 00E686B3;
18A7 : 41A68CB3;
18A8 : 41870C33;
18A9 : 979C5263;
18AA : 000C0C93;
18AB : 95CFF06F;
18AC : 000A0413;
18AD : 9BDFD06F;
18AE : 01012783;
18AF : 00C12683;
18B0 : 00E12823;
18B1 : 0007A783;
18B2 : 00D79023;
18B3 : FECFD06F;
18B4 : 01012783;
18B5 : 000C8813;
18B6 : 00E12823;
18B7 : 0007A783;
18B8 : 00000613;
18B9 : CA9FE06F;
18BA : 0007AB83;
18BB : 00000C13;
18BC : EA0DCC63;
18BD : 017DE7B3;
18BE : 00E12823;
18BF : F7FCFE93;
18C0 : 00078463;
18C1 : EE0FE06F;
18C2 : D34FF06F;
18C3 : 41FBDC13;
18C4 : 00E12823;
18C5 : 000C0713;
18C6 : E34FE06F;
18C7 : 01012783;
18C8 : 00000593;
18C9 : 0007A783;
18CA : CE8FF06F;
18CB : 04700713;
18CC : 0A314783;
18CD : 76675063;
18CE : 000136B7;
18CF : 32468693;
18D0 : 2C0792E3;
18D1 : 00300D13;
18D2 : 000D0B93;
18D3 : 00000D93;
18D4 : 02012223;
18D5 : 02012023;
18D6 : 00012A23;
18D7 : 885FD06F;
18D8 : 000136B7;
18D9 : 31C68693;
18DA : 8FDFF06F;
18DB : 04C12783;
18DC : 03812583;
18DD : 03D12E23;
18DE : 40F68733;
18DF : 00078613;
18E0 : 00070513;
18E1 : 03C12223;
18E2 : 02612023;
18E3 : 01012E23;
18E4 : 00E12A23;
18E5 : 14D010EF;
18E6 : 018B87B3;
18E7 : 0177B6B3;
18E8 : CCCCD637;
18E9 : CCD60613;
18EA : 00D787B3;
18EB : 02C7B5B3;
18EC : CCCCD537;
18ED : CCC50513;
18EE : 03412703;
18EF : 01C12803;
18F0 : 02012303;
18F1 : 00174683;
18F2 : 02412E03;
18F3 : 03C12E83;
18F4 : 00D036B3;
18F5 : 0025D893;
18F6 : FFC5F593;
18F7 : 011585B3;
18F8 : 40B787B3;
18F9 : 40FB87B3;
18FA : 00FBB5B3;
18FB : 40BC05B3;
18FC : 02A78533;
18FD : 00D70733;
18FE : 02E12A23;
18FF : 01412703;
1900 : FFF70693;
1901 : 02C585B3;
1902 : 02C7B8B3;
1903 : 00A585B3;
1904 : 02C787B3;
1905 : 011585B3;
1906 : 01F59513;
1907 : 0015DC13;
1908 : 00100593;
1909 : 0017D793;
190A : 00F50BB3;
190B : 018B87B3;
190C : 0177B533;
190D : 00A787B3;
190E : 02C7B533;
190F : 00255893;
1910 : FFC57513;
1911 : 01150533;
1912 : 40A787B3;
1913 : 40FB87B3;
1914 : 00FBB533;
1915 : 40AC0533;
1916 : 02C7B8B3;
1917 : 02C50533;
1918 : 02C787B3;
1919 : 01150633;
191A : 01F61613;
191B : 0017D793;
191C : 00F607B3;
191D : 00279613;
191E : 00F607B3;
191F : 00179793;
1920 : 40FB87B3;
1921 : 03078793;
1922 : FEF70FA3;
1923 : 88DFE06F;
1924 : 4E0CC863;
1925 : 02012E23;
1926 : 00600D93;
1927 : 915FF06F;
1928 : 001D8593;
1929 : 00098513;
192A : 03D12023;
192B : 01C12E23;
192C : 00612A23;
192D : C75FC0EF;
192E : 01412303;
192F : 01C12E03;
1930 : 02012E83;
1931 : 00050693;
1932 : 16050AE3;
1933 : 0DC12783;
1934 : 00A12A23;
1935 : 0D012703;
1936 : 0D412603;
1937 : 0D812583;
1938 : 5407CE63;
1939 : 02012E23;
193A : A15FD06F;
193B : 02D00793;
193C : 0AF10AA3;
193D : FF800713;
193E : 00100793;
193F : 40C787B3;
1940 : 00E65463;
1941 : D95FD06F;
1942 : 0B610713;
1943 : 03078793;
1944 : 00F70023;
1945 : 19010793;
1946 : 40F70733;
1947 : 0DD70793;
1948 : 02F12823;
1949 : E05FD06F;
194A : 83CF8F93;
194B : EA0FF06F;
194C : 01C12703;
194D : 00A74583;
194E : D25FD06F;
194F : 0C410613;
1950 : 00090593;
1951 : 00098513;
1952 : 03D12E23;
1953 : 02D12223;
1954 : 03C12023;
1955 : 231000EF;
1956 : 00050463;
1957 : 821FD06F;
1958 : 0A812583;
1959 : 0CC12783;
195A : 03C12E83;
195B : 02412683;
195C : 02012E03;
195D : 000A0413;
195E : EC5FD06F;
195F : 01412583;
1960 : 02012903;
1961 : FFCFD06F;
1962 : 00840413;
1963 : F01FD06F;
1964 : 02D00793;
1965 : 0AF101A3;
1966 : 04700793;
1967 : 4867C663;
1968 : 000136B7;
1969 : 31868693;
196A : FACFF06F;
196B : 02012583;
196C : 0C410613;
196D : 00098513;
196E : 02512223;
196F : 1C9000EF;
1970 : FA051EE3;
1971 : 00014737;
1972 : 83C70313;
1973 : 000B4583;
1974 : 0CC12783;
1975 : 02412283;
1976 : 000A0613;
1977 : 00700713;
1978 : A0DFF06F;
1979 : 0C410613;
197A : 00090593;
197B : 00098513;
197C : 03D12E23;
197D : 02D12223;
197E : 03C12023;
197F : 189000EF;
1980 : 00050463;
1981 : F78FD06F;
1982 : 0A812C03;
1983 : 0CC12783;
1984 : 03C12E83;
1985 : 02412683;
1986 : 02012E03;
1987 : 000A0413;
1988 : DA1FE06F;
1989 : FBBB8793;
198A : 0017B793;
198B : 01B787B3;
198C : 09010C13;
198D : 00078693;
198E : 00F12E23;
198F : 000C0593;
1990 : 0AC10793;
1991 : 0B010813;
1992 : 0A810713;
1993 : 00200613;
1994 : 00098513;
1995 : 05D12423;
1996 : 05C12223;
1997 : 02612223;
1998 : 09F12823;
1999 : 03F12023;
199A : 09E12A23;
199B : 01E12A23;
199C : 09A12C23;
199D : 09912E23;
199E : 0F0020EF;
199F : 04700793;
19A0 : 01412F03;
19A1 : 02012F83;
19A2 : 02412303;
19A3 : 04412E03;
19A4 : 04812E83;
19A5 : 00050693;
19A6 : 7AFB9A63;
19A7 : 001EF793;
19A8 : 1E079A63;
19A9 : 0B012783;
19AA : 0A812C03;
19AB : 40D787B3;
19AC : 00F12E23;
19AD : 018DADB3;
19AE : FFDC2793;
19AF : 01B7E7B3;
19B0 : FFE30313;
19B1 : 04078C63;
19B2 : FFFC0793;
19B3 : 0A610A23;
19B4 : 0AF12423;
19B5 : 0007CE63;
19B6 : 02B00713;
19B7 : 0AE10AA3;
19B8 : 00900713;
19B9 : 02F75263;
19BA : 00012A23;
19BB : BADFD06F;
19BC : 02D00793;
19BD : 0AF10AA3;
19BE : FF800713;
19BF : 00100793;
19C0 : 418787B3;
19C1 : FEEC42E3;
19C2 : 03000713;
19C3 : 0AE10B23;
19C4 : 00012A23;
19C5 : 0B710713;
19C6 : DF5FF06F;
19C7 : 01C12783;
19C8 : 20FC4663;
19C9 : 001EF793;
19CA : 000C0D13;
19CB : 00078663;
19CC : 02812783;
19CD : 00FC0D33;
19CE : 400EFE93;
19CF : 000E8463;
19D0 : 37804663;
19D1 : 03C12783;
19D2 : FFFD4813;
19D3 : 41F85813;
19D4 : 010D7BB3;
19D5 : 32078463;
19D6 : 02D00793;
19D7 : 04012E83;
19D8 : 0AF101A3;
19D9 : 001B8B93;
19DA : 00012A23;
19DB : 00000D93;
19DC : 02012223;
19DD : 02012023;
19DE : 06700313;
19DF : C64FD06F;
19E0 : 00900793;
19E1 : 0117F463;
19E2 : E18FE06F;
19E3 : BF4FF06F;
19E4 : 84C38393;
19E5 : B6CFE06F;
19E6 : 01812823;
19E7 : 2A078A63;
19E8 : 001D8B93;
19E9 : 000D8D13;
19EA : 02012223;
19EB : 00000D93;
19EC : 02012023;
19ED : 00000C13;
19EE : C28FD06F;
19EF : 0C410613;
19F0 : 00090593;
19F1 : 00098513;
19F2 : 03D12223;
19F3 : 03C12023;
19F4 : 7B4000EF;
19F5 : 00050463;
19F6 : DA4FD06F;
19F7 : 0A812C03;
19F8 : 01C12703;
19F9 : 0CC12783;
19FA : 02412E83;
19FB : 02012E03;
19FC : 000A0413;
19FD : 41870C33;
19FE : C11FE06F;
19FF : FF000613;
1A00 : 40B00C33;
1A01 : 00014FB7;
1A02 : 5EC5D463;
1A03 : 02D12023;
1A04 : 01000C93;
1A05 : 00040693;
1A06 : 00700D13;
1A07 : 000C0413;
1A08 : 000E0D93;
1A09 : 000B0C13;
1A0A : 03D12223;
1A0B : 83CF8B13;
1A0C : 00C0006F;
1A0D : FF040413;
1A0E : 168CDA63;
1A0F : 01078793;
1A10 : 00170713;
1A11 : 0166A023;
1A12 : 0196A223;
1A13 : 0CF12623;
1A14 : 0CE12423;
1A15 : 00868693;
1A16 : FCED5EE3;
1A17 : 0C410613;
1A18 : 00090593;
1A19 : 00098513;
1A1A : 71C000EF;
1A1B : 00050463;
1A1C : D0CFD06F;
1A1D : 0CC12783;
1A1E : 0C812703;
1A1F : 000A0693;
1A20 : FB5FF06F;
1A21 : 84C38393;
1A22 : CDDFD06F;
1A23 : 000C8813;
1A24 : E1DFE06F;
1A25 : 000C0513;
1A26 : 08010593;
1A27 : 05D12223;
1A28 : 02D12223;
1A29 : 03C12023;
1A2A : 00612A23;
1A2B : 09F12823;
1A2C : 09E12A23;
1A2D : 09A12C23;
1A2E : 09912E23;
1A2F : 08012023;
1A30 : 08012223;
1A31 : 08012423;
1A32 : 08012623;
1A33 : 178090EF;
1A34 : 01412303;
1A35 : 02012E03;
1A36 : 02412683;
1A37 : 04412E83;
1A38 : 44050C63;
1A39 : 01C12703;
1A3A : 0B012783;
1A3B : 00E68CB3;
1A3C : 4F97F263;
1A3D : 03000613;
1A3E : 00178713;
1A3F : 0AE12823;
1A40 : 00C78023;
1A41 : 0B012783;
1A42 : FF97E8E3;
1A43 : 40D787B3;
1A44 : 04700713;
1A45 : 00F12E23;
1A46 : 0A812C03;
1A47 : D8EB8CE3;
1A48 : 04600793;
1A49 : D4FB8E63;
1A4A : DA1FF06F;
1A4B : 01C12783;
1A4C : 02812703;
1A4D : 06700313;
1A4E : 00E78D33;
1A4F : D7804663;
1A50 : 418D0F33;
1A51 : 001F0D13;
1A52 : 03C12783;
1A53 : FFFD4813;
1A54 : 41F85813;
1A55 : 010D7BB3;
1A56 : 46078063;
1A57 : 02D00793;
1A58 : 04012E83;
1A59 : 0AF101A3;
1A5A : 001B8B93;
1A5B : 00012A23;
1A5C : 00000D93;
1A5D : 02012223;
1A5E : 02012023;
1A5F : A64FD06F;
1A60 : 00600D93;
1A61 : 800007B7;
1A62 : 00FCCCB3;
1A63 : 02D00793;
1A64 : 02F12E23;
1A65 : C1CFF06F;
1A66 : 83CF8F93;
1A67 : F0CFE06F;
1A68 : FFF00793;
1A69 : 00F12623;
1A6A : BF4FD06F;
1A6B : 000B0F93;
1A6C : 02412E83;
1A6D : 000C0B13;
1A6E : 00040C13;
1A6F : 00068413;
1A70 : 02012683;
1A71 : 000D8E13;
1A72 : 018787B3;
1A73 : 00170713;
1A74 : 0CF12623;
1A75 : 0CE12423;
1A76 : 01F42023;
1A77 : 01842223;
1A78 : 00700613;
1A79 : BAE652E3;
1A7A : 0C410613;
1A7B : 00090593;
1A7C : 00098513;
1A7D : 03D12E23;
1A7E : 02D12223;
1A7F : 03C12023;
1A80 : 584000EF;
1A81 : 00050463;
1A82 : B74FD06F;
1A83 : 0CC12783;
1A84 : 0C812703;
1A85 : 03C12E83;
1A86 : 02412683;
1A87 : 02012E03;
1A88 : 000A0413;
1A89 : A69FD06F;
1A8A : 000136B7;
1A8B : 31C68693;
1A8C : B24FF06F;
1A8D : 00012A23;
1A8E : 12C10693;
1A8F : 80000537;
1A90 : 00A7C7B3;
1A91 : 02D00513;
1A92 : 02A12E23;
1A93 : CB0FD06F;
1A94 : 000D8D13;
1A95 : 000D8B93;
1A96 : 02012223;
1A97 : 00000D93;
1A98 : 02012023;
1A99 : 00000C13;
1A9A : 978FD06F;
1A9B : 00FEF7B3;
1A9C : 00079463;
1A9D : 8D5FD06F;
1A9E : 8C9FD06F;
1A9F : 00000613;
1AA0 : 00012A23;
1AA1 : 06700313;
1AA2 : 02012223;
1AA3 : 02012023;
1AA4 : 8E9FD06F;
1AA5 : 000136B7;
1AA6 : 32068693;
1AA7 : 8A5FF06F;
1AA8 : 000136B7;
1AA9 : 32068693;
1AAA : AACFF06F;
1AAB : 06700313;
1AAC : 03412783;
1AAD : 0FF00713;
1AAE : 0007C783;
1AAF : 32E78463;
1AB0 : 03412603;
1AB1 : 00000513;
1AB2 : 00000593;
1AB3 : 0187DE63;
1AB4 : 40FC0C33;
1AB5 : 00164783;
1AB6 : 06078263;
1AB7 : 00158593;
1AB8 : 00160613;
1AB9 : FEE794E3;
1ABA : 02C12A23;
1ABB : 02B12023;
1ABC : 02A12223;
1ABD : 02012703;
1ABE : 02412783;
1ABF : 00E787B3;
1AC0 : 04C12703;
1AC1 : 02E787B3;
1AC2 : 01A78D33;
1AC3 : 03C12783;
1AC4 : FFFD4813;
1AC5 : 41F85813;
1AC6 : 010D7BB3;
1AC7 : 22078263;
1AC8 : 02D00793;
1AC9 : 04012E83;
1ACA : 0AF101A3;
1ACB : 001B8B93;
1ACC : 00012A23;
1ACD : 00000D93;
1ACE : 8A8FD06F;
1ACF : 00064783;
1AD0 : 00150513;
1AD1 : FA1FF06F;
1AD2 : 02012E23;
1AD3 : 000CDA63;
1AD4 : 800007B7;
1AD5 : 00FCCCB3;
1AD6 : 02D00793;
1AD7 : 02F12E23;
1AD8 : 09010C13;
1AD9 : 0AC10793;
1ADA : 00100693;
1ADB : 000C0593;
1ADC : 0B010813;
1ADD : 0A810713;
1ADE : 00200613;
1ADF : 00098513;
1AE0 : 05D12423;
1AE1 : 05C12223;
1AE2 : 02612223;
1AE3 : 09F12823;
1AE4 : 03F12023;
1AE5 : 09E12A23;
1AE6 : 01E12A23;
1AE7 : 09A12C23;
1AE8 : 09912E23;
1AE9 : 3C5010EF;
1AEA : 00100793;
1AEB : 01412F03;
1AEC : 02012F83;
1AED : 02412303;
1AEE : 04412E03;
1AEF : 04812E83;
1AF0 : 00F12E23;
1AF1 : 00050693;
1AF2 : 00078D93;
1AF3 : AD1FF06F;
1AF4 : 00090B93;
1AF5 : 02012303;
1AF6 : 02412E03;
1AF7 : 03012403;
1AF8 : 04012683;
1AF9 : 04412E83;
1AFA : 04812B03;
1AFB : 05012983;
1AFC : 05412903;
1AFD : 000D0C93;
1AFE : 01BB8DB3;
1AFF : 000B8793;
1B00 : 03000613;
1B01 : 000D5463;
1B02 : E58FD06F;
1B03 : 00178793;
1B04 : FEC78FA3;
1B05 : FFB79CE3;
1B06 : 019B8CB3;
1B07 : 001C8B93;
1B08 : E40FD06F;
1B09 : 0B012783;
1B0A : 01412303;
1B0B : CD97E4E3;
1B0C : 40D787B3;
1B0D : 00F12E23;
1B0E : CE9FF06F;
1B0F : 09010513;
1B10 : 08010593;
1B11 : 05D12223;
1B12 : 02D12223;
1B13 : 01C12E23;
1B14 : 00612A23;
1B15 : 02F12023;
1B16 : 09F12823;
1B17 : 09E12A23;
1B18 : 09A12C23;
1B19 : 09912E23;
1B1A : 08012023;
1B1B : 08012223;
1B1C : 08012423;
1B1D : 08012623;
1B1E : 5CD080EF;
1B1F : 01412303;
1B20 : 01C12E03;
1B21 : 02412683;
1B22 : 04412E83;
1B23 : 00051E63;
1B24 : 0A812C03;
1B25 : 02012783;
1B26 : 01878CB3;
1B27 : 9DCFF06F;
1B28 : 83CF8F93;
1B29 : A85FE06F;
1B2A : 00100C13;
1B2B : 0B012783;
1B2C : 41BC0C33;
1B2D : 0B812423;
1B2E : 00168C93;
1B2F : C397ECE3;
1B30 : 40D787B3;
1B31 : 00F12E23;
1B32 : 9B8FF06F;
1B33 : 00000613;
1B34 : 02012223;
1B35 : 00012A23;
1B36 : EA0FD06F;
1B37 : 01012783;
1B38 : 0007AD83;
1B39 : 00478793;
1B3A : 000DD463;
1B3B : FFF00D93;
1B3C : 001B4303;
1B3D : 00F12823;
1B3E : 00068B13;
1B3F : E59FC06F;
1B40 : 02012783;
1B41 : 04079463;
1B42 : 03C12783;
1B43 : 10078A63;
1B44 : 02D00793;
1B45 : 04012E83;
1B46 : 0AF101A3;
1B47 : 00000D93;
1B48 : 02012223;
1B49 : 00012A23;
1B4A : 00100D13;
1B4B : 06600313;
1B4C : 00200B93;
1B4D : EADFC06F;
1B4E : 0A812C03;
1B4F : 979FF06F;
1B50 : 00000613;
1B51 : 00012A23;
1B52 : E30FD06F;
1B53 : 02812783;
1B54 : 00178F13;
1B55 : 01BF0D33;
1B56 : 03C12783;
1B57 : FFFD4813;
1B58 : 41F85813;
1B59 : 010D7BB3;
1B5A : 02078C63;
1B5B : 02D00793;
1B5C : 04012E83;
1B5D : 0AF101A3;
1B5E : 001B8B93;
1B5F : 00012A23;
1B60 : 00000D93;
1B61 : 02012223;
1B62 : 02012023;
1B63 : 06600313;
1B64 : E51FC06F;
1B65 : 00200793;
1B66 : 02F12823;
1B67 : D8CFD06F;
1B68 : 00000613;
1B69 : 00012A23;
1B6A : 06600313;
1B6B : 02012223;
1B6C : 02012023;
1B6D : DC4FD06F;
1B6E : 00000613;
1B6F : 00012A23;
1B70 : 02012223;
1B71 : 02012023;
1B72 : DB0FD06F;
1B73 : 83CF8F93;
1B74 : BA0FF06F;
1B75 : 40D787B3;
1B76 : 0A812C03;
1B77 : 00F12E23;
1B78 : 8D5FF06F;
1B79 : 02012223;
1B7A : 02012023;
1B7B : D09FF06F;
1B7C : 83CF8F93;
1B7D : BD5FF06F;
1B7E : 01C12703;
1B7F : 00E682B3;
1B80 : A20FF06F;
1B81 : 00000D93;
1B82 : 02012223;
1B83 : 02012023;
1B84 : 00012A23;
1B85 : 00300D13;
1B86 : 00400B93;
1B87 : DC5FC06F;
1B88 : 00100B93;
1B89 : 000B8D13;
1B8A : 00000613;
1B8B : 02012223;
1B8C : 00012A23;
1B8D : 06600313;
1B8E : D40FD06F;
1B8F : 00C95783;
1B90 : 0407E793;
1B91 : 00F91623;
1B92 : F45FC06F;
1B93 : 02A12223;
1B94 : 08010593;
1B95 : 000C0513;
1B96 : 05D12223;
1B97 : 03C12023;
1B98 : 00612A23;
1B99 : 09F12823;
1B9A : 09E12A23;
1B9B : 09A12C23;
1B9C : 09912E23;
1B9D : 08012023;
1B9E : 08012223;
1B9F : 08012423;
1BA0 : 08012623;
1BA1 : 3C1080EF;
1BA2 : 01412303;
1BA3 : 02012E03;
1BA4 : 02412683;
1BA5 : 04412E83;
1BA6 : 02050263;
1BA7 : 01C12703;
1BA8 : 0B012783;
1BA9 : 00E68CB3;
1BAA : A597E6E3;
1BAB : 40D787B3;
1BAC : 0A812C03;
1BAD : 00F12E23;
1BAE : 811FF06F;
1BAF : 0A812C03;
1BB0 : 809FF06F;
1BB1 : 00C5D783;
1BB2 : 0645AE83;
1BB3 : 00E5DE03;
1BB4 : 01C5A303;
1BB5 : 0245A883;
1BB6 : B7010113;
1BB7 : FFD7F793;
1BB8 : 08010813;
1BB9 : 40000713;
1BBA : 48812423;
1BBB : 00058413;
1BBC : 01810593;
1BBD : 48912223;
1BBE : 02F11223;
1BBF : 48112623;
1BC0 : 02012823;
1BC1 : 07D12E23;
1BC2 : 03C11323;
1BC3 : 02612A23;
1BC4 : 03112E23;
1BC5 : 01012C23;
1BC6 : 03012423;
1BC7 : 02E12023;
1BC8 : 02E12623;
1BC9 : 00050493;
1BCA : A85FC0EF;
1BCB : 00050793;
1BCC : 02055A63;
1BCD : 02415703;
1BCE : 04077713;
1BCF : 00070863;
1BD0 : 00C45703;
1BD1 : 04076713;
1BD2 : 00E41623;
1BD3 : 48C12083;
1BD4 : 48812403;
1BD5 : 48412483;
1BD6 : 00078513;
1BD7 : 49010113;
1BD8 : 00008067;
1BD9 : 00A12623;
1BDA : 01810593;
1BDB : 00048513;
1BDC : 2CC000EF;
1BDD : 00C12783;
1BDE : FA050EE3;
1BDF : FFF00793;
1BE0 : FB5FF06F;
1BE1 : 00862703;
1BE2 : 00071863;
1BE3 : 00000513;
1BE4 : 00062223;
1BE5 : 00008067;
1BE6 : FE010113;
1BE7 : 00112E23;
1BE8 : 00C12623;
1BE9 : 4FC000EF;
1BEA : 00C12783;
1BEB : 01C12083;
1BEC : 0007A423;
1BED : 0007A223;
1BEE : 02010113;
1BEF : 00008067;
1BF0 : 00C59703;
1BF1 : FE010113;
1BF2 : 00812C23;
1BF3 : 01312623;
1BF4 : 00112E23;
1BF5 : 00877793;
1BF6 : 00058413;
1BF7 : 00050993;
1BF8 : 12079263;
1BF9 : 000017B7;
1BFA : 80078793;
1BFB : 0045A683;
1BFC : 00F767B3;
1BFD : 00F59623;
1BFE : 18D05C63;
1BFF : 02842803;
1C00 : 0E080663;
1C01 : 00912A23;
1C02 : 01371693;
1C03 : 0009A483;
1C04 : 0009A023;
1C05 : 1806CA63;
1C06 : 01C42583;
1C07 : 00100693;
1C08 : 00000613;
1C09 : 00098513;
1C0A : 000800E7;
1C0B : FFF00793;
1C0C : 1AF50E63;
1C0D : 00C41783;
1C0E : 02842803;
1C0F : 0047F793;
1C10 : 00078E63;
1C11 : 00442703;
1C12 : 03042783;
1C13 : 40E50533;
1C14 : 00078663;
1C15 : 03C42783;
1C16 : 40F50533;
1C17 : 01C42583;
1C18 : 00050613;
1C19 : 00000693;
1C1A : 00098513;
1C1B : 000800E7;
1C1C : FFF00793;
1C1D : 00C41703;
1C1E : 12F51C63;
1C1F : 0009A683;
1C20 : 01D00793;
1C21 : 1AD7E463;
1C22 : 204007B7;
1C23 : 00178793;
1C24 : 00D7D7B3;
1C25 : 0017F793;
1C26 : 18078A63;
1C27 : 01042683;
1C28 : FFFFF7B7;
1C29 : 7FF78793;
1C2A : 00F777B3;
1C2B : 00F41623;
1C2C : 00042223;
1C2D : 00D42023;
1C2E : 01371793;
1C2F : 0007D663;
1C30 : 0009A783;
1C31 : 10078863;
1C32 : 03042583;
1C33 : 0099A023;
1C34 : 10058A63;
1C35 : 04040793;
1C36 : 00F58663;
1C37 : 00098513;
1C38 : D65FB0EF;
1C39 : 01412483;
1C3A : 02042823;
1C3B : 00000513;
1C3C : 01C12083;
1C3D : 01812403;
1C3E : 00C12983;
1C3F : 02010113;
1C40 : 00008067;
1C41 : 01212823;
1C42 : 0105A903;
1C43 : 08090A63;
1C44 : 00912A23;
1C45 : 0005A483;
1C46 : 00377713;
1C47 : 0125A023;
1C48 : 412484B3;
1C49 : 00000793;
1C4A : 00071463;
1C4B : 0145A783;
1C4C : 00F42423;
1C4D : 00904863;
1C4E : 0640006F;
1C4F : 00A90933;
1C50 : 04905E63;
1C51 : 02442783;
1C52 : 01C42583;
1C53 : 00048693;
1C54 : 00090613;
1C55 : 00098513;
1C56 : 000780E7;
1C57 : 40A484B3;
1C58 : FCA04EE3;
1C59 : 00C45783;
1C5A : 01C12083;
1C5B : 01412483;
1C5C : 0407E793;
1C5D : 00F41623;
1C5E : 01812403;
1C5F : 01012903;
1C60 : 00C12983;
1C61 : FFF00513;
1C62 : 02010113;
1C63 : 00008067;
1C64 : 03C5A683;
1C65 : E6D044E3;
1C66 : F55FF06F;
1C67 : 01412483;
1C68 : 01012903;
1C69 : F49FF06F;
1C6A : 05042503;
1C6B : E91FF06F;
1C6C : 01042683;
1C6D : FFFFF7B7;
1C6E : 7FF78793;
1C6F : 00F777B3;
1C70 : 00F41623;
1C71 : 00042223;
1C72 : 00D42023;
1C73 : 01371793;
1C74 : EE07DCE3;
1C75 : 03042583;
1C76 : 04A42823;
1C77 : 0099A023;
1C78 : EE059AE3;
1C79 : 01412483;
1C7A : F05FF06F;
1C7B : 0009A783;
1C7C : E40782E3;
1C7D : FE378713;
1C7E : FEA78793;
1C7F : 00173713;
1C80 : 0017B793;
1C81 : 00F767B3;
1C82 : 00078863;
1C83 : 0099A023;
1C84 : 01412483;
1C85 : ED9FF06F;
1C86 : 00C45783;
1C87 : 01412483;
1C88 : 0407E793;
1C89 : 00F41623;
1C8A : EC9FF06F;
1C8B : 04076713;
1C8C : 01412483;
1C8D : 00E41623;
1C8E : EB9FF06F;
1C8F : 00050793;
1C90 : 00050663;
1C91 : 03452703;
1C92 : 00070E63;
1C93 : 00C59703;
1C94 : 00071663;
1C95 : 00000513;
1C96 : 00008067;
1C97 : 00078513;
1C98 : D61FF06F;
1C99 : FE010113;
1C9A : 00B12623;
1C9B : 00112E23;
1C9C : 00A12423;
1C9D : 200000EF;
1C9E : 00C12583;
1C9F : 00812783;
1CA0 : 00C59703;
1CA1 : 00070A63;
1CA2 : 01C12083;
1CA3 : 00078513;
1CA4 : 02010113;
1CA5 : D2DFF06F;
1CA6 : 01C12083;
1CA7 : 00000513;
1CA8 : 02010113;
1CA9 : 00008067;
1CAA : 0000C5B7;
1CAB : E7018613;
1CAC : FA058593;
1CAD : 94818513;
1CAE : 6C40006F;
1CAF : 00452583;
1CB0 : FF010113;
1CB1 : 00812423;
1CB2 : 00112623;
1CB3 : 02818793;
1CB4 : 00050413;
1CB5 : 00F58463;
1CB6 : 4C9040EF;
1CB7 : 00842583;
1CB8 : 09018793;
1CB9 : 00F58663;
1CBA : 00040513;
1CBB : 4B5040EF;
1CBC : 00C42583;
1CBD : 0F818793;
1CBE : 00F58C63;
1CBF : 00040513;
1CC0 : 00812403;
1CC1 : 00C12083;
1CC2 : 01010113;
1CC3 : 4950406F;
1CC4 : 00C12083;
1CC5 : 00812403;
1CC6 : 01010113;
1CC7 : 00008067;
1CC8 : FE010113;
1CC9 : 000077B7;
1CCA : 00812C23;
1CCB : 2A878793;
1CCC : 02818413;
1CCD : 00112E23;
1CCE : 00912A23;
1CCF : 01212823;
1CD0 : 01312623;
1CD1 : 01412423;
1CD2 : 18F1A423;
1CD3 : 00800613;
1CD4 : 00400793;
1CD5 : 00000593;
1CD6 : 08418513;
1CD7 : 00F42623;
1CD8 : 00042023;
1CD9 : 00042223;
1CDA : 00042423;
1CDB : 06042223;
1CDC : 00042823;
1CDD : 00042A23;
1CDE : 00042C23;
1CDF : F74FB0EF;
1CE0 : 00008A37;
1CE1 : 000089B7;
1CE2 : 00008937;
1CE3 : 000084B7;
1CE4 : 000107B7;
1CE5 : A30A0A13;
1CE6 : A8C98993;
1CE7 : B1490913;
1CE8 : B7848493;
1CE9 : 00978793;
1CEA : 00800613;
1CEB : 00000593;
1CEC : 0EC18513;
1CED : 06F42A23;
1CEE : 03442023;
1CEF : 03342223;
1CF0 : 03242423;
1CF1 : 02942623;
1CF2 : 00842E23;
1CF3 : 06042423;
1CF4 : 06042623;
1CF5 : 06042823;
1CF6 : 0C042623;
1CF7 : 06042C23;
1CF8 : 06042E23;
1CF9 : 08042023;
1CFA : F08FB0EF;
1CFB : 000207B7;
1CFC : 01278793;
1CFD : 09018713;
1CFE : 15418513;
1CFF : 00800613;
1D00 : 00000593;
1D01 : 09442423;
1D02 : 09342623;
1D03 : 09242823;
1D04 : 08942A23;
1D05 : 0CF42E23;
1D06 : 0C042823;
1D07 : 0C042A23;
1D08 : 0C042C23;
1D09 : 12042A23;
1D0A : 0E042023;
1D0B : 0E042223;
1D0C : 0E042423;
1D0D : 08E42223;
1D0E : EB8FB0EF;
1D0F : 0F818793;
1D10 : 0F442823;
1D11 : 0F342A23;
1D12 : 0F242C23;
1D13 : 0E942E23;
1D14 : 01C12083;
1D15 : 0EF42623;
1D16 : 01812403;
1D17 : 01412483;
1D18 : 01012903;
1D19 : 00C12983;
1D1A : 00812A03;
1D1B : 02010113;
1D1C : 00008067;
1D1D : 03452783;
1D1E : 00078463;
1D1F : 00008067;
1D20 : 000077B7;
1D21 : 1881A703;
1D22 : 2BC78793;
1D23 : 02F52A23;
1D24 : FE0716E3;
1D25 : E8DFF06F;
1D26 : 00008067;
1D27 : 00008067;
1D28 : 00862783;
1D29 : 22078C63;
1D2A : 00C59683;
1D2B : FC010113;
1D2C : 02812C23;
1D2D : 03412423;
1D2E : 03512223;
1D2F : 02112E23;
1D30 : 0086F793;
1D31 : 00058413;
1D32 : 00050A93;
1D33 : 00060A13;
1D34 : 0A078463;
1D35 : 0105A783;
1D36 : 0A078063;
1D37 : 02912A23;
1D38 : 03212823;
1D39 : 03312623;
1D3A : 03612023;
1D3B : 0026F793;
1D3C : 000A2483;
1D3D : 0A078A63;
1D3E : 80000B37;
1D3F : C00B0B13;
1D40 : 00000993;
1D41 : 00000913;
1D42 : 00098613;
1D43 : 000A8513;
1D44 : 1A090E63;
1D45 : 00090693;
1D46 : 012B7663;
1D47 : 800006B7;
1D48 : C0068693;
1D49 : 02442783;
1D4A : 01C42583;
1D4B : 000780E7;
1D4C : 42A05663;
1D4D : 008A2783;
1D4E : 00A989B3;
1D4F : 40A90933;
1D50 : 40A787B3;
1D51 : 00FA2423;
1D52 : FC0790E3;
1D53 : 03C12083;
1D54 : 03812403;
1D55 : 03412483;
1D56 : 03012903;
1D57 : 02C12983;
1D58 : 02012B03;
1D59 : 02812A03;
1D5A : 02412A83;
1D5B : 00000513;
1D5C : 04010113;
1D5D : 00008067;
1D5E : 00040593;
1D5F : 000A8513;
1D60 : 600000EF;
1D61 : 18051A63;
1D62 : 00C41683;
1D63 : 02912A23;
1D64 : 03212823;
1D65 : 03312623;
1D66 : 03612023;
1D67 : 0026F793;
1D68 : 000A2483;
1D69 : F4079AE3;
1D6A : 01712E23;
1D6B : 01812C23;
1D6C : 0016F793;
1D6D : 18079063;
1D6E : 00042783;
1D6F : 80000737;
1D70 : FFF70C13;
1D71 : 00000B13;
1D72 : 00000993;
1D73 : 0E098863;
1D74 : 2006F713;
1D75 : 00842903;
1D76 : 00078513;
1D77 : 22070063;
1D78 : 00090B93;
1D79 : 2D29E263;
1D7A : 4806F713;
1D7B : 08070C63;
1D7C : 01442603;
1D7D : 01042583;
1D7E : 00161713;
1D7F : 00C70733;
1D80 : 01F75913;
1D81 : 40B78BB3;
1D82 : 00E90933;
1D83 : 001B8793;
1D84 : 40195913;
1D85 : 013787B3;
1D86 : 00090613;
1D87 : 00F97663;
1D88 : 00078913;
1D89 : 00078613;
1D8A : 4006F693;
1D8B : 2E068063;
1D8C : 00060593;
1D8D : 000A8513;
1D8E : AF1FB0EF;
1D8F : 32050463;
1D90 : 01042583;
1D91 : 000B8613;
1D92 : 00A12623;
1D93 : 499000EF;
1D94 : 00C45783;
1D95 : 00C12703;
1D96 : B7F7F793;
1D97 : 0807E793;
1D98 : 00F41623;
1D99 : 417907B3;
1D9A : 01770533;
1D9B : 01242A23;
1D9C : 00E42823;
1D9D : 00A42023;
1D9E : 00F42423;
1D9F : 00098913;
1DA0 : 00098B93;
1DA1 : 000B0593;
1DA2 : 000B8613;
1DA3 : 0E5000EF;
1DA4 : 00842703;
1DA5 : 00042783;
1DA6 : 41270733;
1DA7 : 00E42423;
1DA8 : 008A2703;
1DA9 : 017787B3;
1DAA : 00F42023;
1DAB : 41370733;
1DAC : 00EA2423;
1DAD : 28070E63;
1DAE : 00C41683;
1DAF : 0004AB03;
1DB0 : 0044A983;
1DB1 : 00848493;
1DB2 : F05FF06F;
1DB3 : 0004A983;
1DB4 : 0044A903;
1DB5 : 00848493;
1DB6 : E31FF06F;
1DB7 : 00000513;
1DB8 : 00008067;
1DB9 : 00040593;
1DBA : 000A8513;
1DBB : B51FF0EF;
1DBC : 0A050E63;
1DBD : 00C41783;
1DBE : 01C12B83;
1DBF : 01812C03;
1DC0 : 03412483;
1DC1 : 03012903;
1DC2 : 02C12983;
1DC3 : 02012B03;
1DC4 : 0407E793;
1DC5 : 00F41623;
1DC6 : 03C12083;
1DC7 : 03812403;
1DC8 : 02812A03;
1DC9 : 02412A83;
1DCA : FFF00513;
1DCB : 04010113;
1DCC : 00008067;
1DCD : 00000B13;
1DCE : 00000C13;
1DCF : 00000513;
1DD0 : 00000B93;
1DD1 : 080B0263;
1DD2 : 08050A63;
1DD3 : 000C0793;
1DD4 : 000B0993;
1DD5 : 0167F463;
1DD6 : 00078993;
1DD7 : 01442683;
1DD8 : 00842903;
1DD9 : 00042503;
1DDA : 01042783;
1DDB : 01268933;
1DDC : 01392733;
1DDD : 00A7B7B3;
1DDE : 00E7F7B3;
1DDF : 16079263;
1DE0 : 12D9CA63;
1DE1 : 02442783;
1DE2 : 01C42583;
1DE3 : 000B8613;
1DE4 : 000A8513;
1DE5 : 000780E7;
1DE6 : 00050913;
1DE7 : F4A05CE3;
1DE8 : 412C0C33;
1DE9 : 00100513;
1DEA : F20C0EE3;
1DEB : 008A2783;
1DEC : 412787B3;
1DED : 00FA2423;
1DEE : 18078C63;
1DEF : 412B0B33;
1DF0 : 012B8BB3;
1DF1 : F80B12E3;
1DF2 : 0044AB03;
1DF3 : 00048793;
1DF4 : 00848493;
1DF5 : FE0B0AE3;
1DF6 : 0007AB83;
1DF7 : 000B0613;
1DF8 : 00A00593;
1DF9 : 000B8513;
1DFA : 4C5000EF;
1DFB : 14050C63;
1DFC : 00150513;
1DFD : 41750C33;
1DFE : F55FF06F;
1DFF : 01042703;
1E00 : 06F76063;
1E01 : 01442703;
1E02 : 04E9EC63;
1E03 : 00098693;
1E04 : 013C7463;
1E05 : 000C0693;
1E06 : 02E6E733;
1E07 : 02442783;
1E08 : 01C42583;
1E09 : 000B0613;
1E0A : 000A8513;
1E0B : 40E686B3;
1E0C : 000780E7;
1E0D : ECA050E3;
1E0E : 00050913;
1E0F : 008A2783;
1E10 : 412989B3;
1E11 : 412787B3;
1E12 : 00FA2423;
1E13 : 10078263;
1E14 : 00C41683;
1E15 : 00042783;
1E16 : 012B0B33;
1E17 : D71FF06F;
1E18 : 0129F463;
1E19 : 00098913;
1E1A : 00078513;
1E1B : 00090613;
1E1C : 000B0593;
1E1D : 6FC000EF;
1E1E : 00042783;
1E1F : 00842703;
1E20 : 012787B3;
1E21 : 41270733;
1E22 : 00F42023;
1E23 : 00E42423;
1E24 : FA0716E3;
1E25 : 00040593;
1E26 : 000A8513;
1E27 : 9A1FF0EF;
1E28 : F8050EE3;
1E29 : E51FF06F;
1E2A : 00098913;
1E2B : 00098B93;
1E2C : DD5FF06F;
1E2D : 00098613;
1E2E : 000B8593;
1E2F : 6B4000EF;
1E30 : 00842703;
1E31 : 00042783;
1E32 : 00098913;
1E33 : 41370733;
1E34 : 013787B3;
1E35 : 00E42423;
1E36 : 00F42023;
1E37 : EC5FF06F;
1E38 : 000B8593;
1E39 : 00090613;
1E3A : 688000EF;
1E3B : 00042783;
1E3C : 00040593;
1E3D : 000A8513;
1E3E : 012787B3;
1E3F : 00F42023;
1E40 : 93DFF0EF;
1E41 : E8050EE3;
1E42 : DEDFF06F;
1E43 : 000A8513;
1E44 : 0E8040EF;
1E45 : 00050713;
1E46 : D40516E3;
1E47 : 01042583;
1E48 : 000A8513;
1E49 : D20FB0EF;
1E4A : 00C45783;
1E4B : 00C00713;
1E4C : 01C12B83;
1E4D : 01812C03;
1E4E : 00EAA023;
1E4F : F7F7F793;
1E50 : DC1FF06F;
1E51 : 001B0793;
1E52 : 00078C13;
1E53 : E05FF06F;
1E54 : 01C12B83;
1E55 : 01812C03;
1E56 : BF5FF06F;
1E57 : 00C41783;
1E58 : DA1FF06F;
1E59 : 00C00793;
1E5A : 00FAA023;
1E5B : 01C12B83;
1E5C : 00C41783;
1E5D : 01812C03;
1E5E : D89FF06F;
1E5F : FD010113;
1E60 : 03212023;
1E61 : 01312E23;
1E62 : 01412C23;
1E63 : 01512A23;
1E64 : 01612823;
1E65 : 01712623;
1E66 : 02112623;
1E67 : 02812423;
1E68 : 02912223;
1E69 : 00060A93;
1E6A : 00050B13;
1E6B : 00058B93;
1E6C : 00000A13;
1E6D : 00100993;
1E6E : FFF00913;
1E6F : 004AA483;
1E70 : FFF48493;
1E71 : 0204CA63;
1E72 : 008AA403;
1E73 : 00C45783;
1E74 : 00F9FE63;
1E75 : 00E41783;
1E76 : 00040593;
1E77 : 000B0513;
1E78 : 01278663;
1E79 : 000B80E7;
1E7A : 00AA6A33;
1E7B : FFF48493;
1E7C : 06840413;
1E7D : FD249CE3;
1E7E : 000AAA83;
1E7F : FC0A90E3;
1E80 : 02C12083;
1E81 : 02812403;
1E82 : 02412483;
1E83 : 02012903;
1E84 : 01C12983;
1E85 : 01412A83;
1E86 : 01012B03;
1E87 : 00C12B83;
1E88 : 000A0513;
1E89 : 01812A03;
1E8A : 03010113;
1E8B : 00008067;
1E8C : FF010113;
1E8D : 00812423;
1E8E : 00058413;
1E8F : 00E59583;
1E90 : 00112623;
1E91 : 400000EF;
1E92 : 02054063;
1E93 : 05042783;
1E94 : 00C12083;
1E95 : 00A787B3;
1E96 : 04F42823;
1E97 : 00812403;
1E98 : 01010113;
1E99 : 00008067;
1E9A : 00C45783;
1E9B : FFFFF737;
1E9C : FFF70713;
1E9D : 00E7F7B3;
1E9E : 00C12083;
1E9F : 00F41623;
1EA0 : 00812403;
1EA1 : 01010113;
1EA2 : 00008067;
1EA3 : 00C59783;
1EA4 : FE010113;
1EA5 : 00068313;
1EA6 : 00112E23;
1EA7 : 1007F693;
1EA8 : 00058713;
1EA9 : 00060893;
1EAA : 00050813;
1EAB : 02069863;
1EAC : FFFFF6B7;
1EAD : FFF68693;
1EAE : 01C12083;
1EAF : 00D7F7B3;
1EB0 : 00E71583;
1EB1 : 00F71623;
1EB2 : 00030693;
1EB3 : 00088613;
1EB4 : 00080513;
1EB5 : 02010113;
1EB6 : 4300006F;
1EB7 : 00E59583;
1EB8 : 00C12423;
1EB9 : 00200693;
1EBA : 00000613;
1EBB : 00612623;
1EBC : 00E12023;
1EBD : 00A12223;
1EBE : 2E4000EF;
1EBF : 00012703;
1EC0 : 00C12303;
1EC1 : 00812883;
1EC2 : 00C71783;
1EC3 : 00412803;
1EC4 : FA1FF06F;
1EC5 : FF010113;
1EC6 : 00812423;
1EC7 : 00058413;
1EC8 : 00E59583;
1EC9 : 00112623;
1ECA : 2B4000EF;
1ECB : FFF00713;
1ECC : 00C41783;
1ECD : 02E50263;
1ECE : 00001737;
1ECF : 00E7E7B3;
1ED0 : 00C12083;
1ED1 : 04A42823;
1ED2 : 00F41623;
1ED3 : 00812403;
1ED4 : 01010113;
1ED5 : 00008067;
1ED6 : FFFFF737;
1ED7 : 00A70733;
1ED8 : 00E7F7B3;
1ED9 : 00C12083;
1EDA : 00F41623;
1EDB : 00812403;
1EDC : 01010113;
1EDD : 00008067;
1EDE : 00E59583;
1EDF : 2040006F;
1EE0 : FF41A703;
1EE1 : FE010113;
1EE2 : 00112E23;
1EE3 : 00050613;
1EE4 : 00058793;
1EE5 : 00070663;
1EE6 : 03472683;
1EE7 : 10068863;
1EE8 : 00C79703;
1EE9 : 00877693;
1EEA : 04068063;
1EEB : 0107A683;
1EEC : 04068C63;
1EED : 00C79703;
1EEE : 00177613;
1EEF : 08061063;
1EF0 : 00277613;
1EF1 : 00000593;
1EF2 : 00061463;
1EF3 : 0147A583;
1EF4 : 00B7A423;
1EF5 : 06068E63;
1EF6 : 00000513;
1EF7 : 01C12083;
1EF8 : 02010113;
1EF9 : 00008067;
1EFA : 01077693;
1EFB : 0C068E63;
1EFC : 00477693;
1EFD : 06069A63;
1EFE : 0107A683;
1EFF : 00876713;
1F00 : 00E79623;
1F01 : FA0698E3;
1F02 : 00C7A703;
1F03 : 20000593;
1F04 : 28077713;
1F05 : FAB700E3;
1F06 : 00060513;
1F07 : 00078593;
1F08 : 00F12423;
1F09 : 494040EF;
1F0A : 00812783;
1F0B : 00C79703;
1F0C : 0107A683;
1F0D : 00177613;
1F0E : F80604E3;
1F0F : 0147A603;
1F10 : 0007A423;
1F11 : 40C00633;
1F12 : 00C7AC23;
1F13 : F80696E3;
1F14 : 08077693;
1F15 : F80682E3;
1F16 : 04076713;
1F17 : 00E79623;
1F18 : FFF00513;
1F19 : F79FF06F;
1F1A : 0307A583;
1F1B : 02058663;
1F1C : 04078693;
1F1D : 02D58063;
1F1E : 00060513;
1F1F : 00F12623;
1F20 : 00C12423;
1F21 : 9C0FB0EF;
1F22 : 00C12783;
1F23 : 00812603;
1F24 : 00C79703;
1F25 : 0207A823;
1F26 : 0107A683;
1F27 : FDB77713;
1F28 : 0007A223;
1F29 : 00D7A023;
1F2A : F55FF06F;
1F2B : 00A12423;
1F2C : 00070513;
1F2D : 00B12623;
1F2E : FBCFF0EF;
1F2F : 00C12783;
1F30 : 00812603;
1F31 : EDDFF06F;
1F32 : 00900693;
1F33 : 04076713;
1F34 : 00D62023;
1F35 : 00E79623;
1F36 : FFF00513;
1F37 : F01FF06F;
1F38 : 00300893;
1F39 : 00050713;
1F3A : 06C8F263;
1F3B : FEFF0E37;
1F3C : 80808337;
1F3D : EFFE0E13;
1F3E : 08030313;
1F3F : 0005A683;
1F40 : 01C687B3;
1F41 : FFF6C813;
1F42 : 0107F7B3;
1F43 : 0067F7B3;
1F44 : 02079E63;
1F45 : FFC60613;
1F46 : 00D72023;
1F47 : 00470713;
1F48 : 00458593;
1F49 : FCC8ECE3;
1F4A : 00158593;
1F4B : 00170793;
1F4C : 02060463;
1F4D : FFF5C683;
1F4E : FFF60813;
1F4F : FED78FA3;
1F50 : 00068E63;
1F51 : 00078713;
1F52 : 00080613;
1F53 : 00158593;
1F54 : 00170793;
1F55 : FE0610E3;
1F56 : 00008067;
1F57 : 00C70733;
1F58 : 00080A63;
1F59 : 00178793;
1F5A : FE078FA3;
1F5B : FEE79CE3;
1F5C : 00008067;
1F5D : 00008067;
1F5E : F6C18513;
1F5F : 00008067;
1F60 : FF010113;
1F61 : 00812423;
1F62 : 00912223;
1F63 : 00050493;
1F64 : 00058513;
1F65 : 00112623;
1F66 : 1601AC23;
1F67 : B1CF80EF;
1F68 : FFF00793;
1F69 : 00F50C63;
1F6A : 00C12083;
1F6B : 00812403;
1F6C : 00412483;
1F6D : 01010113;
1F6E : 00008067;
1F6F : 1781A783;
1F70 : FE0784E3;
1F71 : 00C12083;
1F72 : 00812403;
1F73 : 00F4A023;
1F74 : 00412483;
1F75 : 01010113;
1F76 : 00008067;
1F77 : FF010113;
1F78 : 00058793;
1F79 : 00812423;
1F7A : 00912223;
1F7B : 00060593;
1F7C : 00050493;
1F7D : 00068613;
1F7E : 00078513;
1F7F : 00112623;
1F80 : 1601AC23;
1F81 : AECF80EF;
1F82 : FFF00793;
1F83 : 00F50C63;
1F84 : 00C12083;
1F85 : 00812403;
1F86 : 00412483;
1F87 : 01010113;
1F88 : 00008067;
1F89 : 1781A783;
1F8A : FE0784E3;
1F8B : 00C12083;
1F8C : 00812403;
1F8D : 00F4A023;
1F8E : 00412483;
1F8F : 01010113;
1F90 : 00008067;
1F91 : FF010113;
1F92 : 00058793;
1F93 : 00812423;
1F94 : 00912223;
1F95 : 00060593;
1F96 : 00050493;
1F97 : 00068613;
1F98 : 00078513;
1F99 : 00112623;
1F9A : 1601AC23;
1F9B : A8CF80EF;
1F9C : FFF00793;
1F9D : 00F50C63;
1F9E : 00C12083;
1F9F : 00812403;
1FA0 : 00412483;
1FA1 : 01010113;
1FA2 : 00008067;
1FA3 : 1781A783;
1FA4 : FE0784E3;
1FA5 : 00C12083;
1FA6 : 00812403;
1FA7 : 00F4A023;
1FA8 : 00412483;
1FA9 : 01010113;
1FAA : 00008067;
1FAB : FF010113;
1FAC : 00812423;
1FAD : 00912223;
1FAE : 00050493;
1FAF : 00058513;
1FB0 : 00112623;
1FB1 : 1601AC23;
1FB2 : A38F80EF;
1FB3 : FFF00793;
1FB4 : 00F50C63;
1FB5 : 00C12083;
1FB6 : 00812403;
1FB7 : 00412483;
1FB8 : 01010113;
1FB9 : 00008067;
1FBA : 1781A783;
1FBB : FE0784E3;
1FBC : 00C12083;
1FBD : 00812403;
1FBE : 00F4A023;
1FBF : 00412483;
1FC0 : 01010113;
1FC1 : 00008067;
1FC2 : FF010113;
1FC3 : 00058793;
1FC4 : 00812423;
1FC5 : 00912223;
1FC6 : 00060593;
1FC7 : 00050493;
1FC8 : 00068613;
1FC9 : 00078513;
1FCA : 00112623;
1FCB : 1601AC23;
1FCC : A00F80EF;
1FCD : FFF00793;
1FCE : 00F50C63;
1FCF : 00C12083;
1FD0 : 00812403;
1FD1 : 00412483;
1FD2 : 01010113;
1FD3 : 00008067;
1FD4 : 1781A783;
1FD5 : FE0784E3;
1FD6 : 00C12083;
1FD7 : 00812403;
1FD8 : 00F4A023;
1FD9 : 00412483;
1FDA : 01010113;
1FDB : 00008067;
1FDC : 02B56C63;
1FDD : 00C58733;
1FDE : 12E56463;
1FDF : 00400793;
1FE0 : 10C7EE63;
1FE1 : 00C586B3;
1FE2 : 00050793;
1FE3 : 22060A63;
1FE4 : 0005C703;
1FE5 : 00158593;
1FE6 : 00178793;
1FE7 : FEE78FA3;
1FE8 : FED598E3;
1FE9 : 00008067;
1FEA : 00C507B3;
1FEB : FCF5F8E3;
1FEC : 00300713;
1FED : 1EC77063;
1FEE : 00A5E733;
1FEF : 00377713;
1FF0 : 1C071E63;
1FF1 : 02300293;
1FF2 : 00050793;
1FF3 : 06C2F263;
1FF4 : 0005AF83;
1FF5 : 0045AF03;
1FF6 : 0085AE83;
1FF7 : 00C5AE03;
1FF8 : 0105A303;
1FF9 : 0145A883;
1FFA : 0185A803;
1FFB : 01C5A683;
1FFC : 0205A703;
1FFD : FDC60613;
1FFE : 01F7A023;
1FFF : 01E7A223;
2000 : 01D7A423;
2001 : 01C7A623;
2002 : 0067A823;
2003 : 0117AA23;
2004 : 0107AC23;
2005 : 00D7AE23;
2006 : 02E7A023;
2007 : 02458593;
2008 : 02478793;
2009 : FAC2E6E3;
200A : 00300713;
200B : 04C77463;
200C : 00265713;
200D : 00271893;
200E : FFF70313;
200F : 011788B3;
2010 : 00058693;
2011 : 00078713;
2012 : 0006A803;
2013 : 00470713;
2014 : 00468693;
2015 : FF072E23;
2016 : FF1718E3;
2017 : 00231713;
2018 : 00478793;
2019 : 00458593;
201A : 00E787B3;
201B : 00E585B3;
201C : 00367613;
201D : F20608E3;
201E : FFF60693;
201F : 00168693;
2020 : 00D586B3;
2021 : 0005C703;
2022 : 00158593;
2023 : 00178793;
2024 : FEE78FA3;
2025 : FED598E3;
2026 : 00008067;
2027 : 2480006F;
2028 : 00300693;
2029 : 00C507B3;
202A : 0CC6F263;
202B : 00E7E6B3;
202C : 0036F693;
202D : 00070813;
202E : 0E069C63;
202F : 02300293;
2030 : 06C2F263;
2031 : FDC72F83;
2032 : FE072F03;
2033 : FE472E83;
2034 : FE872E03;
2035 : FEC72303;
2036 : FF072883;
2037 : FF472803;
2038 : FF872583;
2039 : FFC72683;
203A : FDC60613;
203B : FDF7AE23;
203C : FFE7A023;
203D : FFD7A223;
203E : FFC7A423;
203F : FE67A623;
2040 : FF17A823;
2041 : FF07AA23;
2042 : FEB7AC23;
2043 : FED7AE23;
2044 : FDC70713;
2045 : FDC78793;
2046 : FAC2E6E3;
2047 : 00300693;
2048 : 04C6F663;
2049 : 00265693;
204A : 00269893;
204B : FFF68313;
204C : 411788B3;
204D : 00070593;
204E : 00078693;
204F : FFC5A803;
2050 : FFC68693;
2051 : FFC58593;
2052 : 0106A023;
2053 : FF1698E3;
2054 : 406006B3;
2055 : 00269693;
2056 : FFC70713;
2057 : FFC78793;
2058 : 00D70733;
2059 : 00D787B3;
205A : 00367613;
205B : FFF60693;
205C : 16060863;
205D : FFF6C613;
205E : 00C78633;
205F : FFF74683;
2060 : FFF78793;
2061 : FFF70713;
2062 : 00D78023;
2063 : FEC798E3;
2064 : 00008067;
2065 : 00050793;
2066 : EDDFF06F;
2067 : 00800713;
2068 : 02C76263;
2069 : FFF60693;
206A : 00050793;
206B : ED1FF06F;
206C : 00800693;
206D : 08C6EE63;
206E : FFF60693;
206F : FB9FF06F;
2070 : 00008067;
2071 : 0035F713;
2072 : 00050693;
2073 : 02070063;
2074 : 0005C603;
2075 : 00158593;
2076 : 0035F713;
2077 : 00C68023;
2078 : 00168693;
2079 : FE0716E3;
207A : 40D78633;
207B : FFC60713;
207C : 00275F13;
207D : 001F0E93;
207E : 002E9E93;
207F : 01D68EB3;
2080 : 00058813;
2081 : 00068793;
2082 : 00082703;
2083 : 00478793;
2084 : 00480813;
2085 : 00875E13;
2086 : 01075313;
2087 : 01875893;
2088 : FEE78E23;
2089 : FFC78EA3;
208A : FE678F23;
208B : FF178FA3;
208C : FDD79CE3;
208D : 002F1713;
208E : 00458593;
208F : 00468793;
2090 : 00E585B3;
2091 : 00E787B3;
2092 : 00367613;
2093 : E29FF06F;
2094 : 00377693;
2095 : 02068263;
2096 : FFF74583;
2097 : FFF70713;
2098 : 00377693;
2099 : FEB78FA3;
209A : FFF78793;
209B : FE0696E3;
209C : 00E60633;
209D : 41060633;
209E : FFC60F13;
209F : 002F5F13;
20A0 : FFFF4E93;
20A1 : 002E9E93;
20A2 : 01D78EB3;
20A3 : 00070813;
20A4 : 00078693;
20A5 : FFC82583;
20A6 : FFC68693;
20A7 : FFC80813;
20A8 : 0085DE13;
20A9 : 0105D313;
20AA : 0185D893;
20AB : 01C680A3;
20AC : 00668123;
20AD : 011681A3;
20AE : 00B68023;
20AF : FDD69CE3;
20B0 : 41E006B3;
20B1 : 00269693;
20B2 : FFC78793;
20B3 : FFC70713;
20B4 : 00D787B3;
20B5 : 00D70733;
20B6 : 00367613;
20B7 : E91FF06F;
20B8 : 00008067;
20B9 : 00300793;
20BA : 00C50733;
20BB : 08C7F863;
20BC : 00A5C7B3;
20BD : 0037F793;
20BE : 0C079463;
20BF : 00357693;
20C0 : 00050793;
20C1 : 16069A63;
20C2 : FFC77613;
20C3 : 40F60833;
20C4 : 02000693;
20C5 : 0106C663;
20C6 : 08E7E463;
20C7 : 00008067;
20C8 : 0005A803;
20C9 : 0045A283;
20CA : 0085AF83;
20CB : 00C5AF03;
20CC : 0105AE83;
20CD : 0145AE03;
20CE : 0185A303;
20CF : 01C5A883;
20D0 : 02458593;
20D1 : 0107A023;
20D2 : FFC5A803;
20D3 : 0057A223;
20D4 : 01F7A423;
20D5 : 01E7A623;
20D6 : 01D7A823;
20D7 : 01C7AA23;
20D8 : 0067AC23;
20D9 : 0117AE23;
20DA : 02478793;
20DB : FF07AE23;
20DC : 40F60833;
20DD : FB06C6E3;
20DE : FA1FF06F;
20DF : FAE570E3;
20E0 : 00C58633;
20E1 : 00050793;
20E2 : 0005C703;
20E3 : 00158593;
20E4 : 00178793;
20E5 : FEE78FA3;
20E6 : FEC598E3;
20E7 : 00008067;
20E8 : 40F70733;
20E9 : 00E58733;
20EA : 0005C683;
20EB : 00158593;
20EC : 00178793;
20ED : FED78FA3;
20EE : FEB718E3;
20EF : 00008067;
20F0 : 40A008B3;
20F1 : 0038F893;
20F2 : 01150EB3;
20F3 : 00050793;
20F4 : 011588B3;
20F5 : 01D57C63;
20F6 : 0005C683;
20F7 : 00158593;
20F8 : 00178793;
20F9 : FED78FA3;
20FA : FEB898E3;
20FB : FFC77313;
20FC : 00088693;
20FD : 066EF063;
20FE : 00088793;
20FF : 000E8813;
2100 : 0017C583;
2101 : 0007CE03;
2102 : 0027C603;
2103 : 0037C683;
2104 : 00859593;
2105 : 01C5E5B3;
2106 : 01061613;
2107 : 00B66633;
2108 : 01869693;
2109 : 00480813;
210A : 00C6E6B3;
210B : FED82E23;
210C : 00478793;
210D : FC6866E3;
210E : FFF30793;
210F : 41D787B3;
2110 : FFC7F793;
2111 : 00488893;
2112 : 004E8E93;
2113 : 00F886B3;
2114 : 00FE8EB3;
2115 : ECEEF4E3;
2116 : 41D70733;
2117 : 00E68733;
2118 : 0006C783;
2119 : 00168693;
211A : 001E8E93;
211B : FEFE8FA3;
211C : FEE698E3;
211D : 00008067;
211E : 00400813;
211F : 40D80833;
2120 : 010507B3;
2121 : 00050693;
2122 : 01058833;
2123 : 00F57C63;
2124 : 0005C603;
2125 : 00158593;
2126 : 00168693;
2127 : FEC68FA3;
2128 : FEB818E3;
2129 : 00080593;
212A : E61FF06F;
212B : 00357693;
212C : 00050713;
212D : 0FF5F813;
212E : 02068E63;
212F : 00400793;
2130 : 40D787B3;
2131 : 0CF66C63;
2132 : 00200693;
2133 : 0ED78863;
2134 : 00300693;
2135 : 0CD78C63;
2136 : 00100693;
2137 : 00D79A63;
2138 : 00074683;
2139 : 00070513;
213A : 0B068863;
213B : 00170713;
213C : 40F60633;
213D : FFC67513;
213E : 00A70533;
213F : 06A77E63;
2140 : 0FF5F593;
2141 : 00859893;
2142 : 00B888B3;
2143 : 01089793;
2144 : 7F7F85B7;
2145 : 00F888B3;
2146 : F7F58593;
2147 : FFF00313;
2148 : 00C0006F;
2149 : 00470713;
214A : 04A77663;
214B : 00072683;
214C : 00D8C6B3;
214D : 00B6F7B3;
214E : 00B787B3;
214F : 00D7E7B3;
2150 : 00B7E7B3;
2151 : FE6780E3;
2152 : 00074783;
2153 : 00070513;
2154 : 05078463;
2155 : 00174783;
2156 : 09078063;
2157 : 00274783;
2158 : 410787B3;
2159 : 00F037B3;
215A : 00F707B3;
215B : 00278513;
215C : 00008067;
215D : 00367613;
215E : 00C706B3;
215F : 00070513;
2160 : 00061863;
2161 : 04C0006F;
2162 : 00150513;
2163 : 04D50263;
2164 : 00054783;
2165 : FF079AE3;
2166 : 00008067;
2167 : 00060793;
2168 : 00200693;
2169 : F2D796E3;
216A : 0140006F;
216B : 00074683;
216C : 00070513;
216D : FF0682E3;
216E : 00170713;
216F : 00074683;
2170 : 00070513;
2171 : FD068AE3;
2172 : 00170713;
2173 : F15FF06F;
2174 : 00000513;
2175 : 00008067;
2176 : 00170513;
2177 : 00008067;
2178 : F9010113;
2179 : 06912223;
217A : 00C5A483;
217B : 05512A23;
217C : 05612823;
217D : 0085AA83;
217E : 0045AB03;
217F : 05712623;
2180 : 0005AB83;
2181 : 06812423;
2182 : 07212023;
2183 : 05312E23;
2184 : 05412C23;
2185 : 06112623;
2186 : 00149793;
2187 : FFFF8437;
2188 : 00062023;
2189 : 0117D913;
218A : 00140413;
218B : 00050A13;
218C : 01010593;
218D : 02010513;
218E : 00060993;
218F : 00012823;
2190 : 00012A23;
2191 : 00012C23;
2192 : 00012E23;
2193 : 02912623;
2194 : 00890433;
2195 : 03712023;
2196 : 03612223;
2197 : 03512423;
2198 : 02912E23;
2199 : 03712823;
219A : 03612A23;
219B : 03512C23;
219C : 3D4070EF;
219D : 00143413;
219E : 00153513;
219F : 00A46433;
21A0 : 04041263;
21A1 : 00000693;
21A2 : 06090E63;
21A3 : 03C12483;
21A4 : FFFFC737;
21A5 : 00270713;
21A6 : 800107B7;
21A7 : FFF78793;
21A8 : 00E90933;
21A9 : 03012B83;
21AA : 03412B03;
21AB : 03812A83;
21AC : 00F4F4B3;
21AD : 00D90933;
21AE : 3FFE07B7;
21AF : 0129A023;
21B0 : 00F4E4B3;
21B1 : 06C12083;
21B2 : 06812403;
21B3 : 017A2023;
21B4 : 016A2223;
21B5 : 015A2423;
21B6 : 009A2623;
21B7 : 06012903;
21B8 : 06412483;
21B9 : 05C12983;
21BA : 05412A83;
21BB : 05012B03;
21BC : 04C12B83;
21BD : 000A0513;
21BE : 05812A03;
21BF : 07010113;
21C0 : 00008067;
21C1 : 407107B7;
21C2 : 01010593;
21C3 : 02010513;
21C4 : 00010613;
21C5 : 00F12623;
21C6 : 01712823;
21C7 : 01612A23;
21C8 : 01512C23;
21C9 : 00912E23;
21CA : 00012023;
21CB : 00012223;
21CC : 00012423;
21CD : 650070EF;
21CE : 02812783;
21CF : 02C12903;
21D0 : 02012683;
21D1 : 02412703;
21D2 : 02F12C23;
21D3 : 00191793;
21D4 : 02D12823;
21D5 : 03212E23;
21D6 : 02E12A23;
21D7 : 0117D913;
21D8 : F8E00693;
21D9 : F29FF06F;
21DA : 000148B7;
21DB : 85C88893;
21DC : 0088A303;
21DD : F5010113;
21DE : 0008AE83;
21DF : 0048AE03;
21E0 : 06612223;
21E1 : 00C8A303;
21E2 : 0108A883;
21E3 : 0A812423;
21E4 : 0A912223;
21E5 : 07112623;
21E6 : 03852883;
21E7 : 0B212023;
21E8 : 09312E23;
21E9 : 09412C23;
21EA : 09512A23;
21EB : 09612823;
21EC : 09A12023;
21ED : 07B12E23;
21EE : 0A112623;
21EF : 09712623;
21F0 : 09812423;
21F1 : 09912223;
21F2 : 05D12E23;
21F3 : 07C12023;
21F4 : 06612423;
21F5 : 01012E23;
21F6 : 0005A983;
21F7 : 0045A903;
21F8 : 0085A483;
21F9 : 00C5AA03;
21FA : 00050A93;
21FB : 00060D13;
21FC : 00068D93;
21FD : 00070B13;
21FE : 00078413;
21FF : 00088863;
2200 : 00088593;
2201 : 0E0020EF;
2202 : 020AAC23;
2203 : 06812703;
2204 : 01FA5693;
2205 : 00D42023;
2206 : 40175793;
2207 : 00D7F7B3;
2208 : 00E7C7B3;
2209 : 06F12423;
220A : 001A1413;
220B : 010A1B93;
220C : FFFFC7B7;
220D : 001A1713;
220E : 00145413;
220F : 010BDB93;
2210 : F9178793;
2211 : 01175C13;
2212 : 03010513;
2213 : 02010593;
2214 : 03312823;
2215 : 03212A23;
2216 : 02912C23;
2217 : 03312023;
2218 : 03212223;
2219 : 02912423;
221A : 02812E23;
221B : 02812623;
221C : 05312623;
221D : 05212823;
221E : 04912A23;
221F : 00FC0CB3;
2220 : 05712C23;
2221 : 79C090EF;
2222 : 16051063;
2223 : 7FFF0737;
2224 : FFF00793;
2225 : FFF70713;
2226 : 02010593;
2227 : 03010513;
2228 : 02E12623;
2229 : 02F12023;
222A : 02F12223;
222B : 02F12423;
222C : 770090EF;
222D : 08051E63;
222E : 02010593;
222F : 03010513;
2230 : 394070EF;
2231 : 08A05663;
2232 : 00300793;
2233 : 04F12423;
2234 : 01C12783;
2235 : 04810713;
2236 : 000D8813;
2237 : 00F12023;
2238 : 000C8613;
2239 : 000D0793;
223A : 000A8513;
223B : 000B0893;
223C : 04C10693;
223D : 05C10593;
223E : 1F4000EF;
223F : 000B2703;
2240 : FFFF87B7;
2241 : 00F71863;
2242 : 800007B7;
2243 : FFF78793;
2244 : 00FB2023;
2245 : 0AC12083;
2246 : 0A812403;
2247 : 0A412483;
2248 : 0A012903;
2249 : 09C12983;
224A : 09812A03;
224B : 09412A83;
224C : 09012B03;
224D : 08C12B83;
224E : 08812C03;
224F : 08412C83;
2250 : 08012D03;
2251 : 07C12D83;
2252 : 0B010113;
2253 : 00008067;
2254 : 02812E23;
2255 : 02010593;
2256 : 00010437;
2257 : 03010513;
2258 : 03312823;
2259 : 03212A23;
225A : 02912C23;
225B : 02012023;
225C : 02012223;
225D : 02012423;
225E : 02812623;
225F : 1A8070EF;
2260 : 00054C63;
2261 : 008BEBB3;
2262 : 00100793;
2263 : 05712C23;
2264 : 04F12423;
2265 : F3DFF06F;
2266 : 02010593;
2267 : 03010513;
2268 : 03312823;
2269 : 03212A23;
226A : 02912C23;
226B : 03412E23;
226C : 02012023;
226D : 02012223;
226E : 02012423;
226F : 02012623;
2270 : 084070EF;
2271 : 00051663;
2272 : 04012423;
2273 : F05FF06F;
2274 : FFFFC7B7;
2275 : F9278793;
2276 : 00200713;
2277 : 00FC0CB3;
2278 : 04E12423;
2279 : EEDFF06F;
227A : 00400793;
227B : 04F12423;
227C : EE1FF06F;
227D : FC010113;
227E : 02812C23;
227F : 00C52403;
2280 : 03212823;
2281 : 03312623;
2282 : 00852903;
2283 : 00452983;
2284 : 03412423;
2285 : 00052A03;
2286 : 00141413;
2287 : 00145413;
2288 : 01010513;
2289 : 00010593;
228A : 02112E23;
228B : 00812E23;
228C : 00812623;
228D : 01412823;
228E : 01412023;
228F : 01312A23;
2290 : 01312223;
2291 : 01212C23;
2292 : 01212423;
2293 : 5D4090EF;
2294 : 06051E63;
2295 : 7FFF0737;
2296 : FFF00793;
2297 : FFF70713;
2298 : 00010593;
2299 : 01010513;
229A : 02912A23;
229B : 00E12623;
229C : 00F12023;
229D : 00F12223;
229E : 00F12423;
229F : 00100493;
22A0 : 5A0090EF;
22A1 : 02050863;
22A2 : 03C12083;
22A3 : 03812403;
22A4 : 0014C513;
22A5 : 0FF57513;
22A6 : 03412483;
22A7 : 03012903;
22A8 : 02C12983;
22A9 : 02812A03;
22AA : 00151513;
22AB : 04010113;
22AC : 00008067;
22AD : 00010593;
22AE : 01010513;
22AF : 198070EF;
22B0 : FCA054E3;
22B1 : 00000493;
22B2 : FC1FF06F;
22B3 : 03C12083;
22B4 : 03812403;
22B5 : 03012903;
22B6 : 02C12983;
22B7 : 02812A03;
22B8 : 00100513;
22B9 : 04010113;
22BA : 00008067;
22BB : F3010113;
22BC : 0B312E23;
22BD : 00072983;
22BE : 0B912223;
22BF : 0C112623;
22C0 : FCF9F313;
22C1 : 00672023;
22C2 : 00300E13;
22C3 : 00F9F313;
22C4 : 00F12023;
22C5 : 01012423;
22C6 : 0D012C83;
22C7 : 37C30E63;
22C8 : 0BA12023;
22C9 : 00C9F813;
22CA : 00080D13;
22CB : 2C081C63;
22CC : 09B12E23;
22CD : 01112E23;
22CE : 00D12A23;
22CF : 02C12023;
22D0 : 02B12623;
22D1 : 02E12423;
22D2 : 00050D93;
22D3 : 30030463;
22D4 : 0D212023;
22D5 : 0005A903;
22D6 : 0C812423;
22D7 : 02000793;
22D8 : 00000593;
22D9 : 0127D863;
22DA : 00179793;
22DB : 00158593;
22DC : FF27CCE3;
22DD : 000D8513;
22DE : 0EC020EF;
22DF : 00050413;
22E0 : 00000793;
22E1 : 7C050663;
22E2 : 01412703;
22E3 : FFF90793;
22E4 : 4057D793;
22E5 : 00279793;
22E6 : 0C912223;
22E7 : 00F705B3;
22E8 : 01450693;
22E9 : 00072603;
22EA : 00470713;
22EB : 00468693;
22EC : FEC6AE23;
22ED : FEE5F8E3;
22EE : 01412703;
22EF : 00158593;
22F0 : 00170713;
22F1 : 00E5B5B3;
22F2 : FFF58593;
22F3 : 00B7F7B3;
22F4 : 00478793;
22F5 : 4027D493;
22F6 : 00F407B3;
22F7 : 00C0006F;
22F8 : FFC78793;
22F9 : 30048063;
22FA : 0107A703;
22FB : 00048693;
22FC : FFF48493;
22FD : FE0706E3;
22FE : 00249793;
22FF : 00F407B3;
2300 : 0147A503;
2301 : 00D42823;
2302 : 00D12C23;
2303 : 290020EF;
2304 : 01812683;
2305 : 00569693;
2306 : 40A684B3;
2307 : 00040513;
2308 : 7D9010EF;
2309 : 02012783;
230A : 08A12623;
230B : 02F12A23;
230C : 6E051063;
230D : 01042783;
230E : 20078263;
230F : 08C10593;
2310 : 00040513;
2311 : 0B512A23;
2312 : 0B612823;
2313 : 0B712623;
2314 : 0B812423;
2315 : 0B412C23;
2316 : 489020EF;
2317 : 00C59793;
2318 : 00C7D793;
2319 : 3FF00737;
231A : 00E7E733;
231B : 03412803;
231C : 8E81A603;
231D : 8EC1A683;
231E : 00980833;
231F : 00050893;
2320 : 00070593;
2321 : FFF80B93;
2322 : 02E12223;
2323 : 00080C13;
2324 : 05112823;
2325 : 04A12023;
2326 : 534060EF;
2327 : 8F01A603;
2328 : 8F41A683;
2329 : 741050EF;
232A : 8F81A603;
232B : 8FC1A683;
232C : 6D1040EF;
232D : 00050A93;
232E : 000B8513;
232F : 00058B13;
2330 : 4E5060EF;
2331 : 9001A603;
2332 : 9041A683;
2333 : 719050EF;
2334 : 00050613;
2335 : 00058693;
2336 : 000A8513;
2337 : 000B0593;
2338 : 6A1040EF;
2339 : 00050A93;
233A : 00058B13;
233B : 000B8513;
233C : 000BD663;
233D : 00100513;
233E : 41850533;
233F : BCB50513;
2340 : 02A05863;
2341 : 4A1060EF;
2342 : 9081A603;
2343 : 90C1A683;
2344 : 6D5050EF;
2345 : 00050613;
2346 : 00058693;
2347 : 000A8513;
2348 : 000B0593;
2349 : 65D040EF;
234A : 00050A93;
234B : 00058B13;
234C : 000B0593;
234D : 000A8513;
234E : 3F1060EF;
234F : 000B0A13;
2350 : 000A0593;
2351 : 00050B13;
2352 : 00000613;
2353 : 000A8513;
2354 : 00000693;
2355 : 01612C23;
2356 : 5BD050EF;
2357 : 02055263;
2358 : 000B0513;
2359 : 441060EF;
235A : 000A8613;
235B : 000A0693;
235C : 45D050EF;
235D : 00A03533;
235E : 40AB07B3;
235F : 00F12C23;
2360 : 02412703;
2361 : 014B9793;
2362 : 00E78A33;
2363 : 41748733;
2364 : FFF70693;
2365 : 02D12823;
2366 : 01812683;
2367 : 01600793;
2368 : 14D7E663;
2369 : 01812783;
236A : 00014837;
236B : 88080893;
236C : 00379793;
236D : 00F887B3;
236E : 04012603;
236F : 0007A503;
2370 : 0047A583;
2371 : 000A0693;
2372 : 02E12223;
2373 : 479050EF;
2374 : 02412703;
2375 : 5AA04063;
2376 : 00E04463;
2377 : 0C80106F;
2378 : 03012783;
2379 : 01812703;
237A : 04012623;
237B : 02012E23;
237C : 00E787B3;
237D : 02F12823;
237E : 04E12223;
237F : 02012C23;
2380 : 1240006F;
2381 : 00400793;
2382 : 0AF31E63;
2383 : 0A012D03;
2384 : 0CC12083;
2385 : 0BC12983;
2386 : FFFF87B7;
2387 : 000C8613;
2388 : 0A412C83;
2389 : 000135B7;
238A : 00F8A023;
238B : 000E0693;
238C : 36458593;
238D : 0D010113;
238E : 1F90106F;
238F : 00040593;
2390 : 000D8513;
2391 : 6DD010EF;
2392 : 0C812403;
2393 : 0C412483;
2394 : 0C012903;
2395 : 01C12783;
2396 : 00100693;
2397 : 000135B7;
2398 : 000D8513;
2399 : 00D7A023;
239A : 000C8613;
239B : 17458593;
239C : 1C1010EF;
239D : 09C12D83;
239E : 00050793;
239F : 0CC12083;
23A0 : 0A012D03;
23A1 : 0BC12983;
23A2 : 0A412C83;
23A3 : 00078513;
23A4 : 0D010113;
23A5 : 00008067;
23A6 : 0CC12083;
23A7 : 0BC12983;
23A8 : FFFF87B7;
23A9 : 000C8613;
23AA : 0A412C83;
23AB : 000135B7;
23AC : 00F8A023;
23AD : 35858593;
23AE : 00800693;
23AF : 0D010113;
23B0 : 1710106F;
23B1 : 0CC12083;
23B2 : 00000793;
23B3 : 0A012D03;
23B4 : 0BC12983;
23B5 : 0A412C83;
23B6 : 00078513;
23B7 : 0D010113;
23B8 : 00008067;
23B9 : 00042823;
23BA : D35FF06F;
23BB : 00100793;
23BC : 04F12623;
23BD : 03012783;
23BE : 02012C23;
23BF : 4607C263;
23C0 : 01812783;
23C1 : 4207D863;
23C2 : 03812783;
23C3 : 01812703;
23C4 : 04012223;
23C5 : 40E787B3;
23C6 : 02F12C23;
23C7 : 40E007B3;
23C8 : 02F12E23;
23C9 : 00012703;
23CA : 00900793;
23CB : 5CE7E063;
23CC : 00012783;
23CD : 00500713;
23CE : 18F754E3;
23CF : FFC78793;
23D0 : 00F12023;
23D1 : 00012683;
23D2 : 00400793;
23D3 : 5EF68663;
23D4 : 00E69463;
23D5 : 1800106F;
23D6 : 00200793;
23D7 : 04012C23;
23D8 : 00000A93;
23D9 : 5EF68063;
23DA : 00300793;
23DB : 00F12023;
23DC : 01812703;
23DD : 00812783;
23DE : 00E787B3;
23DF : 04F12423;
23E0 : 00178793;
23E1 : 02F12223;
23E2 : 02412703;
23E3 : 00100793;
23E4 : 00078593;
23E5 : 00E05663;
23E6 : 00070593;
23E7 : 00070793;
23E8 : 000D8513;
23E9 : 08F12623;
23EA : 01D010EF;
23EB : 00050793;
23EC : 32050063;
23ED : 02C12703;
23EE : 00C72803;
23EF : FFF80813;
23F0 : 00080E63;
23F1 : 00085463;
23F2 : 00200813;
23F3 : 1009F993;
23F4 : 46098063;
23F5 : 00300713;
23F6 : 41070833;
23F7 : 02412703;
23F8 : 00F73713;
23F9 : 01577733;
23FA : 44070463;
23FB : 01812703;
23FC : 00E86733;
23FD : 42071E63;
23FE : 04012703;
23FF : 04C12683;
2400 : 08012623;
2401 : 04E12E23;
2402 : 07412423;
2403 : 02068663;
2404 : 9181A603;
2405 : 91C1A683;
2406 : 00070513;
2407 : 000A0593;
2408 : 04F12023;
2409 : 06E12023;
240A : 2ED050EF;
240B : 04012783;
240C : 00055463;
240D : 1900106F;
240E : 04F12023;
240F : 05C12783;
2410 : 00078613;
2411 : 00078513;
2412 : 06812783;
2413 : 00078693;
2414 : 00078593;
2415 : 32D040EF;
2416 : 9301A603;
2417 : 9341A683;
2418 : 321040EF;
2419 : FCC00737;
241A : 00B70333;
241B : 02412703;
241C : 04012783;
241D : 00050993;
241E : 34070263;
241F : 02412703;
2420 : 05C12A83;
2421 : 06812B03;
2422 : 06012623;
2423 : 04E12023;
2424 : 04012703;
2425 : 00014837;
2426 : 88080893;
2427 : 00371693;
2428 : 05812703;
2429 : 00D886B3;
242A : FF86A603;
242B : FFC6A683;
242C : 120704E3;
242D : 9401A503;
242E : 9441A583;
242F : 06612823;
2430 : 04F12823;
2431 : 07112A23;
2432 : 07312023;
2433 : 00178993;
2434 : 1FC050EF;
2435 : 06012603;
2436 : 07012683;
2437 : 000A8B93;
2438 : 000B0A13;
2439 : 0E8060EF;
243A : 00050613;
243B : 00058693;
243C : 000A8513;
243D : 000B0593;
243E : 00068A93;
243F : 00060B13;
2440 : 029060EF;
2441 : 00050C13;
2442 : 09D060EF;
2443 : 00050613;
2444 : 00058693;
2445 : 000B8513;
2446 : 000A0593;
2447 : 0B0060EF;
2448 : 05012783;
2449 : 030C0713;
244A : 00050613;
244B : 00058693;
244C : 00E78023;
244D : 00050A13;
244E : 00058B93;
244F : 000B0513;
2450 : 000A8593;
2451 : 101050EF;
2452 : 05012783;
2453 : 00A05463;
2454 : 2D40106F;
2455 : 91C1A703;
2456 : 9181A683;
2457 : 06E12223;
2458 : 06D12023;
2459 : 9241A703;
245A : 9201A683;
245B : 00040C13;
245C : 07212C23;
245D : 06912E23;
245E : 04D12823;
245F : 04E12A23;
2460 : 06F12823;
2461 : 000A0413;
2462 : 000B0493;
2463 : 000A8913;
2464 : 08C0006F;
2465 : 08C12783;
2466 : 04012703;
2467 : 00178793;
2468 : 08F12623;
2469 : 00E7C463;
246A : 3C00106F;
246B : 239050EF;
246C : 05012603;
246D : 05412683;
246E : 00050493;
246F : 00058913;
2470 : 00040513;
2471 : 000B8593;
2472 : 21D050EF;
2473 : 00058A93;
2474 : 00050A13;
2475 : 754060EF;
2476 : 00050413;
2477 : 7C8060EF;
2478 : 00050613;
2479 : 00058693;
247A : 000A0513;
247B : 000A8593;
247C : 7DD050EF;
247D : 03040793;
247E : 00048613;
247F : 00090693;
2480 : 00F98023;
2481 : 00198993;
2482 : 00050413;
2483 : 00058B93;
2484 : 105050EF;
2485 : 00055463;
2486 : 2000106F;
2487 : 06012503;
2488 : 06412583;
2489 : 00040613;
248A : 000B8693;
248B : 7A1050EF;
248C : 00048613;
248D : 00090693;
248E : 0DD050EF;
248F : 00050793;
2490 : 05012603;
2491 : 05412683;
2492 : 00048513;
2493 : 00090593;
2494 : F407D2E3;
2495 : 07012783;
2496 : FFF9C903;
2497 : 000C0413;
2498 : 03900613;
2499 : 0140006F;
249A : 00D79463;
249B : 0500106F;
249C : FFF6C903;
249D : 00068993;
249E : FFF98693;
249F : FEC906E3;
24A0 : 00190913;
24A1 : 06C12703;
24A2 : 01268023;
24A3 : 02000D13;
24A4 : 00170C13;
24A5 : 00040593;
24A6 : 000D8513;
24A7 : 00F12023;
24A8 : 281010EF;
24A9 : 01C12783;
24AA : 00098023;
24AB : 0187A023;
24AC : 00012783;
24AD : 000C8463;
24AE : 013CA023;
24AF : 02812703;
24B0 : 02812683;
24B1 : 00072703;
24B2 : 01A76733;
24B3 : 00E6A023;
24B4 : 0C812403;
24B5 : 0CC12083;
24B6 : 0C412483;
24B7 : 0C012903;
24B8 : 0B812A03;
24B9 : 0B412A83;
24BA : 0B012B03;
24BB : 0AC12B83;
24BC : 0A812C03;
24BD : 09C12D83;
24BE : 0A012D03;
24BF : 0BC12983;
24C0 : 0A412C83;
24C1 : 00078513;
24C2 : 0D010113;
24C3 : 00008067;
24C4 : 00050593;
24C5 : 00040513;
24C6 : 7EC010EF;
24C7 : 08C12783;
24C8 : 02012703;
24C9 : 40F484B3;
24CA : 00E787B3;
24CB : 02F12A23;
24CC : 905FF06F;
24CD : 03012783;
24CE : 01812703;
24CF : 02012E23;
24D0 : 00E787B3;
24D1 : 02F12823;
24D2 : 04E12223;
24D3 : BD9FF06F;
24D4 : 0C812403;
24D5 : 0C012903;
24D6 : 09C12D83;
24D7 : B21FF06F;
24D8 : 00100793;
24D9 : 40E787B3;
24DA : 02F12C23;
24DB : 02012823;
24DC : B91FF06F;
24DD : 01812783;
24DE : 04012623;
24DF : FFF78793;
24E0 : 00F12C23;
24E1 : B71FF06F;
24E2 : 00070613;
24E3 : 00070513;
24E4 : 000A0693;
24E5 : 000A0593;
24E6 : 04F12023;
24E7 : 7E4040EF;
24E8 : 9301A603;
24E9 : 9341A683;
24EA : 7D8040EF;
24EB : 04012783;
24EC : FCC00737;
24ED : 00050993;
24EE : 00B70333;
24EF : 9381A603;
24F0 : 05C12503;
24F1 : 93C1A683;
24F2 : 06812583;
24F3 : 04F12023;
24F4 : 04612823;
24F5 : 5F9050EF;
24F6 : 05012683;
24F7 : 00098613;
24F8 : 00050A13;
24F9 : 00058A93;
24FA : 65C050EF;
24FB : 04012783;
24FC : 00A05463;
24FD : 6DD0006F;
24FE : 05012303;
24FF : 800006B7;
2500 : 00098613;
2501 : 00D34733;
2502 : 00070693;
2503 : 000A0513;
2504 : 000A8593;
2505 : 700050EF;
2506 : 04012783;
2507 : 100542E3;
2508 : 05C12703;
2509 : 06812A03;
250A : 00000813;
250B : 04E12823;
250C : 03412703;
250D : FFF74693;
250E : 01812703;
250F : 01F6D693;
2510 : 00F72713;
2511 : 00D77733;
2512 : 10070E63;
2513 : 000148B7;
2514 : 88088893;
2515 : 01812703;
2516 : 00371713;
2517 : 00E888B3;
2518 : 00812703;
2519 : 0008A603;
251A : 01F75693;
251B : 02412703;
251C : 00C12023;
251D : 00172713;
251E : 00D77733;
251F : 0048A683;
2520 : 00D12223;
2521 : 72070063;
2522 : 02412703;
2523 : 08071AE3;
2524 : 9381A603;
2525 : 93C1A683;
2526 : 00012503;
2527 : 00412583;
2528 : 00F12A23;
2529 : 740050EF;
252A : 05012603;
252B : 000A0693;
252C : 594050EF;
252D : 01412783;
252E : 060554E3;
252F : 03100713;
2530 : 00E78023;
2531 : 00000593;
2532 : 000D8513;
2533 : 00178993;
2534 : 00F12023;
2535 : 04D010EF;
2536 : 01812783;
2537 : 02000D13;
2538 : 00278C13;
2539 : 00012783;
253A : DADFF06F;
253B : 3FDC0793;
253C : 7F87BA93;
253D : 00012023;
253E : 00090513;
253F : 4A8060EF;
2540 : 9101A603;
2541 : 9141A683;
2542 : 6DC050EF;
2543 : 41C060EF;
2544 : FFF00713;
2545 : FFF00793;
2546 : 00350593;
2547 : 02E12223;
2548 : 00100713;
2549 : 04F12423;
254A : 00012423;
254B : 00058793;
254C : 04E12C23;
254D : A6DFF06F;
254E : 00100793;
254F : 00000A93;
2550 : 04F12C23;
2551 : 00812583;
2552 : 00B04463;
2553 : 00100593;
2554 : 00058793;
2555 : 04B12423;
2556 : 02B12223;
2557 : 00B12423;
2558 : A41FF06F;
2559 : 05812703;
255A : 5C070863;
255B : 02C12703;
255C : 03412603;
255D : 40990933;
255E : 00472703;
255F : 00190693;
2560 : 08D12623;
2561 : 41260933;
2562 : 14E950E3;
2563 : 00012683;
2564 : FFD68693;
2565 : FFD6F693;
2566 : 02068CE3;
2567 : 00012683;
2568 : 40E60733;
2569 : 02412603;
256A : 0026A693;
256B : 00170713;
256C : 00C025B3;
256D : 0016B693;
256E : 00E62633;
256F : 00B6F6B3;
2570 : 08E12623;
2571 : 00D676B3;
2572 : 00068463;
2573 : 0500106F;
2574 : 03012683;
2575 : 03C12A03;
2576 : 00E686B3;
2577 : 02D12823;
2578 : 03812683;
2579 : 00D709B3;
257A : 00100593;
257B : 000D8513;
257C : 04F12023;
257D : 03012A23;
257E : 249010EF;
257F : 00050913;
2580 : 2A050C63;
2581 : 03812783;
2582 : 03412803;
2583 : 00F03733;
2584 : 03012783;
2585 : 00F026B3;
2586 : 00D77733;
2587 : 04012783;
2588 : 02070C63;
2589 : 03812683;
258A : 03012603;
258B : 00068713;
258C : 00D65463;
258D : 00060713;
258E : 03812683;
258F : 08E12623;
2590 : 40E989B3;
2591 : 40E686B3;
2592 : 02D12C23;
2593 : 03012683;
2594 : 40E68733;
2595 : 02E12823;
2596 : 03C12703;
2597 : 02070863;
2598 : 2E0A1EE3;
2599 : 03C12603;
259A : 00040593;
259B : 000D8513;
259C : 04F12023;
259D : 03012A23;
259E : 4E5010EF;
259F : 03412803;
25A0 : 04012783;
25A1 : 00050413;
25A2 : 22050863;
25A3 : 00100593;
25A4 : 000D8513;
25A5 : 02F12E23;
25A6 : 03012A23;
25A7 : 1A5010EF;
25A8 : 00050313;
25A9 : 20050A63;
25AA : 04412703;
25AB : 03412803;
25AC : 03C12783;
25AD : 74071A63;
25AE : 00012703;
25AF : FFF48693;
25B0 : 0016B693;
25B1 : 00272713;
25B2 : 00D77733;
25B3 : 18071C63;
25B4 : 01F00513;
25B5 : 03012703;
25B6 : 40E504B3;
25B7 : FFC48493;
25B8 : 01F4F493;
25B9 : 08912623;
25BA : 01348633;
25BB : 00048713;
25BC : 66C04663;
25BD : 03012683;
25BE : 00E68633;
25BF : 18C04C63;
25C0 : 04C12703;
25C1 : 7E071663;
25C2 : 00012703;
25C3 : 00372693;
25C4 : 02412703;
25C5 : 0016B693;
25C6 : 00172713;
25C7 : 00D77733;
25C8 : 120712E3;
25C9 : 05812703;
25CA : 04070CE3;
25CB : 03812703;
25CC : 00E48633;
25CD : 34C04AE3;
25CE : 04412703;
25CF : 00090A13;
25D0 : 440716E3;
25D1 : FFE80713;
25D2 : 00E03C33;
25D3 : 00100693;
25D4 : 000A0993;
25D5 : 00030B93;
25D6 : 00078B13;
25D7 : 03012023;
25D8 : 02F12823;
25D9 : 000B8593;
25DA : 00040513;
25DB : 08D12623;
25DC : 18C010EF;
25DD : 00A12423;
25DE : 00090593;
25DF : 00050A93;
25E0 : 00040513;
25E1 : 6C9010EF;
25E2 : 000B8593;
25E3 : 00050493;
25E4 : 00098613;
25E5 : 000D8513;
25E6 : 711010EF;
25E7 : 00050593;
25E8 : 10050C63;
25E9 : 00C52783;
25EA : 030A8A93;
25EB : 14078463;
25EC : 000D8513;
25ED : 56C010EF;
25EE : 00100693;
25EF : 4E04CCE3;
25F0 : 00012783;
25F1 : 00F4E4B3;
25F2 : 00049A63;
25F3 : 01412783;
25F4 : 0007A783;
25F5 : 0017F793;
25F6 : 4C078EE3;
25F7 : 00D026B3;
25F8 : 001B0493;
25F9 : 00DC76B3;
25FA : 00048613;
25FB : 5E069EE3;
25FC : FF548FA3;
25FD : 08C12783;
25FE : 02412703;
25FF : 5CE786E3;
2600 : 00040593;
2601 : 00A00613;
2602 : 000D8513;
2603 : 538010EF;
2604 : 00050413;
2605 : 0A050263;
2606 : 00090593;
2607 : 00000693;
2608 : 00A00613;
2609 : 000D8513;
260A : 53390063;
260B : 518010EF;
260C : 00050913;
260D : 08050263;
260E : 00098593;
260F : 00000693;
2610 : 00A00613;
2611 : 000D8513;
2612 : 4FC010EF;
2613 : 00050993;
2614 : 06050463;
2615 : 08C12683;
2616 : 00048B13;
2617 : 00168693;
2618 : F05FF06F;
2619 : 02C12703;
261A : 02012683;
261B : 00472703;
261C : 00170713;
261D : E4D75EE3;
261E : 03012703;
261F : 00198993;
2620 : 00170713;
2621 : 02E12823;
2622 : 00100713;
2623 : 04E12223;
2624 : E41FF06F;
2625 : 00030593;
2626 : 000D8513;
2627 : 02F12623;
2628 : 03012023;
2629 : 421010EF;
262A : 02012803;
262B : 02C12783;
262C : 00050313;
262D : E40516E3;
262E : 00000793;
262F : A15FF06F;
2630 : 3FDC0793;
2631 : 7F87BA93;
2632 : 00012783;
2633 : 00400693;
2634 : 02D780E3;
2635 : 00E788E3;
2636 : 00012703;
2637 : 00200793;
2638 : 02F70AE3;
2639 : 00300793;
263A : 04012C23;
263B : E8F70263;
263C : C09FF06F;
263D : 02A12623;
263E : 00040513;
263F : 551010EF;
2640 : 02C12583;
2641 : 00050A13;
2642 : 000D8513;
2643 : 414010EF;
2644 : 00012703;
2645 : 00EA66B3;
2646 : 160694E3;
2647 : 01412783;
2648 : 02012703;
2649 : 0007A783;
264A : 0017F793;
264B : 00E7E7B3;
264C : E80796E3;
264D : 03900693;
264E : 00098A13;
264F : 03012783;
2650 : 000A8993;
2651 : 000B8313;
2652 : 000B0713;
2653 : 0EDA88E3;
2654 : 629058E3;
2655 : 00812683;
2656 : 02000D13;
2657 : 03168993;
2658 : 00090893;
2659 : 01370023;
265A : 000A0913;
265B : 00170993;
265C : 00030593;
265D : 000D8513;
265E : 00F12423;
265F : 01112023;
2660 : 3A0010EF;
2661 : 00012883;
2662 : 00812783;
2663 : 72090863;
2664 : 41288633;
2665 : 00C03633;
2666 : 011036B3;
2667 : 00C6F6B3;
2668 : 00068C63;
2669 : 00088593;
266A : 000D8513;
266B : 00F12023;
266C : 370010EF;
266D : 00012783;
266E : 00090593;
266F : 000D8513;
2670 : 00F12023;
2671 : 35C010EF;
2672 : 01812783;
2673 : 00178C13;
2674 : 00012783;
2675 : 8C1FF06F;
2676 : 00098513;
2677 : 00030593;
2678 : 07012823;
2679 : 06F12023;
267A : 1FC050EF;
267B : 9201A783;
267C : 9241A803;
267D : 05012883;
267E : 000A0E93;
267F : 00100713;
2680 : 00040A13;
2681 : 04912823;
2682 : 06012983;
2683 : 00050B93;
2684 : 00058C13;
2685 : 00078A93;
2686 : 00080B13;
2687 : 08E12623;
2688 : 00088413;
2689 : 000E8493;
268A : 0140006F;
268B : 08E12623;
268C : 1B4050EF;
268D : 00050413;
268E : 00058493;
268F : 00040513;
2690 : 00048593;
2691 : 6E5050EF;
2692 : 00050913;
2693 : 02050263;
2694 : 755050EF;
2695 : 00050613;
2696 : 00058693;
2697 : 00040513;
2698 : 00048593;
2699 : 768050EF;
269A : 00050413;
269B : 00058493;
269C : 03090913;
269D : 0FF97913;
269E : 01298023;
269F : 08C12783;
26A0 : 04012803;
26A1 : 00198993;
26A2 : 00040513;
26A3 : 00048593;
26A4 : 000A8613;
26A5 : 000B0693;
26A6 : 00178713;
26A7 : F90798E3;
26A8 : 06012783;
26A9 : 9401A603;
26AA : 9441A683;
26AB : 000B8513;
26AC : 000C0593;
26AD : 06F12A23;
26AE : 06812023;
26AF : 04912023;
26B0 : 0C0040EF;
26B1 : 06012883;
26B2 : 04012683;
26B3 : 05012483;
26B4 : 00088613;
26B5 : 05112823;
26B6 : 03C050EF;
26B7 : 07412783;
26B8 : 000A0413;
26B9 : F6054E63;
26BA : 9401A503;
26BB : 9441A583;
26BC : 000B8613;
26BD : 000C0693;
26BE : 06F12023;
26BF : 6D0050EF;
26C0 : 05012603;
26C1 : 04012683;
26C2 : 73D040EF;
26C3 : 04012E83;
26C4 : 05012883;
26C5 : 06012783;
26C6 : 07012803;
26C7 : 28A040E3;
26C8 : 05C12703;
26C9 : 06812A03;
26CA : 04E12823;
26CB : 03412703;
26CC : 06075063;
26CD : 00000813;
26CE : 03812703;
26CF : 03012683;
26D0 : 00E03733;
26D1 : 00D036B3;
26D2 : 00D77733;
26D3 : 24071263;
26D4 : 03C12703;
26D5 : 03812983;
26D6 : 26070863;
26D7 : 03C12603;
26D8 : 00040593;
26D9 : 000D8513;
26DA : 04F12023;
26DB : 03012A23;
26DC : 7EC010EF;
26DD : 00050413;
26DE : D40500E3;
26DF : 04012783;
26E0 : 03412803;
26E1 : 03312C23;
26E2 : 00000913;
26E3 : B01FF06F;
26E4 : 88082683;
26E5 : 88482703;
26E6 : 00000813;
26E7 : 00D12023;
26E8 : 00E12223;
26E9 : 05012903;
26EA : 000A0993;
26EB : 00412A83;
26EC : 000A0593;
26ED : 00012A03;
26EE : 00100713;
26EF : 000A8693;
26F0 : 000A0613;
26F1 : 00090513;
26F2 : 00F12423;
26F3 : 01012A23;
26F4 : 08E12623;
26F5 : 6F8040EF;
26F6 : 551050EF;
26F7 : 00050493;
26F8 : 5C5050EF;
26F9 : 000A0613;
26FA : 000A8693;
26FB : 7F9040EF;
26FC : 00050613;
26FD : 00058693;
26FE : 00090513;
26FF : 00098593;
2700 : 5CC050EF;
2701 : 00812783;
2702 : 03048713;
2703 : 00000613;
2704 : 00E78023;
2705 : 00178993;
2706 : 01812783;
2707 : 00000693;
2708 : 00050A13;
2709 : 00178C13;
270A : 00058913;
270B : 5A1040EF;
270C : 00812783;
270D : E6050063;
270E : 9241A703;
270F : 01412803;
2710 : 9201A683;
2711 : 02812023;
2712 : 00E12623;
2713 : 00D12423;
2714 : 03012623;
2715 : 00F12A23;
2716 : 000A0413;
2717 : 0780006F;
2718 : 09012623;
2719 : 781040EF;
271A : 00012A03;
271B : 00412A83;
271C : 00050B13;
271D : 000A0613;
271E : 000A8693;
271F : 00058B93;
2720 : 64C040EF;
2721 : 4A5050EF;
2722 : 00050493;
2723 : 519050EF;
2724 : 000A0613;
2725 : 000A8693;
2726 : 74D040EF;
2727 : 00050613;
2728 : 00058693;
2729 : 000B0513;
272A : 000B8593;
272B : 520050EF;
272C : 00198993;
272D : 03048793;
272E : FEF98FA3;
272F : 00000613;
2730 : 00000693;
2731 : 00050413;
2732 : 00058913;
2733 : 501040EF;
2734 : 3E050C63;
2735 : 08C12703;
2736 : 02412783;
2737 : 00812603;
2738 : 00C12683;
2739 : 00040513;
273A : 00090593;
273B : 00170813;
273C : F6F718E3;
273D : 02C12803;
273E : 01412783;
273F : 02012403;
2740 : 5E080E63;
2741 : 00100693;
2742 : 01000D13;
2743 : D8D81463;
2744 : 01812703;
2745 : 06E12623;
2746 : FFF9C903;
2747 : D44FF06F;
2748 : 00000593;
2749 : 000D8513;
274A : 00F12023;
274B : 7F5000EF;
274C : 00812783;
274D : 01000D13;
274E : 40F00C33;
274F : 00012783;
2750 : 00078993;
2751 : D50FF06F;
2752 : 7FD000EF;
2753 : 00050913;
2754 : B60504E3;
2755 : 00050993;
2756 : AFDFF06F;
2757 : 00040593;
2758 : 000D8513;
2759 : 02F12A23;
275A : 03012623;
275B : 02612023;
275C : 754010EF;
275D : 00050413;
275E : B40500E3;
275F : 08C12703;
2760 : 03412783;
2761 : 02C12803;
2762 : 02012303;
2763 : 969FF06F;
2764 : 03812683;
2765 : 03012603;
2766 : 00068713;
2767 : 00D65463;
2768 : 00060713;
2769 : 03812683;
276A : 08E12623;
276B : 40E689B3;
276C : 03012683;
276D : 40E68733;
276E : 02E12823;
276F : 03C12703;
2770 : D8071EE3;
2771 : 03312C23;
2772 : 00000913;
2773 : 8C1FF06F;
2774 : 02412703;
2775 : 03C12683;
2776 : FFF70713;
2777 : 34E6C063;
2778 : 40E68A33;
2779 : 02412703;
277A : 0E0750E3;
277B : 03812703;
277C : 02412683;
277D : 08012623;
277E : 00070993;
277F : 40D70733;
2780 : 02E12C23;
2781 : FE4FF06F;
2782 : 00050593;
2783 : 00070613;
2784 : 000D8513;
2785 : 548010EF;
2786 : 00050313;
2787 : A8050EE3;
2788 : 00012783;
2789 : FFF48693;
278A : 0016B693;
278B : 0027A713;
278C : 00D77733;
278D : 03412803;
278E : 03C12783;
278F : 02071C63;
2790 : 04012223;
2791 : 01032703;
2792 : 02F12A23;
2793 : 03012623;
2794 : 00271713;
2795 : 00E30733;
2796 : 01072503;
2797 : 02612023;
2798 : 03C010EF;
2799 : 03412783;
279A : 02C12803;
279B : 02012303;
279C : 865FF06F;
279D : 02C12703;
279E : 02012683;
279F : 00472703;
27A0 : 00170713;
27A1 : FAD75EE3;
27A2 : 03012703;
27A3 : 00198993;
27A4 : 00170713;
27A5 : 02E12823;
27A6 : 00100713;
27A7 : 04E12223;
27A8 : FA5FF06F;
27A9 : 00100793;
27AA : 40E787B3;
27AB : 02F12C23;
27AC : 01812783;
27AD : 04012623;
27AE : 02012E23;
27AF : 04F12223;
27B0 : 02F12823;
27B1 : 860FF06F;
27B2 : 00012603;
27B3 : 00100713;
27B4 : F0C740E3;
27B5 : 03012703;
27B6 : 03C12A03;
27B7 : 00D70733;
27B8 : 02E12823;
27B9 : 03812703;
27BA : 00E689B3;
27BB : EFCFF06F;
27BC : 00030593;
27BD : 00040513;
27BE : 02F12823;
27BF : 03012623;
27C0 : 02612023;
27C1 : 748010EF;
27C2 : 02012303;
27C3 : 02C12803;
27C4 : 03012783;
27C5 : FE055A63;
27C6 : 00040593;
27C7 : 00000693;
27C8 : 00A00613;
27C9 : 000D8513;
27CA : 02F12623;
27CB : 03012223;
27CC : 615000EF;
27CD : 00050413;
27CE : 980500E3;
27CF : 01812783;
27D0 : 05812703;
27D1 : 02012303;
27D2 : FFF78793;
27D3 : 00F12C23;
27D4 : 02412803;
27D5 : 02C12783;
27D6 : 78071863;
27D7 : 00012703;
27D8 : 00372693;
27D9 : 04812703;
27DA : 0016B693;
27DB : 00172713;
27DC : 00D77733;
27DD : 0C071463;
27DE : 04812703;
27DF : 02E12223;
27E0 : 00090A93;
27E1 : 00078493;
27E2 : 02412903;
27E3 : 00100713;
27E4 : 00030A13;
27E5 : 00080B13;
27E6 : 00078B93;
27E7 : 0200006F;
27E8 : 00040593;
27E9 : 000D8513;
27EA : 59D000EF;
27EB : 00050413;
27EC : 900504E3;
27ED : 08C12703;
27EE : 00170713;
27EF : 000A0593;
27F0 : 00040513;
27F1 : 08E12623;
27F2 : 135000EF;
27F3 : 00148493;
27F4 : 03050993;
27F5 : FF348FA3;
27F6 : 08C12783;
27F7 : 00000693;
27F8 : 00A00613;
27F9 : FB27CEE3;
27FA : 000A8913;
27FB : 000A0313;
27FC : 000B0813;
27FD : 000B8793;
27FE : 00000893;
27FF : 44080C63;
2800 : 00200713;
2801 : 48E80C63;
2802 : 01042683;
2803 : 00100713;
2804 : 24D74263;
2805 : 01442703;
2806 : 22071E63;
2807 : 00E03733;
2808 : 00471D13;
2809 : 03000613;
280A : 00048993;
280B : FFF4C703;
280C : FFF48493;
280D : FEC70AE3;
280E : 939FF06F;
280F : 04812703;
2810 : 02E12223;
2811 : 00030593;
2812 : 00000693;
2813 : 00500613;
2814 : 000D8513;
2815 : 00F12023;
2816 : 4ED000EF;
2817 : 00050593;
2818 : 84050CE3;
2819 : 02412703;
281A : 00012783;
281B : 08071863;
281C : 00A12023;
281D : 00040513;
281E : 00F12A23;
281F : 5D0010EF;
2820 : 00012583;
2821 : 01412783;
2822 : 06A05A63;
2823 : 03100713;
2824 : 00E78023;
2825 : 01812703;
2826 : 00178993;
2827 : 02000D13;
2828 : 00170713;
2829 : 00E12C23;
282A : 000D8513;
282B : 00F12023;
282C : 471000EF;
282D : 00012783;
282E : 900910E3;
282F : 01812703;
2830 : 00170C13;
2831 : 9D0FF06F;
2832 : 02012403;
2833 : 01412783;
2834 : 9C4FF06F;
2835 : 00100793;
2836 : 00000A93;
2837 : 04F12C23;
2838 : E91FE06F;
2839 : 00100793;
283A : 04F12C23;
283B : E85FE06F;
283C : 00100793;
283D : 04F12C23;
283E : C4CFF06F;
283F : 00812703;
2840 : 00078993;
2841 : 01000D13;
2842 : FFF74713;
2843 : 00E12C23;
2844 : F99FF06F;
2845 : 04012C23;
2846 : C2CFF06F;
2847 : 03C12683;
2848 : 04412603;
2849 : 02E12E23;
284A : 40D706B3;
284B : 00D606B3;
284C : 04D12223;
284D : 02412683;
284E : 02412603;
284F : 03812703;
2850 : 08D12623;
2851 : 03012683;
2852 : 00C709B3;
2853 : 00000A13;
2854 : 00C686B3;
2855 : 02D12823;
2856 : C90FF06F;
2857 : 00090593;
2858 : 000A0613;
2859 : 000D8513;
285A : 04F12023;
285B : 03012A23;
285C : 1EC010EF;
285D : 00050913;
285E : F4050063;
285F : 00050593;
2860 : 00040613;
2861 : 000D8513;
2862 : 789000EF;
2863 : F2050663;
2864 : 00040593;
2865 : 04A12823;
2866 : 000D8513;
2867 : 385000EF;
2868 : 03C12703;
2869 : 05012403;
286A : 03412803;
286B : 414707B3;
286C : 02F12E23;
286D : 00078713;
286E : 04012783;
286F : CC070863;
2870 : CA4FF06F;
2871 : 02412683;
2872 : 06012703;
2873 : 9A068E63;
2874 : 04812683;
2875 : A4D05663;
2876 : 00070513;
2877 : 9201A603;
2878 : 9241A683;
2879 : 000A0593;
287A : 06F12023;
287B : 1F9040EF;
287C : 9281A603;
287D : 92C1A683;
287E : 00050A93;
287F : 00058B13;
2880 : 04A12823;
2881 : 00058A13;
2882 : 1DD040EF;
2883 : 9301A603;
2884 : 9341A683;
2885 : 16D030EF;
2886 : 04812783;
2887 : FCC00737;
2888 : 00B70333;
2889 : 04F12023;
288A : FFF00793;
288B : 06F12623;
288C : 00050993;
288D : 06012783;
288E : E59FE06F;
288F : 00170613;
2890 : 03900693;
2891 : 00090893;
2892 : 00060493;
2893 : 000A0913;
2894 : 00D70023;
2895 : 03900613;
2896 : 0080006F;
2897 : 18978A63;
2898 : FFF4C683;
2899 : 00048993;
289A : FFF48493;
289B : FEC688E3;
289C : 00168693;
289D : 00D48023;
289E : 02000D13;
289F : EF4FF06F;
28A0 : 000A0693;
28A1 : D38FF06F;
28A2 : 00090593;
28A3 : 000D8513;
28A4 : 02F12623;
28A5 : 03012023;
28A6 : 00612423;
28A7 : 228010EF;
28A8 : 00812303;
28A9 : 02012803;
28AA : 02C12783;
28AB : 00050913;
28AC : C8051463;
28AD : 00000793;
28AE : 818FF06F;
28AF : 06C12703;
28B0 : 03100913;
28B1 : 00170713;
28B2 : 06E12623;
28B3 : FB9FE06F;
28B4 : 03100713;
28B5 : 00E78023;
28B6 : 00000593;
28B7 : 000D8513;
28B8 : 00178993;
28B9 : 00F12023;
28BA : 239000EF;
28BB : 00012783;
28BC : 00200C13;
28BD : 02000D13;
28BE : F9DFE06F;
28BF : 00090693;
28C0 : 00050613;
28C1 : 00F12423;
28C2 : 079030EF;
28C3 : 00012A03;
28C4 : 00412A83;
28C5 : 00050B13;
28C6 : 000A0613;
28C7 : 000A8693;
28C8 : 00058B93;
28C9 : 720040EF;
28CA : FFF9C903;
28CB : 00812783;
28CC : 0CA04E63;
28CD : 000A0613;
28CE : 000A8693;
28CF : 000B0513;
28D0 : 000B8593;
28D1 : 00F12023;
28D2 : 684040EF;
28D3 : 00012783;
28D4 : 00051663;
28D5 : 0014F693;
28D6 : 0A069A63;
28D7 : 01812703;
28D8 : 00098693;
28D9 : 01000D13;
28DA : 06E12623;
28DB : 03000593;
28DC : FFF6C703;
28DD : 00068993;
28DE : FFF68693;
28DF : FEB70AE3;
28E0 : 06C12703;
28E1 : 00170C13;
28E2 : F0DFE06F;
28E3 : 00492583;
28E4 : 000D8513;
28E5 : 02F12623;
28E6 : 03012023;
28E7 : 00612423;
28E8 : 0C5000EF;
28E9 : 00050493;
28EA : D0050863;
28EB : 01092603;
28EC : 00C90593;
28ED : 00C50513;
28EE : 00260613;
28EF : 00261613;
28F0 : F25FD0EF;
28F1 : 00048593;
28F2 : 000D8513;
28F3 : 00100613;
28F4 : 0F4010EF;
28F5 : 00812303;
28F6 : 02012803;
28F7 : 02C12783;
28F8 : 00050A13;
28F9 : B6051063;
28FA : 00000793;
28FB : EE5FE06F;
28FC : 01812703;
28FD : 03100693;
28FE : 00D78023;
28FF : 00170713;
2900 : 00E12C23;
2901 : 02000D13;
2902 : D68FF06F;
2903 : 01812703;
2904 : 06E12623;
2905 : E4DFE06F;
2906 : 07012783;
2907 : 00040A13;
2908 : 000C0413;
2909 : 00000693;
290A : 000A0513;
290B : 000B8593;
290C : 00000613;
290D : 00F12023;
290E : 594040EF;
290F : 06C12783;
2910 : 00A036B3;
2911 : 00469D13;
2912 : 00178C13;
2913 : 00012783;
2914 : E45FE06F;
2915 : 00040593;
2916 : 00100613;
2917 : 000D8513;
2918 : 00F12A23;
2919 : 00612023;
291A : 01112423;
291B : 058010EF;
291C : 00050413;
291D : C4050263;
291E : 00012583;
291F : 1D0010EF;
2920 : 00012303;
2921 : 00812883;
2922 : 01412783;
2923 : DCA044E3;
2924 : 00051663;
2925 : 0019F993;
2926 : DA099EE3;
2927 : 01042683;
2928 : 00100713;
2929 : 01000D13;
292A : B6D74EE3;
292B : 01442703;
292C : B6DFF06F;
292D : 02012803;
292E : 00098A13;
292F : 03012783;
2930 : 000A8993;
2931 : 000B8313;
2932 : 000B0713;
2933 : 18080463;
2934 : 01042583;
2935 : 00100613;
2936 : 24B65C63;
2937 : 00200693;
2938 : 28D80C63;
2939 : 00090B13;
293A : 000A0493;
293B : 00030A93;
293C : 00070913;
293D : 00078B93;
293E : 0240006F;
293F : 049000EF;
2940 : 000A8593;
2941 : 00050413;
2942 : 00190913;
2943 : BA050663;
2944 : 3EC000EF;
2945 : 00098493;
2946 : 03050993;
2947 : 00048593;
2948 : 000A8513;
2949 : 128010EF;
294A : 00000693;
294B : 00A00613;
294C : 22A05063;
294D : 01390023;
294E : 00048593;
294F : 000D8513;
2950 : 005000EF;
2951 : 00050993;
2952 : 00000693;
2953 : 00A00613;
2954 : 00040593;
2955 : 000D8513;
2956 : B6098063;
2957 : FA9B10E3;
2958 : 00098B13;
2959 : F99FF06F;
295A : 05C12703;
295B : 07812903;
295C : 07C12483;
295D : 04E12823;
295E : 03412703;
295F : 07012783;
2960 : 07412883;
2961 : 06812A03;
2962 : 000C0413;
2963 : 00000813;
2964 : 00074463;
2965 : EC1FE06F;
2966 : FD5FE06F;
2967 : 00000613;
2968 : 00000693;
2969 : 00088513;
296A : 000E8593;
296B : 00F12023;
296C : 41C040EF;
296D : 00A03633;
296E : 00012783;
296F : 00098693;
2970 : 00461D13;
2971 : DA9FF06F;
2972 : 00098713;
2973 : 00090893;
2974 : 02012803;
2975 : 03012783;
2976 : 000A8993;
2977 : 000B8313;
2978 : 00070913;
2979 : A19FF06F;
297A : 03900693;
297B : 03012783;
297C : 00098A13;
297D : 000B8313;
297E : 000B0713;
297F : C4DA82E3;
2980 : 001A8993;
2981 : 013B0023;
2982 : 00090893;
2983 : 00048993;
2984 : 000A0913;
2985 : 02000D13;
2986 : B58FF06F;
2987 : 02412703;
2988 : 03C12683;
2989 : FFF70713;
298A : AEE6CAE3;
298B : 02412603;
298C : 03012683;
298D : 08C12623;
298E : 00C686B3;
298F : 02D12823;
2990 : 03C12683;
2991 : 40E68A33;
2992 : 03812703;
2993 : 00C709B3;
2994 : F99FE06F;
2995 : 04D05A63;
2996 : 00040593;
2997 : 00100613;
2998 : 000D8513;
2999 : 02F12023;
299A : 00E12A23;
299B : 00612023;
299C : 655000EF;
299D : 00050413;
299E : A4050063;
299F : 00012583;
29A0 : 7CD000EF;
29A1 : 00012303;
29A2 : 01412703;
29A3 : 02012783;
29A4 : 0AA05863;
29A5 : 03900693;
29A6 : BAD982E3;
29A7 : 00812683;
29A8 : 03168993;
29A9 : 02000813;
29AA : 01042603;
29AB : 00100693;
29AC : 01000D13;
29AD : AAC6C663;
29AE : 01442683;
29AF : AA069263;
29B0 : 00080D13;
29B1 : A9CFF06F;
29B2 : 02412683;
29B3 : 08E12623;
29B4 : 03012703;
29B5 : 00D70733;
29B6 : 02E12823;
29B7 : 03812703;
29B8 : 00D709B3;
29B9 : F05FE06F;
29BA : 00090593;
29BB : 00000693;
29BC : 00A00613;
29BD : 000D8513;
29BE : 64C000EF;
29BF : 00050913;
29C0 : 9A050C63;
29C1 : 04812703;
29C2 : 02012303;
29C3 : 02412803;
29C4 : 02C12783;
29C5 : 00E04863;
29C6 : 00012703;
29C7 : 00372713;
29C8 : 90070EE3;
29C9 : 04812703;
29CA : 02E12223;
29CB : 800FF06F;
29CC : 01442603;
29CD : DA0614E3;
29CE : F2D040E3;
29CF : A24FF06F;
29D0 : F60512E3;
29D1 : 0019F693;
29D2 : F40696E3;
29D3 : F59FF06F;
29D4 : 03900693;
29D5 : 00090713;
29D6 : 00048A13;
29D7 : 000A8313;
29D8 : 000B0913;
29D9 : 000B8793;
29DA : ACD98AE3;
29DB : 00198993;
29DC : 02000D13;
29DD : 9ECFF06F;
29DE : 01000D13;
29DF : 9E4FF06F;
29E0 : 01042603;
29E1 : 00100693;
29E2 : 01000D13;
29E3 : 9CC6CA63;
29E4 : 01442683;
29E5 : 00D036B3;
29E6 : 00469D13;
29E7 : 9C4FF06F;
29E8 : 000136B7;
29E9 : 00013537;
29EA : FF010113;
29EB : 36868693;
29EC : 37C50513;
29ED : 00000613;
29EE : 03900593;
29EF : 00112623;
29F0 : 339010EF;
29F1 : FF010113;
29F2 : 00812423;
29F3 : 00112623;
29F4 : 01700693;
29F5 : 00050413;
29F6 : 00100713;
29F7 : 00400793;
29F8 : 04B6F063;
29F9 : 00179793;
29FA : 01478693;
29FB : 00070613;
29FC : 00170713;
29FD : FED5F8E3;
29FE : 00060593;
29FF : 02C42E23;
2A00 : 00040513;
2A01 : 460000EF;
2A02 : 02050263;
2A03 : 00C12083;
2A04 : 02A42C23;
2A05 : 00812403;
2A06 : 01010113;
2A07 : 00008067;
2A08 : 02052E23;
2A09 : 00000593;
2A0A : FD9FF06F;
2A0B : F75FF0EF;
2A0C : FE010113;
2A0D : 00812C23;
2A0E : 00912A23;
2A0F : 00112E23;
2A10 : 01700813;
2A11 : 00050493;
2A12 : 00058413;
2A13 : 00100713;
2A14 : 00400793;
2A15 : 06D87C63;
2A16 : 00179793;
2A17 : 01478513;
2A18 : 00070593;
2A19 : 00170713;
2A1A : FEA6F8E3;
2A1B : 02B4AE23;
2A1C : 00048513;
2A1D : 00C12623;
2A1E : 3EC000EF;
2A1F : 00C12603;
2A20 : 06050063;
2A21 : 02A4AC23;
2A22 : 00044783;
2A23 : 00F50023;
2A24 : 04078463;
2A25 : 00140593;
2A26 : 00050793;
2A27 : 0005C703;
2A28 : 00158593;
2A29 : 00178793;
2A2A : 00E78023;
2A2B : FE0718E3;
2A2C : 00060463;
2A2D : 00F62023;
2A2E : 01C12083;
2A2F : 01812403;
2A30 : 01412483;
2A31 : 02010113;
2A32 : 00008067;
2A33 : 02052E23;
2A34 : 00000593;
2A35 : F9DFF06F;
2A36 : 00050793;
2A37 : FD5FF06F;
2A38 : EC1FF0EF;
2A39 : 03C52703;
2A3A : 00100793;
2A3B : 00E797B3;
2A3C : 00F5A423;
2A3D : 00E5A223;
2A3E : 4280006F;
2A3F : 0105A803;
2A40 : 01052783;
2A41 : 1F07C863;
2A42 : FFF80813;
2A43 : 00281293;
2A44 : 01458613;
2A45 : 00560333;
2A46 : 01450E13;
2A47 : 00032783;
2A48 : 005E02B3;
2A49 : 0002A703;
2A4A : FD010113;
2A4B : 00178793;
2A4C : 02112623;
2A4D : 02812423;
2A4E : 02F758B3;
2A4F : 0CF76863;
2A50 : 02912223;
2A51 : 00060F93;
2A52 : 000E0F13;
2A53 : 00000493;
2A54 : 00000413;
2A55 : 000FA783;
2A56 : 000F2E83;
2A57 : 004F0F13;
2A58 : 01079693;
2A59 : 0106D693;
2A5A : 031686B3;
2A5B : 0107D793;
2A5C : 010E9713;
2A5D : 010ED393;
2A5E : 01075713;
2A5F : 004F8F93;
2A60 : 031787B3;
2A61 : 009686B3;
2A62 : 01069E93;
2A63 : 010EDE93;
2A64 : 0106D693;
2A65 : 41D70733;
2A66 : 40870733;
2A67 : 01075E93;
2A68 : 00D787B3;
2A69 : 01079693;
2A6A : 0106D693;
2A6B : 001EFE93;
2A6C : 00DE8EB3;
2A6D : 41D386B3;
2A6E : 01071713;
2A6F : 01069E93;
2A70 : 01075713;
2A71 : 00EEE733;
2A72 : 0106D693;
2A73 : FEEF2E23;
2A74 : 0107D493;
2A75 : 0016F413;
2A76 : F7F37EE3;
2A77 : 0002A783;
2A78 : 10079E63;
2A79 : FFC28293;
2A7A : 005E6863;
2A7B : 0180006F;
2A7C : FFF80813;
2A7D : 005E7863;
2A7E : 0002A783;
2A7F : FFC28293;
2A80 : FE0788E3;
2A81 : 02412483;
2A82 : 01052823;
2A83 : 01112623;
2A84 : 01C12E23;
2A85 : 00612C23;
2A86 : 00C12A23;
2A87 : 01012823;
2A88 : 00050413;
2A89 : 429000EF;
2A8A : 00C12883;
2A8B : 0A054A63;
2A8C : 01C12E03;
2A8D : 01812303;
2A8E : 01412603;
2A8F : 01012803;
2A90 : 00188893;
2A91 : 000E0513;
2A92 : 00000E93;
2A93 : 00052783;
2A94 : 00062683;
2A95 : 00450513;
2A96 : 01079713;
2A97 : 01069F13;
2A98 : 010F5F13;
2A99 : 01075713;
2A9A : 41E70733;
2A9B : 41D70733;
2A9C : 0106D593;
2A9D : 01075693;
2A9E : 0016F693;
2A9F : 00B686B3;
2AA0 : 0107D793;
2AA1 : 40D787B3;
2AA2 : 01071713;
2AA3 : 01079693;
2AA4 : 01075713;
2AA5 : 00E6E733;
2AA6 : 00460613;
2AA7 : 0107D793;
2AA8 : FEE52E23;
2AA9 : 0017FE93;
2AAA : FAC372E3;
2AAB : 00281793;
2AAC : 00FE07B3;
2AAD : 0007A703;
2AAE : 02071463;
2AAF : FFC78793;
2AB0 : 00FE6863;
2AB1 : 0180006F;
2AB2 : FFF80813;
2AB3 : 00FE7863;
2AB4 : 0007A703;
2AB5 : FFC78793;
2AB6 : FE0708E3;
2AB7 : 01042823;
2AB8 : 02C12083;
2AB9 : 02812403;
2ABA : 00088513;
2ABB : 03010113;
2ABC : 00008067;
2ABD : 00000513;
2ABE : 00008067;
2ABF : 02412483;
2AC0 : F0DFF06F;
2AC1 : 01052803;
2AC2 : 4055DE13;
2AC3 : 010E4863;
2AC4 : 00052823;
2AC5 : 00052A23;
2AC6 : 00008067;
2AC7 : 01450313;
2AC8 : 00281613;
2AC9 : 002E1793;
2ACA : 01F5F593;
2ACB : 00C30633;
2ACC : 00F307B3;
2ACD : 06058A63;
2ACE : 0007A683;
2ACF : 00478793;
2AD0 : 00B6D6B3;
2AD1 : 0AC7F063;
2AD2 : 02000E93;
2AD3 : 40BE8EB3;
2AD4 : 00030893;
2AD5 : 0007A703;
2AD6 : 00488893;
2AD7 : 00478793;
2AD8 : 01D71733;
2AD9 : 00D76733;
2ADA : FEE8AE23;
2ADB : FFC7A683;
2ADC : 00B6D6B3;
2ADD : FEC7E0E3;
2ADE : 41C80833;
2ADF : 00281813;
2AE0 : 01030833;
2AE1 : FED82E23;
2AE2 : FFC80813;
2AE3 : 04068263;
2AE4 : 00480813;
2AE5 : 406807B3;
2AE6 : 4027D793;
2AE7 : 00F52823;
2AE8 : F6680AE3;
2AE9 : 00008067;
2AEA : 00030713;
2AEB : F6C7F2E3;
2AEC : 0007A683;
2AED : 00478793;
2AEE : 00470713;
2AEF : FED72E23;
2AF0 : FEC7E8E3;
2AF1 : 41C80833;
2AF2 : 00281813;
2AF3 : 01030833;
2AF4 : 406807B3;
2AF5 : 4027D793;
2AF6 : 00F52823;
2AF7 : F2680CE3;
2AF8 : 00008067;
2AF9 : 00D52A23;
2AFA : F20684E3;
2AFB : 00100793;
2AFC : 00F52823;
2AFD : 00008067;
2AFE : 01052683;
2AFF : 01450513;
2B00 : 00000793;
2B01 : 00269693;
2B02 : 00D506B3;
2B03 : 00D56A63;
2B04 : 04C0006F;
2B05 : 00450513;
2B06 : 02078793;
2B07 : 04D57063;
2B08 : 00052703;
2B09 : FE0708E3;
2B0A : 02D57A63;
2B0B : FD010113;
2B0C : 01C10513;
2B0D : 02112623;
2B0E : 00F12623;
2B0F : 00E12E23;
2B10 : 2E8000EF;
2B11 : 00C12783;
2B12 : 02C12083;
2B13 : 00A787B3;
2B14 : 00078513;
2B15 : 03010113;
2B16 : 00008067;
2B17 : 00078513;
2B18 : 00008067;
2B19 : 04452783;
2B1A : FE010113;
2B1B : 00112E23;
2B1C : 00050693;
2B1D : 00058813;
2B1E : 02078A63;
2B1F : 00281713;
2B20 : 00E78733;
2B21 : 00072783;
2B22 : 04078E63;
2B23 : 0007A683;
2B24 : 00D72023;
2B25 : 0007A823;
2B26 : 0007A623;
2B27 : 01C12083;
2B28 : 00078513;
2B29 : 02010113;
2B2A : 00008067;
2B2B : 00B12623;
2B2C : 02100613;
2B2D : 00400593;
2B2E : 00A12423;
2B2F : 68C010EF;
2B30 : 00812683;
2B31 : 00C12803;
2B32 : 00050793;
2B33 : 04A6A223;
2B34 : FC0506E3;
2B35 : 00281713;
2B36 : 00E78733;
2B37 : 00072783;
2B38 : FA0796E3;
2B39 : 00100593;
2B3A : 01059733;
2B3B : 00570613;
2B3C : 00068513;
2B3D : 00261613;
2B3E : 01012623;
2B3F : 00E12423;
2B40 : 648010EF;
2B41 : 00050793;
2B42 : F8050AE3;
2B43 : 00C12803;
2B44 : 00812703;
2B45 : 01052223;
2B46 : 00E52423;
2B47 : F79FF06F;
2B48 : 02058063;
2B49 : 0045A703;
2B4A : 04452783;
2B4B : 00271713;
2B4C : 00E787B3;
2B4D : 0007A703;
2B4E : 00E5A023;
2B4F : 00B7A023;
2B50 : 00008067;
2B51 : 0105AE03;
2B52 : 00058E93;
2B53 : 00068313;
2B54 : 01458813;
2B55 : 00000893;
2B56 : 00082783;
2B57 : 00480813;
2B58 : 00188893;
2B59 : 01079713;
2B5A : 01075713;
2B5B : 0107D693;
2B5C : 02C707B3;
2B5D : 02C686B3;
2B5E : 006787B3;
2B5F : 0107D713;
2B60 : 01079793;
2B61 : 0107D793;
2B62 : 00E686B3;
2B63 : 01069713;
2B64 : 00F707B3;
2B65 : FEF82E23;
2B66 : 0106D313;
2B67 : FBC8CEE3;
2B68 : 02030063;
2B69 : 008EA783;
2B6A : 02FE5063;
2B6B : 002E1713;
2B6C : 00EE8733;
2B6D : 00672A23;
2B6E : 001E0793;
2B6F : 00FEA823;
2B70 : 000E8513;
2B71 : 00008067;
2B72 : 004EA583;
2B73 : FE010113;
2B74 : 00812C23;
2B75 : 00158593;
2B76 : 00612423;
2B77 : 01C12223;
2B78 : 01D12023;
2B79 : 00112E23;
2B7A : 00050413;
2B7B : E79FF0EF;
2B7C : 00012E83;
2B7D : 00412E03;
2B7E : 00812303;
2B7F : 00050713;
2B80 : 08050063;
2B81 : 010EA603;
2B82 : 00CE8593;
2B83 : 00C50513;
2B84 : 00260613;
2B85 : 00261613;
2B86 : 00612623;
2B87 : 01C12423;
2B88 : 01D12223;
2B89 : 00E12023;
2B8A : CBCFD0EF;
2B8B : 00412E83;
2B8C : 04442783;
2B8D : 00812E03;
2B8E : 004EA683;
2B8F : 00C12303;
2B90 : 002E1713;
2B91 : 00269693;
2B92 : 00D787B3;
2B93 : 0007A683;
2B94 : 01C12083;
2B95 : 01812403;
2B96 : 00DEA023;
2B97 : 01D7A023;
2B98 : 00012E83;
2B99 : 001E0793;
2B9A : 00EE8733;
2B9B : 00672A23;
2B9C : 00FEA823;
2B9D : 000E8513;
2B9E : 02010113;
2B9F : 00008067;
2BA0 : 000136B7;
2BA1 : 00013537;
2BA2 : 36868693;
2BA3 : 3C450513;
2BA4 : 00000613;
2BA5 : 0BA00593;
2BA6 : 460010EF;
2BA7 : 00050793;
2BA8 : 00010737;
2BA9 : 00000513;
2BAA : 00E7F663;
2BAB : 01079793;
2BAC : 01000513;
2BAD : 01000737;
2BAE : 00E7F663;
2BAF : 00850513;
2BB0 : 00879793;
2BB1 : 10000737;
2BB2 : 00E7EE63;
2BB3 : 40000737;
2BB4 : 02E7FE63;
2BB5 : 00279713;
2BB6 : 04074463;
2BB7 : 00350513;
2BB8 : 00008067;
2BB9 : 00479713;
2BBA : 400006B7;
2BBB : 00450513;
2BBC : 02D77063;
2BBD : 00679793;
2BBE : 0207C463;
2BBF : 00179713;
2BC0 : FC074EE3;
2BC1 : 02000513;
2BC2 : 00008067;
2BC3 : 00078713;
2BC4 : FFF74713;
2BC5 : 01F75713;
2BC6 : 00E50533;
2BC7 : 00008067;
2BC8 : 00250513;
2BC9 : 00008067;
2BCA : 00052783;
2BCB : 0077F713;
2BCC : 02070663;
2BCD : 0017F693;
2BCE : 00000713;
2BCF : 00069C63;
2BD0 : 0027F713;
2BD1 : 0A070E63;
2BD2 : 0017D793;
2BD3 : 00F52023;
2BD4 : 00100713;
2BD5 : 00070513;
2BD6 : 00008067;
2BD7 : 01079713;
2BD8 : 01075713;
2BD9 : 04071463;
2BDA : 0107D793;
2BDB : 0FF7F693;
2BDC : 01000713;
2BDD : 00069663;
2BDE : 01800713;
2BDF : 0087D793;
2BE0 : 00F7F693;
2BE1 : 06068263;
2BE2 : 0037F693;
2BE3 : 04068063;
2BE4 : 0017F693;
2BE5 : 00069663;
2BE6 : 00170713;
2BE7 : 0017D793;
2BE8 : 00F52023;
2BE9 : 00070513;
2BEA : 00008067;
2BEB : 0FF7F713;
2BEC : 04070263;
2BED : 00F7F713;
2BEE : 04071E63;
2BEF : 00400713;
2BF0 : 0047D793;
2BF1 : 0037F693;
2BF2 : FC0694E3;
2BF3 : 0027D693;
2BF4 : 0016F613;
2BF5 : 04060863;
2BF6 : 00068793;
2BF7 : 00270713;
2BF8 : 00F52023;
2BF9 : FC1FF06F;
2BFA : 00470713;
2BFB : 0047D793;
2BFC : FD5FF06F;
2BFD : 00800713;
2BFE : 0087D793;
2BFF : F85FF06F;
2C00 : 0027D793;
2C01 : 00200713;
2C02 : 00F52023;
2C03 : 00070513;
2C04 : 00008067;
2C05 : 0037D793;
2C06 : 00300713;
2C07 : 00F52023;
2C08 : F85FF06F;
2C09 : 0037D793;
2C0A : 00079663;
2C0B : 02000713;
2C0C : F25FF06F;
2C0D : 00370713;
2C0E : 00F52023;
2C0F : F69FF06F;
2C10 : 04452783;
2C11 : FE010113;
2C12 : 00112E23;
2C13 : 00050713;
2C14 : 00058693;
2C15 : 02078863;
2C16 : 0047A503;
2C17 : 06050663;
2C18 : 00052703;
2C19 : 01C12083;
2C1A : 00E7A223;
2C1B : 00100793;
2C1C : 00052623;
2C1D : 00D52A23;
2C1E : 00F52823;
2C1F : 02010113;
2C20 : 00008067;
2C21 : 00B12623;
2C22 : 02100613;
2C23 : 00400593;
2C24 : 00A12423;
2C25 : 2B4010EF;
2C26 : 00812703;
2C27 : 00C12683;
2C28 : 00050793;
2C29 : 04A72223;
2C2A : FA0518E3;
2C2B : 000136B7;
2C2C : 00013537;
2C2D : 36868693;
2C2E : 3C450513;
2C2F : 00000613;
2C30 : 14500593;
2C31 : 234010EF;
2C32 : 00070513;
2C33 : 01C00613;
2C34 : 00100593;
2C35 : 00D12423;
2C36 : 270010EF;
2C37 : FC0508E3;
2C38 : 00812683;
2C39 : 01C12083;
2C3A : 00200793;
2C3B : 00F52423;
2C3C : 00100713;
2C3D : 00100793;
2C3E : 00E52223;
2C3F : 00052623;
2C40 : 00D52A23;
2C41 : 00F52823;
2C42 : 02010113;
2C43 : 00008067;
2C44 : FE010113;
2C45 : 01212823;
2C46 : 01312623;
2C47 : 0105A903;
2C48 : 01062983;
2C49 : 00912A23;
2C4A : 01412423;
2C4B : 00112E23;
2C4C : 00812C23;
2C4D : 00058A13;
2C4E : 00060493;
2C4F : 01394C63;
2C50 : 00098713;
2C51 : 00058493;
2C52 : 00090993;
2C53 : 00060A13;
2C54 : 00070913;
2C55 : 0084A783;
2C56 : 0044A583;
2C57 : 01298433;
2C58 : 0087A7B3;
2C59 : 00F585B3;
2C5A : AFDFF0EF;
2C5B : 1C050A63;
2C5C : 01450893;
2C5D : 00241813;
2C5E : 01088833;
2C5F : 0108FA63;
2C60 : 00088793;
2C61 : 0007A023;
2C62 : 00478793;
2C63 : FF07ECE3;
2C64 : 014A0593;
2C65 : 00291313;
2C66 : 00658333;
2C67 : 1665F263;
2C68 : 00299693;
2C69 : 01448E93;
2C6A : 00DE86B3;
2C6B : 01548E13;
2C6C : 01C6BE33;
2C6D : 40968633;
2C6E : 001E4E13;
2C6F : FEB60613;
2C70 : 0180006F;
2C71 : 010FDF93;
2C72 : 0A0F9663;
2C73 : 00458593;
2C74 : 00488893;
2C75 : 1265F663;
2C76 : 0005AF83;
2C77 : 010F9393;
2C78 : 0103D393;
2C79 : FE0380E3;
2C7A : 00088293;
2C7B : 000E8F93;
2C7C : 00000493;
2C7D : 000FA783;
2C7E : 0002AF03;
2C7F : 00428293;
2C80 : 01079713;
2C81 : 01075713;
2C82 : 02770733;
2C83 : 0107D793;
2C84 : 010F1913;
2C85 : 01095913;
2C86 : 010F5F13;
2C87 : 004F8F93;
2C88 : 027787B3;
2C89 : 01270733;
2C8A : 00970733;
2C8B : 01E787B3;
2C8C : 01075F13;
2C8D : 01E787B3;
2C8E : 01071713;
2C8F : 01075713;
2C90 : 01079F13;
2C91 : 00EF6733;
2C92 : FEE2AE23;
2C93 : 0107D493;
2C94 : FADFE2E3;
2C95 : 00000793;
2C96 : 000E0463;
2C97 : FFC67793;
2C98 : 00F887B3;
2C99 : 0097A223;
2C9A : 0005AF83;
2C9B : 010FDF93;
2C9C : F40F8EE3;
2C9D : 0008A783;
2C9E : 00088293;
2C9F : 000E8F13;
2CA0 : 00078493;
2CA1 : 00000393;
2CA2 : 000F5703;
2CA3 : 0104D993;
2CA4 : 01079793;
2CA5 : 03F70733;
2CA6 : 0107D793;
2CA7 : 004F0F13;
2CA8 : 0042A483;
2CA9 : 00428293;
2CAA : 01049913;
2CAB : 01095913;
2CAC : 00770733;
2CAD : 01370733;
2CAE : 01071393;
2CAF : 00F3E7B3;
2CB0 : FEF2AE23;
2CB1 : FFEF5783;
2CB2 : 01075713;
2CB3 : 03F787B3;
2CB4 : 012787B3;
2CB5 : 00E787B3;
2CB6 : 0107D393;
2CB7 : FADF66E3;
2CB8 : 00000713;
2CB9 : 000E0463;
2CBA : FFC67713;
2CBB : 00E88733;
2CBC : 00F72223;
2CBD : 00458593;
2CBE : 00488893;
2CBF : EC65EEE3;
2CC0 : 00804863;
2CC1 : 0180006F;
2CC2 : FFF40413;
2CC3 : 00040863;
2CC4 : FFC82783;
2CC5 : FFC80813;
2CC6 : FE0788E3;
2CC7 : 01C12083;
2CC8 : 00852823;
2CC9 : 01812403;
2CCA : 01412483;
2CCB : 01012903;
2CCC : 00C12983;
2CCD : 00812A03;
2CCE : 02010113;
2CCF : 00008067;
2CD0 : 000136B7;
2CD1 : 00013537;
2CD2 : 36868693;
2CD3 : 3C450513;
2CD4 : 00000613;
2CD5 : 16200593;
2CD6 : 7A1000EF;
2CD7 : FE010113;
2CD8 : 00812C23;
2CD9 : 01212823;
2CDA : 01312623;
2CDB : 00112E23;
2CDC : 00367793;
2CDD : 00060413;
2CDE : 00050993;
2CDF : 00058913;
2CE0 : 0C079A63;
2CE1 : 40245413;
2CE2 : 0A040863;
2CE3 : 00912A23;
2CE4 : 0409A483;
2CE5 : 0E048263;
2CE6 : 00147793;
2CE7 : 40145413;
2CE8 : 00079E63;
2CE9 : 0004A503;
2CEA : 04050A63;
2CEB : 00050493;
2CEC : 00147793;
2CED : 40145413;
2CEE : FE0786E3;
2CEF : 00048613;
2CF0 : 00090593;
2CF1 : 00098513;
2CF2 : D49FF0EF;
2CF3 : 02090063;
2CF4 : 00492703;
2CF5 : 0449A783;
2CF6 : 00271713;
2CF7 : 00E787B3;
2CF8 : 0007A703;
2CF9 : 00E92023;
2CFA : 0127A023;
2CFB : 02040863;
2CFC : 00050913;
2CFD : 0004A503;
2CFE : FA051AE3;
2CFF : 00048613;
2D00 : 00048593;
2D01 : 00098513;
2D02 : D09FF0EF;
2D03 : 00A4A023;
2D04 : 00052023;
2D05 : 00050493;
2D06 : F99FF06F;
2D07 : 01C12083;
2D08 : 01812403;
2D09 : 01412483;
2D0A : 01012903;
2D0B : 00C12983;
2D0C : 02010113;
2D0D : 00008067;
2D0E : 01C12083;
2D0F : 01812403;
2D10 : 00C12983;
2D11 : 00090513;
2D12 : 01012903;
2D13 : 02010113;
2D14 : 00008067;
2D15 : 00014737;
2D16 : 87070713;
2D17 : 00279793;
2D18 : 00F707B3;
2D19 : FFC7A603;
2D1A : 00000693;
2D1B : 8D9FF0EF;
2D1C : 00050913;
2D1D : F11FF06F;
2D1E : 00100593;
2D1F : 00098513;
2D20 : FE4FF0EF;
2D21 : 00050493;
2D22 : 02050063;
2D23 : 27100713;
2D24 : 00100793;
2D25 : 00E52A23;
2D26 : 00F52823;
2D27 : 04A9A023;
2D28 : 00052023;
2D29 : EF5FF06F;
2D2A : 000136B7;
2D2B : 00013537;
2D2C : 36868693;
2D2D : 3C450513;
2D2E : 00000613;
2D2F : 14500593;
2D30 : 639000EF;
2D31 : FD010113;
2D32 : 03212023;
2D33 : 0105A903;
2D34 : 0085A783;
2D35 : 01412C23;
2D36 : 40565A13;
2D37 : 012A0933;
2D38 : 02812423;
2D39 : 02912223;
2D3A : 01312E23;
2D3B : 02112623;
2D3C : 00190413;
2D3D : 00058493;
2D3E : 00050993;
2D3F : 0045A583;
2D40 : 0087D863;
2D41 : 00179793;
2D42 : 00158593;
2D43 : FE87CCE3;
2D44 : 00098513;
2D45 : 00C12623;
2D46 : F4CFF0EF;
2D47 : 00C12603;
2D48 : 10050863;
2D49 : 01450593;
2D4A : 03405463;
2D4B : 005A0713;
2D4C : 00271713;
2D4D : 00E50733;
2D4E : 00058793;
2D4F : 00478793;
2D50 : FE07AE23;
2D51 : FEE79CE3;
2D52 : 002A1A13;
2D53 : 014585B3;
2D54 : 0104A803;
2D55 : 01448793;
2D56 : 01F67613;
2D57 : 00281813;
2D58 : 01078833;
2D59 : 0A060063;
2D5A : 02000313;
2D5B : 40C30333;
2D5C : 00058893;
2D5D : 00000693;
2D5E : 0007A703;
2D5F : 00488893;
2D60 : 00478793;
2D61 : 00C71733;
2D62 : 00D76733;
2D63 : FEE8AE23;
2D64 : FFC7A683;
2D65 : 0066D6B3;
2D66 : FF07E0E3;
2D67 : 01548793;
2D68 : 00000713;
2D69 : 00F86863;
2D6A : 40980833;
2D6B : FEB80813;
2D6C : FFC87713;
2D6D : 00E585B3;
2D6E : 00D5A223;
2D6F : 00068463;
2D70 : 00040913;
2D71 : 0044A703;
2D72 : 0449A783;
2D73 : 02C12083;
2D74 : 00271713;
2D75 : 00E787B3;
2D76 : 0007A703;
2D77 : 01252823;
2D78 : 02812403;
2D79 : 00E4A023;
2D7A : 0097A023;
2D7B : 02012903;
2D7C : 02412483;
2D7D : 01C12983;
2D7E : 01812A03;
2D7F : 03010113;
2D80 : 00008067;
2D81 : 0007A703;
2D82 : 00478793;
2D83 : 00458593;
2D84 : FEE5AE23;
2D85 : FB07F8E3;
2D86 : 0007A703;
2D87 : 00478793;
2D88 : 00458593;
2D89 : FEE5AE23;
2D8A : FD07EEE3;
2D8B : F99FF06F;
2D8C : 000136B7;
2D8D : 00013537;
2D8E : 36868693;
2D8F : 3C450513;
2D90 : 00000613;
2D91 : 1DE00593;
2D92 : 4B1000EF;
2D93 : 01052703;
2D94 : 0105A783;
2D95 : 00050613;
2D96 : 40F70533;
2D97 : 04F71463;
2D98 : 00279793;
2D99 : 01460613;
2D9A : 01458593;
2D9B : 00F585B3;
2D9C : 00F607B3;
2D9D : 0080006F;
2D9E : 02F67663;
2D9F : FFC7A703;
2DA0 : FFC5A683;
2DA1 : FFC78793;
2DA2 : FFC58593;
2DA3 : FED706E3;
2DA4 : 00D73733;
2DA5 : FFF70713;
2DA6 : 00277513;
2DA7 : FFF50513;
2DA8 : 00008067;
2DA9 : 00008067;
2DAA : 0105A703;
2DAB : 01062783;
2DAC : FE010113;
2DAD : 00112E23;
2DAE : 00058F13;
2DAF : 40F708B3;
2DB0 : 04F71063;
2DB1 : 00279693;
2DB2 : 01458593;
2DB3 : 01460713;
2DB4 : 00D587B3;
2DB5 : 00D70733;
2DB6 : 0080006F;
2DB7 : 18F5FC63;
2DB8 : FFC7A803;
2DB9 : FFC72683;
2DBA : FFC78793;
2DBB : FFC70713;
2DBC : FED806E3;
2DBD : 1AD87263;
2DBE : 00100893;
2DBF : 0180006F;
2DC0 : FE08CCE3;
2DC1 : 00060793;
2DC2 : 00000893;
2DC3 : 00058613;
2DC4 : 00078F13;
2DC5 : 00462583;
2DC6 : 01E12623;
2DC7 : 01112423;
2DC8 : 00C12223;
2DC9 : D40FF0EF;
2DCA : 00412603;
2DCB : 00812883;
2DCC : 00C12F03;
2DCD : 18050863;
2DCE : 01062803;
2DCF : 010F2F83;
2DD0 : 01460293;
2DD1 : 00281713;
2DD2 : 002F9F93;
2DD3 : 014F0613;
2DD4 : 01450393;
2DD5 : 01152623;
2DD6 : 00E28333;
2DD7 : 01F60FB3;
2DD8 : 00028E93;
2DD9 : 00038E13;
2DDA : 00000893;
2DDB : 000EA703;
2DDC : 00062683;
2DDD : 004E0E13;
2DDE : 01071793;
2DDF : 01069593;
2DE0 : 0107D793;
2DE1 : 0105D593;
2DE2 : 40B787B3;
2DE3 : 011787B3;
2DE4 : 0106D693;
2DE5 : 01075713;
2DE6 : 40D70733;
2DE7 : 4107D693;
2DE8 : 00D70733;
2DE9 : 01079793;
2DEA : 0107D793;
2DEB : 01071693;
2DEC : 00D7E7B3;
2DED : 00460613;
2DEE : FEFE2E23;
2DEF : 004E8E93;
2DF0 : 41075893;
2DF1 : FBF664E3;
2DF2 : 015F0693;
2DF3 : 00000713;
2DF4 : 00DFE863;
2DF5 : 41EF8FB3;
2DF6 : FEBF8F93;
2DF7 : FFCFF713;
2DF8 : 00570EB3;
2DF9 : 004E8E93;
2DFA : 00E38733;
2DFB : 40538E33;
2DFC : 000E8613;
2DFD : 00470F13;
2DFE : 046EFC63;
2DFF : 00062683;
2E00 : 01C605B3;
2E01 : 00460613;
2E02 : 01069713;
2E03 : 01075713;
2E04 : 01170733;
2E05 : 011687B3;
2E06 : 41075713;
2E07 : 0106D693;
2E08 : 00D70733;
2E09 : 01079793;
2E0A : 0107D793;
2E0B : 01071693;
2E0C : 00D7E7B3;
2E0D : 00F5A023;
2E0E : 41075893;
2E0F : FC6660E3;
2E10 : FFF30713;
2E11 : 41D70733;
2E12 : FFC77713;
2E13 : 01E70733;
2E14 : 00079A63;
2E15 : FFC72783;
2E16 : FFC70713;
2E17 : FFF80813;
2E18 : FE078AE3;
2E19 : 01C12083;
2E1A : 01052823;
2E1B : 02010113;
2E1C : 00008067;
2E1D : 00000593;
2E1E : BECFF0EF;
2E1F : 02050663;
2E20 : 01C12083;
2E21 : 00100793;
2E22 : 00052A23;
2E23 : 00F52823;
2E24 : 02010113;
2E25 : 00008067;
2E26 : 00060793;
2E27 : 000F0613;
2E28 : 00078F13;
2E29 : E71FF06F;
2E2A : 000136B7;
2E2B : 00013537;
2E2C : 36868693;
2E2D : 3C450513;
2E2E : 00000613;
2E2F : 23700593;
2E30 : 239000EF;
2E31 : 000136B7;
2E32 : 00013537;
2E33 : 36868693;
2E34 : 3C450513;
2E35 : 00000613;
2E36 : 24500593;
2E37 : 21D000EF;
2E38 : FD010113;
2E39 : 02812423;
2E3A : 01052403;
2E3B : 02912223;
2E3C : 01450493;
2E3D : 00241413;
2E3E : 00848433;
2E3F : 03212023;
2E40 : FFC42903;
2E41 : 01312E23;
2E42 : 00B12623;
2E43 : 00090513;
2E44 : 02112623;
2E45 : D88FF0EF;
2E46 : 00C12583;
2E47 : 02000713;
2E48 : 40A707B3;
2E49 : 00F5A023;
2E4A : 00A00793;
2E4B : FFC40993;
2E4C : 08A7DA63;
2E4D : FF550613;
2E4E : 0534F063;
2E4F : FF842783;
2E50 : 04060C63;
2E51 : 40C706B3;
2E52 : 00D7D733;
2E53 : 00C91933;
2E54 : 00E96933;
2E55 : 00C797B3;
2E56 : 3FF00737;
2E57 : FF840613;
2E58 : 00E96733;
2E59 : 02C4FE63;
2E5A : FF442603;
2E5B : 00D656B3;
2E5C : 00D7E7B3;
2E5D : 02C0006F;
2E5E : 00B00793;
2E5F : 00F50C63;
2E60 : 00C91933;
2E61 : 3FF00737;
2E62 : 00E96733;
2E63 : 00000793;
2E64 : 0100006F;
2E65 : 00000793;
2E66 : 3FF00737;
2E67 : 00E96733;
2E68 : 02C12083;
2E69 : 02812403;
2E6A : 02412483;
2E6B : 02012903;
2E6C : 01C12983;
2E6D : 00078513;
2E6E : 00070593;
2E6F : 03010113;
2E70 : 00008067;
2E71 : 00B00693;
2E72 : 40A686B3;
2E73 : 3FF007B7;
2E74 : 00D95733;
2E75 : 00F76733;
2E76 : 00000793;
2E77 : 0134F663;
2E78 : FF842783;
2E79 : 00D7D7B3;
2E7A : 01550513;
2E7B : 00A91933;
2E7C : 00F967B3;
2E7D : FADFF06F;
2E7E : 2A058663;
2E7F : FE010113;
2E80 : 00812C23;
2E81 : 00912A23;
2E82 : 00058413;
2E83 : 00112E23;
2E84 : 00050493;
2E85 : 00C12023;
2E86 : F8DF70EF;
2E87 : 00012583;
2E88 : 01600713;
2E89 : 00B58793;
2E8A : 14F76863;
2E8B : 01000613;
2E8C : 00060793;
2E8D : 00000713;
2E8E : 00B7B6B3;
2E8F : 00D76733;
2E90 : 14071863;
2E91 : FFC42503;
2E92 : FF840893;
2E93 : FFC57713;
2E94 : 1EC75463;
2E95 : 000146B7;
2E96 : E8868E93;
2E97 : 008EA303;
2E98 : 00E88833;
2E99 : 00482683;
2E9A : 27030A63;
2E9B : FFE6F313;
2E9C : 00680333;
2E9D : 00432303;
2E9E : 00137313;
2E9F : 20031663;
2EA0 : FFC6F693;
2EA1 : 00E686B3;
2EA2 : 32C6D063;
2EA3 : 00157513;
2EA4 : 02051263;
2EA5 : FF842303;
2EA6 : 40688333;
2EA7 : 00432503;
2EA8 : FFC57513;
2EA9 : 00A686B3;
2EAA : 32C6DE63;
2EAB : 00A706B3;
2EAC : 10C6D263;
2EAD : 00048513;
2EAE : 00E12423;
2EAF : 01112223;
2EB0 : 00F12023;
2EB1 : E64F70EF;
2EB2 : 00012783;
2EB3 : 00412883;
2EB4 : 00812703;
2EB5 : 00050693;
2EB6 : 42050263;
2EB7 : FFC42603;
2EB8 : FF850593;
2EB9 : FFE67613;
2EBA : 00C88633;
2EBB : 2CB60A63;
2EBC : FFC70613;
2EBD : 02400593;
2EBE : 2CC5EC63;
2EBF : 01300513;
2EC0 : 00068793;
2EC1 : 00040713;
2EC2 : 02C57263;
2EC3 : 00042703;
2EC4 : 01B00793;
2EC5 : 00E6A023;
2EC6 : 00442703;
2EC7 : 00E6A223;
2EC8 : 36C7EE63;
2EC9 : 00840713;
2ECA : 00868793;
2ECB : 00072603;
2ECC : 00C7A023;
2ECD : 00472603;
2ECE : 00C7A223;
2ECF : 00872703;
2ED0 : 00E7A423;
2ED1 : 00040593;
2ED2 : 00048513;
2ED3 : 00D12023;
2ED4 : AF4F70EF;
2ED5 : 00048513;
2ED6 : E51F70EF;
2ED7 : 00012683;
2ED8 : 01C12083;
2ED9 : 01812403;
2EDA : 01412483;
2EDB : 00068513;
2EDC : 02010113;
2EDD : 00008067;
2EDE : FF87F793;
2EDF : 01F7D713;
2EE0 : 00B7B6B3;
2EE1 : 00D76733;
2EE2 : 00078613;
2EE3 : EA070CE3;
2EE4 : 01C12083;
2EE5 : 01812403;
2EE6 : 00C00793;
2EE7 : 00F4A023;
2EE8 : 00000693;
2EE9 : 01412483;
2EEA : 00068513;
2EEB : 02010113;
2EEC : 00008067;
2EED : 00C32583;
2EEE : 00832503;
2EEF : FFC70613;
2EF0 : 02400813;
2EF1 : 00B52623;
2EF2 : 00A5A423;
2EF3 : 00830713;
2EF4 : 28C86E63;
2EF5 : 01300513;
2EF6 : 00070593;
2EF7 : 02C57C63;
2EF8 : 00042503;
2EF9 : 01B00593;
2EFA : 00A32423;
2EFB : 00442503;
2EFC : 00A32623;
2EFD : 2EC5FE63;
2EFE : 00842583;
2EFF : 00B32823;
2F00 : 00C42583;
2F01 : 00B32A23;
2F02 : 25060463;
2F03 : 01040413;
2F04 : 01830593;
2F05 : 00042603;
2F06 : 00C5A023;
2F07 : 00442603;
2F08 : 00C5A223;
2F09 : 00842603;
2F0A : 00C5A423;
2F0B : 00070413;
2F0C : 00030893;
2F0D : 00068713;
2F0E : 0048A683;
2F0F : 40F70533;
2F10 : 00F00593;
2F11 : 0016F693;
2F12 : 00E88633;
2F13 : 06A5E063;
2F14 : 00D766B3;
2F15 : 00D8A223;
2F16 : 00462783;
2F17 : 0017E793;
2F18 : 00F62223;
2F19 : 00048513;
2F1A : D41F70EF;
2F1B : 00040693;
2F1C : 01C12083;
2F1D : 01812403;
2F1E : 01412483;
2F1F : 00068513;
2F20 : 02010113;
2F21 : 00008067;
2F22 : 00157513;
2F23 : E20514E3;
2F24 : FF842303;
2F25 : 40688333;
2F26 : 00432503;
2F27 : FFC57513;
2F28 : E0DFF06F;
2F29 : 00060593;
2F2A : C80F706F;
2F2B : 00D7E6B3;
2F2C : 00D8A223;
2F2D : 00F885B3;
2F2E : 00156513;
2F2F : 00A5A223;
2F30 : 00462783;
2F31 : 00858593;
2F32 : 00048513;
2F33 : 0017E793;
2F34 : 00F62223;
2F35 : 970F70EF;
2F36 : F8DFF06F;
2F37 : FFC6F693;
2F38 : 00E686B3;
2F39 : 01078E13;
2F3A : 1DC6DA63;
2F3B : 00157513;
2F3C : DC0512E3;
2F3D : FF842303;
2F3E : 40688333;
2F3F : 00432503;
2F40 : FFC57513;
2F41 : 00A68833;
2F42 : DBC842E3;
2F43 : 00C32683;
2F44 : 00832583;
2F45 : FFC70613;
2F46 : 02400513;
2F47 : 00D5A623;
2F48 : 00B6A423;
2F49 : 00830693;
2F4A : 20C56263;
2F4B : 01300593;
2F4C : 00068713;
2F4D : 02C5F263;
2F4E : 00042583;
2F4F : 01B00713;
2F50 : 00B32423;
2F51 : 00442583;
2F52 : 00B32623;
2F53 : 20C76C63;
2F54 : 00840413;
2F55 : 01030713;
2F56 : 00042603;
2F57 : 00C72023;
2F58 : 00442603;
2F59 : 00C72223;
2F5A : 00842603;
2F5B : 00C72423;
2F5C : 00F30633;
2F5D : 40F80733;
2F5E : 00CEA423;
2F5F : 00176713;
2F60 : 00E62223;
2F61 : 00432703;
2F62 : 00048513;
2F63 : 00D12023;
2F64 : 00177713;
2F65 : 00F767B3;
2F66 : 00F32223;
2F67 : C0DF70EF;
2F68 : 00012683;
2F69 : ECDFF06F;
2F6A : 00C82603;
2F6B : 00882583;
2F6C : 00068713;
2F6D : 00C5A623;
2F6E : 00B62423;
2F6F : E7DFF06F;
2F70 : FFC52683;
2F71 : FFC6F693;
2F72 : 00D70733;
2F73 : E6DFF06F;
2F74 : 00040593;
2F75 : 00A12023;
2F76 : 998FC0EF;
2F77 : 00012683;
2F78 : D65FF06F;
2F79 : 00C82583;
2F7A : 00882503;
2F7B : FFC70613;
2F7C : 02400813;
2F7D : 00B52623;
2F7E : 00A5A423;
2F7F : 00832503;
2F80 : 00C32583;
2F81 : 00830713;
2F82 : 00B52623;
2F83 : 00A5A423;
2F84 : 04C86E63;
2F85 : 01300513;
2F86 : 00070593;
2F87 : DEC57CE3;
2F88 : 00042503;
2F89 : 01B00593;
2F8A : 00A32423;
2F8B : 00442503;
2F8C : 00A32623;
2F8D : 0AC5FE63;
2F8E : 00842503;
2F8F : 02400593;
2F90 : 00A32823;
2F91 : 00C42503;
2F92 : 00A32A23;
2F93 : DCB610E3;
2F94 : 01042603;
2F95 : 02030593;
2F96 : 01840413;
2F97 : 00C32C23;
2F98 : FFC42603;
2F99 : 00C32E23;
2F9A : DADFF06F;
2F9B : 00070513;
2F9C : 00040593;
2F9D : 00612623;
2F9E : 00F12423;
2F9F : 00D12223;
2FA0 : 00E12023;
2FA1 : 8ECFC0EF;
2FA2 : 00012703;
2FA3 : 00412683;
2FA4 : 00812783;
2FA5 : 00C12303;
2FA6 : D95FF06F;
2FA7 : 00842783;
2FA8 : 00F6A423;
2FA9 : 00C42783;
2FAA : 00F6A623;
2FAB : 06B60263;
2FAC : 01040713;
2FAD : 01068793;
2FAE : C75FF06F;
2FAF : 00F888B3;
2FB0 : 40F68733;
2FB1 : 011EA423;
2FB2 : 00176713;
2FB3 : 00E8A223;
2FB4 : FFC42703;
2FB5 : 00048513;
2FB6 : 00177713;
2FB7 : 00F767B3;
2FB8 : FEF42E23;
2FB9 : AC5F70EF;
2FBA : 00040693;
2FBB : D85FF06F;
2FBC : 00840413;
2FBD : 01030593;
2FBE : D1DFF06F;
2FBF : 00A12023;
2FC0 : 00048513;
2FC1 : AA5F70EF;
2FC2 : 00012683;
2FC3 : D65FF06F;
2FC4 : 01042603;
2FC5 : 01840713;
2FC6 : 01868793;
2FC7 : 00C6A823;
2FC8 : 01442603;
2FC9 : 00C6AA23;
2FCA : C05FF06F;
2FCB : 00068513;
2FCC : 00040593;
2FCD : 00612623;
2FCE : 00F12423;
2FCF : 01012223;
2FD0 : 00D12023;
2FD1 : 82CFC0EF;
2FD2 : 000147B7;
2FD3 : E8878E93;
2FD4 : 00C12303;
2FD5 : 00812783;
2FD6 : 00412803;
2FD7 : 00012683;
2FD8 : E11FF06F;
2FD9 : 00842703;
2FDA : 00E32823;
2FDB : 00C42703;
2FDC : 00E32A23;
2FDD : 00A60863;
2FDE : 01040413;
2FDF : 01830713;
2FE0 : DD9FF06F;
2FE1 : 01042603;
2FE2 : 02030713;
2FE3 : 01840413;
2FE4 : 00C32C23;
2FE5 : FFC42603;
2FE6 : 00C32E23;
2FE7 : DBDFF06F;
2FE8 : FF010113;
2FE9 : 00112623;
2FEA : 01212023;
2FEB : 0C058063;
2FEC : 00812423;
2FED : 00912223;
2FEE : 00058413;
2FEF : 00050493;
2FF0 : 00050663;
2FF1 : 03452783;
2FF2 : 0E078463;
2FF3 : CCCFB0EF;
2FF4 : 00C41783;
2FF5 : 08078663;
2FF6 : 00040593;
2FF7 : 00048513;
2FF8 : FE1FA0EF;
2FF9 : 02C42783;
2FFA : 00050913;
2FFB : 00078A63;
2FFC : 01C42583;
2FFD : 00048513;
2FFE : 000780E7;
2FFF : 0A054063;
3000 : 00C45783;
3001 : 0807F793;
3002 : 06079E63;
3003 : 03042583;
3004 : 00058C63;
3005 : 04040793;
3006 : 00F58663;
3007 : 00048513;
3008 : E25F60EF;
3009 : 02042823;
300A : 04442583;
300B : 00058863;
300C : 00048513;
300D : E11F60EF;
300E : 04042223;
300F : 00041623;
3010 : C5CFB0EF;
3011 : 00C12083;
3012 : 00812403;
3013 : 00412483;
3014 : 00090513;
3015 : 00012903;
3016 : 01010113;
3017 : 00008067;
3018 : C3CFB0EF;
3019 : 00812403;
301A : 00412483;
301B : 00C12083;
301C : 00000913;
301D : 00090513;
301E : 00012903;
301F : 01010113;
3020 : 00008067;
3021 : 01042583;
3022 : 00048513;
3023 : DB9F60EF;
3024 : 03042583;
3025 : F80590E3;
3026 : F91FF06F;
3027 : 00C45783;
3028 : FFF00913;
3029 : 0807F793;
302A : F60782E3;
302B : FD9FF06F;
302C : BC4FB0EF;
302D : F19FF06F;
302E : 00C59783;
302F : 0027F713;
3030 : 00070E63;
3031 : 04358793;
3032 : 00100713;
3033 : 00F5A023;
3034 : 00F5A823;
3035 : 00E5AA23;
3036 : 00008067;
3037 : 00058713;
3038 : 00E59583;
3039 : F8010113;
303A : 06812C23;
303B : 06112E23;
303C : 00050413;
303D : 0805CE63;
303E : 01810613;
303F : 00E12423;
3040 : 138000EF;
3041 : 00812703;
3042 : 08054263;
3043 : 40000593;
3044 : 00040513;
3045 : 06912A23;
3046 : 00E12423;
3047 : 01C12483;
3048 : 808F70EF;
3049 : 00812703;
304A : 00C71783;
304B : 0C050263;
304C : 40000693;
304D : 0807E793;
304E : 00D72A23;
304F : 40C4D693;
3050 : 00F71623;
3051 : 00A72023;
3052 : 00A72823;
3053 : 00F6F693;
3054 : 00200613;
3055 : 0CC69A63;
3056 : 00E71583;
3057 : 00040513;
3058 : 00E12423;
3059 : 138000EF;
305A : 00812703;
305B : 000016B7;
305C : 80068693;
305D : 00C71783;
305E : 0A050463;
305F : FFC7F793;
3060 : 07412483;
3061 : 0017E793;
3062 : 0500006F;
3063 : 00C71783;
3064 : 0807F793;
3065 : 0017B793;
3066 : 40F007B3;
3067 : 3C07F593;
3068 : 04058593;
3069 : 00040513;
306A : 00E12623;
306B : 00B12423;
306C : F79F60EF;
306D : 00C12703;
306E : 00812583;
306F : 00C71783;
3070 : 02050A63;
3071 : 0807E793;
3072 : 00A72023;
3073 : 00A72823;
3074 : 00B72A23;
3075 : 00000693;
3076 : 00D7E7B3;
3077 : 00F71623;
3078 : 07C12083;
3079 : 07812403;
307A : 08010113;
307B : 00008067;
307C : 07412483;
307D : 2007F693;
307E : FE0694E3;
307F : FFC7F793;
3080 : 04370693;
3081 : 0027E793;
3082 : 00100613;
3083 : 00F71623;
3084 : 00D72023;
3085 : 00D72823;
3086 : 00C72A23;
3087 : FC5FF06F;
3088 : 07412483;
3089 : FB5FF06F;
308A : 000016B7;
308B : 07412483;
308C : 80068693;
308D : FA5FF06F;
308E : FF010113;
308F : 00058793;
3090 : 00812423;
3091 : 00912223;
3092 : 00060593;
3093 : 00050493;
3094 : 00078513;
3095 : 00112623;
3096 : 1601AC23;
3097 : E65F30EF;
3098 : FFF00793;
3099 : 00F50C63;
309A : 00C12083;
309B : 00812403;
309C : 00412483;
309D : 01010113;
309E : 00008067;
309F : 1781A783;
30A0 : FE0784E3;
30A1 : 00C12083;
30A2 : 00812403;
30A3 : 00F4A023;
30A4 : 00412483;
30A5 : 01010113;
30A6 : 00008067;
30A7 : FF010113;
30A8 : 00812423;
30A9 : 00912223;
30AA : 00050493;
30AB : 00058513;
30AC : 00112623;
30AD : 1601AC23;
30AE : E21F30EF;
30AF : FFF00793;
30B0 : 00F50C63;
30B1 : 00C12083;
30B2 : 00812403;
30B3 : 00412483;
30B4 : 01010113;
30B5 : 00008067;
30B6 : 1781A783;
30B7 : FE0784E3;
30B8 : 00C12083;
30B9 : 00812403;
30BA : 00F4A023;
30BB : 00412483;
30BC : 01010113;
30BD : 00008067;
30BE : FF41A783;
30BF : FF010113;
30C0 : 00060813;
30C1 : 00112623;
30C2 : 00050313;
30C3 : 00058713;
30C4 : 00C7A503;
30C5 : 00068613;
30C6 : 02080063;
30C7 : 000137B7;
30C8 : 41478793;
30C9 : 000135B7;
30CA : 00030693;
30CB : 42458593;
30CC : 18C000EF;
30CD : 724010EF;
30CE : 000137B7;
30CF : E8C78793;
30D0 : 00078813;
30D1 : FE1FF06F;
30D2 : 02C5B7B3;
30D3 : FE010113;
30D4 : 00112E23;
30D5 : 02C585B3;
30D6 : 0A079063;
30D7 : DCDF60EF;
30D8 : 00050793;
30D9 : 04050863;
30DA : FFC52603;
30DB : 02400693;
30DC : FFC67613;
30DD : FFC60613;
30DE : 04C6E663;
30DF : 01300593;
30E0 : 00050713;
30E1 : 02C5F263;
30E2 : 00052023;
30E3 : 00052223;
30E4 : 01B00713;
30E5 : 04C77863;
30E6 : 00052423;
30E7 : 00052623;
30E8 : 01050713;
30E9 : 06D60A63;
30EA : 00072023;
30EB : 00072223;
30EC : 00072423;
30ED : 01C12083;
30EE : 00078513;
30EF : 02010113;
30F0 : 00008067;
30F1 : 00000593;
30F2 : 00A12623;
30F3 : F24F60EF;
30F4 : 00C12783;
30F5 : 01C12083;
30F6 : 00078513;
30F7 : 02010113;
30F8 : 00008067;
30F9 : 00850713;
30FA : 00072023;
30FB : 00072223;
30FC : 00072423;
30FD : FC1FF06F;
30FE : 658010EF;
30FF : 01C12083;
3100 : 00C00793;
3101 : 00F52023;
3102 : 00000793;
3103 : 00078513;
3104 : 02010113;
3105 : 00008067;
3106 : 00052823;
3107 : 00052A23;
3108 : 01850713;
3109 : F85FF06F;
310A : 02058463;
310B : 00000513;
310C : 00060E63;
310D : 04068463;
310E : 00064783;
310F : 00F5A023;
3110 : 00064503;
3111 : 00A03533;
3112 : 00008067;
3113 : 00008067;
3114 : FF010113;
3115 : 00C10593;
3116 : 00000513;
3117 : 00060C63;
3118 : 02068263;
3119 : 00064783;
311A : 00F5A023;
311B : 00064503;
311C : 00A03533;
311D : 01010113;
311E : 00008067;
311F : FFE00513;
3120 : 00008067;
3121 : FFE00513;
3122 : FEDFF06F;
3123 : 00058C63;
3124 : 0FF00793;
3125 : 00C7EC63;
3126 : 00C58023;
3127 : 00100513;
3128 : 00008067;
3129 : 00000513;
312A : 00008067;
312B : 08A00793;
312C : 00F52023;
312D : FFF00513;
312E : 00008067;
312F : FC010113;
3130 : 00050E93;
3131 : FF41A503;
3132 : 00058E13;
3133 : 02810313;
3134 : 02C12423;
3135 : 02D12623;
3136 : 000E8593;
3137 : 000E0613;
3138 : 00030693;
3139 : 00112E23;
313A : 02E12823;
313B : 02F12A23;
313C : 03012C23;
313D : 03112E23;
313E : 00612623;
313F : 010000EF;
3140 : 01C12083;
3141 : 04010113;
3142 : 00008067;
3143 : ED010113;
3144 : 12912223;
3145 : 11312E23;
3146 : 11412C23;
3147 : 11512A23;
3148 : 12112623;
3149 : 11812423;
314A : 00050A93;
314B : 00060493;
314C : 00068A13;
314D : 00058993;
314E : 00050863;
314F : 03452783;
3150 : 00079463;
3151 : 1100106F;
3152 : 00C99783;
3153 : 0649A703;
3154 : 00002637;
3155 : 01279693;
3156 : 3606C663;
3157 : FFFFE6B7;
3158 : 00C7E7B3;
3159 : FFF68693;
315A : 00D77733;
315B : 00F99623;
315C : 01079793;
315D : 4107D793;
315E : 06E9A223;
315F : 0087F713;
3160 : 28070A63;
3161 : 0109A703;
3162 : 28070663;
3163 : 01A7F793;
3164 : 00A00713;
3165 : 2AE78063;
3166 : 11912223;
3167 : 00014CB7;
3168 : 11612823;
3169 : 11712623;
316A : 04C10B13;
316B : 00014BB7;
316C : A4CC8713;
316D : 13212023;
316E : 12812423;
316F : 11A12023;
3170 : 0FB12E23;
3171 : 04012423;
3172 : 04012223;
3173 : 05612023;
3174 : 000B0793;
3175 : 00E12623;
3176 : BB8B8B93;
3177 : 00012823;
3178 : 02012023;
3179 : 02012223;
317A : 00000C13;
317B : 01000913;
317C : 0004C603;
317D : 00048413;
317E : FDB60693;
317F : 00D036B3;
3180 : 00C03733;
3181 : 00D77733;
3182 : 04070C63;
3183 : 00144603;
3184 : 00140413;
3185 : FDB60693;
3186 : 00D036B3;
3187 : 00C03733;
3188 : 00D77733;
3189 : FE0714E3;
318A : 40940CB3;
318B : 02940A63;
318C : 04812683;
318D : 04412703;
318E : 0097A023;
318F : 019686B3;
3190 : 00170713;
3191 : 0197A223;
3192 : 04D12423;
3193 : 04E12223;
3194 : 00700693;
3195 : 00878793;
3196 : 18E6C263;
3197 : 019C0C33;
3198 : 20060663;
3199 : 00144683;
319A : 00140493;
319B : 02010DA3;
319C : FFF00413;
319D : 00000C93;
319E : 00000D93;
319F : 05A00D13;
31A0 : 00148493;
31A1 : FE068713;
31A2 : 04ED6663;
31A3 : 00C12603;
31A4 : 00271713;
31A5 : 00C70733;
31A6 : 00072703;
31A7 : 00070067;
31A8 : FD068713;
31A9 : 00000C93;
31AA : 00900593;
31AB : 002C9613;
31AC : 0004C683;
31AD : 01960CB3;
31AE : 001C9C93;
31AF : 01970CB3;
31B0 : FD068713;
31B1 : 00148493;
31B2 : FEE5F2E3;
31B3 : FE068713;
31B4 : FAED7EE3;
31B5 : 18068C63;
31B6 : 00100313;
31B7 : 08D10623;
31B8 : 02010DA3;
31B9 : 00030813;
31BA : 00000413;
31BB : 08C10D13;
31BC : 04812583;
31BD : 04412603;
31BE : 084DFF13;
31BF : 00058693;
31C0 : 00060713;
31C1 : 060F1C63;
31C2 : 410C8E33;
31C3 : 37C04063;
31C4 : 03B14603;
31C5 : 06060863;
31C6 : 00000F13;
31C7 : 00000E93;
31C8 : 03B10613;
31C9 : 00C7A023;
31CA : 00168693;
31CB : 00100613;
31CC : 00170713;
31CD : 00C7A223;
31CE : 04D12423;
31CF : 04E12223;
31D0 : 00700613;
31D1 : 00878793;
31D2 : 18E64663;
31D3 : 020E8863;
31D4 : 03C10613;
31D5 : 00C7A023;
31D6 : 00268693;
31D7 : 00200613;
31D8 : 00170713;
31D9 : 00C7A223;
31DA : 04D12423;
31DB : 04E12223;
31DC : 00700613;
31DD : 00878793;
31DE : 3AE646E3;
31DF : 08000613;
31E0 : 18CF06E3;
31E1 : 40640433;
31E2 : 288042E3;
31E3 : 00D306B3;
31E4 : 00170713;
31E5 : 01A7A023;
31E6 : 0067A223;
31E7 : 04D12423;
31E8 : 04E12223;
31E9 : 00700613;
31EA : 00878793;
31EB : 32E64CE3;
31EC : 004DFD93;
31ED : 000D8663;
31EE : 410C8433;
31EF : 14804E63;
31F0 : 010CD463;
31F1 : 00080C93;
31F2 : 019C0C33;
31F3 : 340690E3;
31F4 : 04012223;
31F5 : 000B0793;
31F6 : E19FF06F;
31F7 : 04010613;
31F8 : 00098593;
31F9 : 000A8513;
31FA : F9CFA0EF;
31FB : 08051463;
31FC : 00044603;
31FD : 000B0793;
31FE : 019C0C33;
31FF : E65FF06F;
3200 : 0004C683;
3201 : E7DFF06F;
3202 : 0004C683;
3203 : 020DED93;
3204 : E71FF06F;
3205 : 00098593;
3206 : 000A8513;
3207 : B64FB0EF;
3208 : 0A051663;
3209 : 00C99783;
320A : 00A00713;
320B : 01A7F793;
320C : D6E794E3;
320D : 00E99783;
320E : D607C0E3;
320F : 12C12083;
3210 : 10812C03;
3211 : 000A0693;
3212 : 00048613;
3213 : 11812A03;
3214 : 12412483;
3215 : 00098593;
3216 : 000A8513;
3217 : 11C12983;
3218 : 11412A83;
3219 : 13010113;
321A : 1280106F;
321B : 04812783;
321C : 74079CE3;
321D : 00C9D783;
321E : 0407F793;
321F : 00078463;
3220 : 0C80106F;
3221 : 12812403;
3222 : 12012903;
3223 : 11012B03;
3224 : 10C12B83;
3225 : 10412C83;
3226 : 10012D03;
3227 : 0FC12D83;
3228 : 12C12083;
3229 : 12412483;
322A : 11C12983;
322B : 11812A03;
322C : 11412A83;
322D : 000C0513;
322E : 10812C03;
322F : 13010113;
3230 : 00008067;
3231 : 01271693;
3232 : CA06DAE3;
3233 : FFF00C13;
3234 : FD1FF06F;
3235 : 04010613;
3236 : 00098593;
3237 : 000A8513;
3238 : 02612423;
3239 : 01012E23;
323A : 01E12C23;
323B : 01D12A23;
323C : E94FA0EF;
323D : F80510E3;
323E : 04812683;
323F : 04412703;
3240 : 02812303;
3241 : 01C12803;
3242 : 01812F03;
3243 : 01412E83;
3244 : 000B0793;
3245 : E39FF06F;
3246 : 01000D13;
3247 : 04412703;
3248 : 000148B7;
3249 : 008D4463;
324A : 0100106F;
324B : 00912C23;
324C : 00700D93;
324D : 01012A23;
324E : BC888493;
324F : 00C0006F;
3250 : FF040413;
3251 : 048D5663;
3252 : 01068693;
3253 : 00170713;
3254 : 0097A023;
3255 : 01A7A223;
3256 : 04D12423;
3257 : 04E12223;
3258 : 00878793;
3259 : FCEDDEE3;
325A : 04010613;
325B : 00098593;
325C : 000A8513;
325D : E10FA0EF;
325E : EE051EE3;
325F : FF040413;
3260 : 04812683;
3261 : 04412703;
3262 : 000B0793;
3263 : FA8D4EE3;
3264 : 00048893;
3265 : 01412803;
3266 : 01812483;
3267 : 008686B3;
3268 : 00170713;
3269 : 0117A023;
326A : 0087A223;
326B : 04D12423;
326C : 04E12223;
326D : 00700793;
326E : E0E7D4E3;
326F : 04010613;
3270 : 00098593;
3271 : 000A8513;
3272 : 01012A23;
3273 : DB8FA0EF;
3274 : EA0512E3;
3275 : 04812683;
3276 : 01412803;
3277 : DE5FF06F;
3278 : 020DF713;
3279 : 10071C63;
327A : 010DF713;
327B : 004A0513;
327C : 220710E3;
327D : 040DF713;
327E : 000A2683;
327F : 4E0702E3;
3280 : 01069693;
3281 : 4106D693;
3282 : 41F6D893;
3283 : 00050A13;
3284 : 00088613;
3285 : 10064263;
3286 : 12044063;
3287 : 0116E733;
3288 : 00E46733;
3289 : F7FDF513;
328A : 58071CE3;
328B : 03B14703;
328C : 46070EE3;
328D : 00050D93;
328E : 00000313;
328F : 00000413;
3290 : 0F010D13;
3291 : 00100813;
3292 : 04812683;
3293 : 04412703;
3294 : 084DFF13;
3295 : 00068593;
3296 : 00070613;
3297 : 00000E93;
3298 : CC0F10E3;
3299 : 410C8E33;
329A : CBC054E3;
329B : 00000E93;
329C : 4D40006F;
329D : 000A2D03;
329E : 02010DA3;
329F : 004A0A13;
32A0 : 400D06E3;
32A1 : 00F12A23;
32A2 : 2C0442E3;
32A3 : 00040613;
32A4 : 00000593;
32A5 : 000D0513;
32A6 : A15FB0EF;
32A7 : 03B14703;
32A8 : 01412783;
32A9 : 66050CE3;
32AA : 41A50333;
32AB : FFF34813;
32AC : 41F85813;
32AD : 01037833;
32AE : 2A070CE3;
32AF : 00180813;
32B0 : 00000413;
32B1 : F85FF06F;
32B2 : 000A2703;
32B3 : 00100313;
32B4 : 02010DA3;
32B5 : 08E10623;
32B6 : 004A0A13;
32B7 : 00030813;
32B8 : 00000413;
32B9 : 08C10D13;
32BA : C09FF06F;
32BB : 020DF713;
32BC : 004A0513;
32BD : 010DED93;
32BE : 10070CE3;
32BF : 007A0713;
32C0 : FF877713;
32C1 : 00472603;
32C2 : 00072683;
32C3 : 00870A13;
32C4 : 00060893;
32C5 : F00652E3;
32C6 : 00D03733;
32C7 : 411008B3;
32C8 : 40E888B3;
32C9 : 02D00713;
32CA : 02E10DA3;
32CB : 40D006B3;
32CC : 00044463;
32CD : F7FDFD93;
32CE : 0E089C63;
32CF : 00900713;
32D0 : 0ED76863;
32D1 : 03068693;
32D2 : 0ED107A3;
32D3 : 00040813;
32D4 : 00804463;
32D5 : 00100813;
32D6 : 03B14703;
32D7 : 00100313;
32D8 : 0EF10D13;
32D9 : B80706E3;
32DA : 00180813;
32DB : 00100313;
32DC : 0EF10D13;
32DD : ED5FF06F;
32DE : 000A2C83;
32DF : 060CD2E3;
32E0 : 41900CB3;
32E1 : 004A0A13;
32E2 : 0004C683;
32E3 : 004DED93;
32E4 : AF1FF06F;
32E5 : 020DF713;
32E6 : 010DE813;
32E7 : 004A0513;
32E8 : 06071663;
32E9 : 02010DA3;
32EA : 000A2683;
32EB : 00000893;
32EC : 00050A13;
32ED : 00080D93;
32EE : F80442E3;
32EF : 0116E733;
32F0 : 00876733;
32F1 : F7F87D93;
32F2 : F60718E3;
32F3 : 03B14703;
32F4 : 0C0716E3;
32F5 : 04812683;
32F6 : 04412703;
32F7 : 00487813;
32F8 : 00068593;
32F9 : 00070613;
32FA : 00000313;
32FB : 00000413;
32FC : 0F010D13;
32FD : B0080AE3;
32FE : 00000813;
32FF : B89FF06F;
3300 : 020DF713;
3301 : 02070CE3;
3302 : 000D8813;
3303 : 007A0713;
3304 : FF877713;
3305 : 02010DA3;
3306 : 00072683;
3307 : 00472883;
3308 : 00870A13;
3309 : 00080D93;
330A : F8045AE3;
330B : F00888E3;
330C : CCCCD837;
330D : CCCCD337;
330E : CCD80813;
330F : CCC30313;
3310 : 400DFE13;
3311 : 00000513;
3312 : 0F010593;
3313 : 0880006F;
3314 : 01012703;
3315 : 00074703;
3316 : 40A70633;
3317 : F0170713;
3318 : 00163613;
3319 : 00E03733;
331A : 00E67733;
331B : 1A071CE3;
331C : 00068E93;
331D : 00088613;
331E : 000D0593;
331F : 01168733;
3320 : 00D73F33;
3321 : 01E70733;
3322 : 03073F33;
3323 : 002F5F93;
3324 : FFCF7F13;
3325 : 01FF0F33;
3326 : 41E70733;
3327 : 40E68733;
3328 : 00E6B6B3;
3329 : 40D886B3;
332A : 02670F33;
332B : 030686B3;
332C : 030738B3;
332D : 01E686B3;
332E : 03070733;
332F : 011686B3;
3330 : 01F69F13;
3331 : 0016D893;
3332 : 00175713;
3333 : 00EF06B3;
3334 : 440600E3;
3335 : 01168733;
3336 : 00D73633;
3337 : 00C70633;
3338 : 03063EB3;
3339 : 00150513;
333A : FFF58D13;
333B : 002EDF13;
333C : FFCEFE93;
333D : 01EE8EB3;
333E : 41D60633;
333F : 40C68633;
3340 : 00C6BEB3;
3341 : 41D88EB3;
3342 : 03063F33;
3343 : 030E8EB3;
3344 : 03060633;
3345 : 01EE8EB3;
3346 : 01FE9E93;
3347 : 00165613;
3348 : 00CE8633;
3349 : 00261E93;
334A : 00CE8633;
334B : 00161613;
334C : 40C68633;
334D : 03060613;
334E : FEC58FA3;
334F : F00E1AE3;
3350 : 00068E93;
3351 : 00088613;
3352 : 000D0593;
3353 : F35FF06F;
3354 : 0004C683;
3355 : 06800713;
3356 : 10E682E3;
3357 : 040DED93;
3358 : 921FF06F;
3359 : 020DF713;
335A : 010DE813;
335B : 004A0513;
335C : 68070863;
335D : 007A0693;
335E : FF86F693;
335F : 0006A703;
3360 : 0046A603;
3361 : 00868A13;
3362 : 02010DA3;
3363 : 5C044A63;
3364 : 00C766B3;
3365 : 00D466B3;
3366 : B7F87D93;
3367 : 5C069463;
3368 : 00187813;
3369 : 70080663;
336A : 03000713;
336B : 0EE107A3;
336C : 00080313;
336D : 00000413;
336E : 0EF10D13;
336F : 5FC0006F;
3370 : 02B00713;
3371 : 0004C683;
3372 : 02E10DA3;
3373 : 8B5FF06F;
3374 : 000A8513;
3375 : 00F12A23;
3376 : FA1FA0EF;
3377 : 00452783;
3378 : 00078513;
3379 : 02F12223;
337A : EADF50EF;
337B : 02A12023;
337C : 000A8513;
337D : F85FA0EF;
337E : 00852683;
337F : 02012783;
3380 : 00D12823;
3381 : 00F03733;
3382 : 01012783;
3383 : 0004C683;
3384 : 00F03633;
3385 : 00C77733;
3386 : 01412783;
3387 : 860702E3;
3388 : 01012703;
3389 : 00074703;
338A : 84070CE3;
338B : 400DED93;
338C : 851FF06F;
338D : 0004C683;
338E : 080DED93;
338F : 845FF06F;
3390 : 0004C683;
3391 : 02A00713;
3392 : 00148593;
3393 : 32E680E3;
3394 : FD068713;
3395 : 00900513;
3396 : 00000413;
3397 : 02E56463;
3398 : 00241613;
3399 : 0005C683;
339A : 00860433;
339B : 00141413;
339C : 00E40433;
339D : FD068713;
339E : 00158593;
339F : FEE572E3;
33A0 : 64044063;
33A1 : 00058493;
33A2 : FFCFF06F;
33A3 : 0004C683;
33A4 : 001DED93;
33A5 : FECFF06F;
33A6 : 03B14703;
33A7 : 0004C683;
33A8 : FE071063;
33A9 : 02000713;
33AA : 02E10DA3;
33AB : FD4FF06F;
33AC : 00008737;
33AD : 83070713;
33AE : 02E11E23;
33AF : 000A2703;
33B0 : 00013537;
33B1 : 02010DA3;
33B2 : 002DED93;
33B3 : 00000613;
33B4 : 004A0A13;
33B5 : 32850513;
33B6 : 00E035B3;
33B7 : 00200E13;
33B8 : 16044263;
33B9 : 00B465B3;
33BA : F7FDFD93;
33BB : 02059EE3;
33BC : 03B14883;
33BD : 00000813;
33BE : 00000313;
33BF : 00000413;
33C0 : 0F010D13;
33C1 : 01103733;
33C2 : 00E80833;
33C3 : 4A0E0663;
33C4 : 04812683;
33C5 : 04412703;
33C6 : 084DFF13;
33C7 : 00280813;
33C8 : 00068593;
33C9 : 00070613;
33CA : 000F1663;
33CB : 410C8E33;
33CC : 01C04863;
33CD : 80088EE3;
33CE : 00200E93;
33CF : FE4FF06F;
33D0 : 00200E93;
33D1 : 01000F93;
33D2 : 00058693;
33D3 : 00060713;
33D4 : 000148B7;
33D5 : 1DCFDEE3;
33D6 : 00812C23;
33D7 : 02912623;
33D8 : 00700F13;
33D9 : 01D12A23;
33DA : 000E0413;
33DB : 01012E23;
33DC : 02612423;
33DD : BC888493;
33DE : 00C0006F;
33DF : FF040413;
33E0 : 048FDA63;
33E1 : 01068693;
33E2 : 00170713;
33E3 : 0097A023;
33E4 : 01F7A223;
33E5 : 04D12423;
33E6 : 04E12223;
33E7 : 00878793;
33E8 : FCEF5EE3;
33E9 : 04010613;
33EA : 00098593;
33EB : 000A8513;
33EC : FD5F90EF;
33ED : 8C0510E3;
33EE : 01000F93;
33EF : FF040413;
33F0 : 04812683;
33F1 : 04412703;
33F2 : 000B0793;
33F3 : 00700F13;
33F4 : FA8FCAE3;
33F5 : 00040E13;
33F6 : 00048893;
33F7 : 01412E83;
33F8 : 01812403;
33F9 : 01C12803;
33FA : 02812303;
33FB : 02C12483;
33FC : 00DE06B3;
33FD : 00170713;
33FE : 04D12423;
33FF : 04E12223;
3400 : 0117A023;
3401 : 01C7A223;
3402 : 00700613;
3403 : 5AE64263;
3404 : 03B14603;
3405 : 00878793;
3406 : 3C061A63;
3407 : F60E8463;
3408 : 00000F13;
3409 : F2CFF06F;
340A : 02D10EA3;
340B : 03000693;
340C : 02010DA3;
340D : 02D10E23;
340E : 6E045263;
340F : BFFDFD93;
3410 : 002DED93;
3411 : 00000893;
3412 : 00200E13;
3413 : 0F010D13;
3414 : 00F77693;
3415 : 00D506B3;
3416 : 0006C683;
3417 : 01C61593;
3418 : 00475713;
3419 : 00E58733;
341A : 00465613;
341B : FEDD0FA3;
341C : 00C766B3;
341D : FFFD0D13;
341E : FC069CE3;
341F : 0F010713;
3420 : 41A70333;
3421 : 00040813;
3422 : E6645EE3;
3423 : 00030813;
3424 : E75FF06F;
3425 : 020DF713;
3426 : 34071E63;
3427 : 010DF713;
3428 : 004A0513;
3429 : 34071C63;
342A : 040DF713;
342B : 64070A63;
342C : 000A5703;
342D : 000D8813;
342E : 00050A13;
342F : 00000613;
3430 : CC9FF06F;
3431 : 020DF713;
3432 : 004A0693;
3433 : 34071C63;
3434 : 010DF713;
3435 : 5A071463;
3436 : 040DF713;
3437 : 68071663;
3438 : 200DFD93;
3439 : 580D8C63;
343A : 000A2703;
343B : 00068A13;
343C : 01870023;
343D : CFCFF06F;
343E : 0004C683;
343F : 06C00713;
3440 : 56E68663;
3441 : 010DED93;
3442 : D78FF06F;
3443 : 410C88B3;
3444 : E7105A63;
3445 : 01000E13;
3446 : 00014EB7;
3447 : 031E52E3;
3448 : 00812A23;
3449 : 02912423;
344A : 00700F13;
344B : 00088413;
344C : 01012C23;
344D : 00612E23;
344E : BB8E8493;
344F : 00C0006F;
3450 : FF040413;
3451 : 048E5A63;
3452 : 01068693;
3453 : 00170713;
3454 : 0097A023;
3455 : 01C7A223;
3456 : 04D12423;
3457 : 04E12223;
3458 : 00878793;
3459 : FCEF5EE3;
345A : 04010613;
345B : 00098593;
345C : 000A8513;
345D : E11F90EF;
345E : EE051E63;
345F : 01000E13;
3460 : FF040413;
3461 : 04812683;
3462 : 04412703;
3463 : 000B0793;
3464 : 00700F13;
3465 : FA8E4AE3;
3466 : 00040893;
3467 : 00048E93;
3468 : 01412403;
3469 : 01812803;
346A : 01C12303;
346B : 02812483;
346C : 011686B3;
346D : 00170713;
346E : 01D7A023;
346F : 0117A223;
3470 : 04D12423;
3471 : 04E12223;
3472 : 00700613;
3473 : 00878793;
3474 : DAE65A63;
3475 : 04010613;
3476 : 00098593;
3477 : 000A8513;
3478 : 00612C23;
3479 : 01012A23;
347A : D9DF90EF;
347B : E8051463;
347C : 01812303;
347D : 04812683;
347E : 04412703;
347F : 40640433;
3480 : 01412803;
3481 : 000B0793;
3482 : D8805263;
3483 : 00014EB7;
3484 : BB8E8E93;
3485 : 06895C63;
3486 : 00700893;
3487 : 01012A23;
3488 : 00612C23;
3489 : 01712E23;
348A : 00C0006F;
348B : FF040413;
348C : 04895863;
348D : 01068693;
348E : 00170713;
348F : 0177A023;
3490 : 0127A223;
3491 : 04D12423;
3492 : 04E12223;
3493 : 00878793;
3494 : FCE8DEE3;
3495 : 04010613;
3496 : 00098593;
3497 : 000A8513;
3498 : D25F90EF;
3499 : E0051863;
349A : FF040413;
349B : 04812683;
349C : 04412703;
349D : 000B0793;
349E : 00700893;
349F : FA894CE3;
34A0 : 01412803;
34A1 : 01812303;
34A2 : 01C12E83;
34A3 : 008686B3;
34A4 : 00170713;
34A5 : 01D7A023;
34A6 : 0087A223;
34A7 : 04D12423;
34A8 : 04E12223;
34A9 : 00700613;
34AA : 00878793;
34AB : CEE65063;
34AC : 04010613;
34AD : 00098593;
34AE : 000A8513;
34AF : 00612C23;
34B0 : 01012A23;
34B1 : CC1F90EF;
34B2 : DA051663;
34B3 : 04812683;
34B4 : 04412703;
34B5 : 01812303;
34B6 : 01412803;
34B7 : 000B0793;
34B8 : CACFF06F;
34B9 : 04010613;
34BA : 00098593;
34BB : 000A8513;
34BC : 01012A23;
34BD : C91F90EF;
34BE : D6051E63;
34BF : 04812683;
34C0 : 01412803;
34C1 : 000B0793;
34C2 : CA8FF06F;
34C3 : 04010613;
34C4 : 00098593;
34C5 : 000A8513;
34C6 : C6DF90EF;
34C7 : CA050A63;
34C8 : D54FF06F;
34C9 : 04010613;
34CA : 00098593;
34CB : 000A8513;
34CC : 00612E23;
34CD : 01012C23;
34CE : 01E12A23;
34CF : C49F90EF;
34D0 : D2051A63;
34D1 : 04812683;
34D2 : 04412703;
34D3 : 01C12303;
34D4 : 01812803;
34D5 : 01412F03;
34D6 : 000B0793;
34D7 : C20FF06F;
34D8 : BFF87D93;
34D9 : 0F010D13;
34DA : 01D61593;
34DB : 00777693;
34DC : 00375713;
34DD : 000D0513;
34DE : 00E58733;
34DF : 03068693;
34E0 : 00365613;
34E1 : 00C765B3;
34E2 : FEDD0FA3;
34E3 : FFFD0D13;
34E4 : FC059CE3;
34E5 : FD068713;
34E6 : 00E03733;
34E7 : 00EDF733;
34E8 : 24071E63;
34E9 : 0F010713;
34EA : 41A70333;
34EB : 00030813;
34EC : 00835463;
34ED : 00040813;
34EE : 04812683;
34EF : 04412703;
34F0 : 084DFF13;
34F1 : 00068593;
34F2 : 00070613;
34F3 : B20F0E63;
34F4 : 03B14603;
34F5 : 00000E93;
34F6 : B4061463;
34F7 : BA0FF06F;
34F8 : 0004C683;
34F9 : 004A0A13;
34FA : A98FF06F;
34FB : 00000F13;
34FC : B30FF06F;
34FD : 000D8813;
34FE : 97DFF06F;
34FF : 000D8813;
3500 : 000A2703;
3501 : 00000613;
3502 : 00050A13;
3503 : 97DFF06F;
3504 : 000A2683;
3505 : 00050A13;
3506 : 41F6D893;
3507 : 00088613;
3508 : DF4FF06F;
3509 : 000A2703;
350A : 41FC5613;
350B : 00068A13;
350C : 01872023;
350D : 00C72223;
350E : 9B8FF06F;
350F : 010DF313;
3510 : 004A0513;
3511 : 54031263;
3512 : 040DF713;
3513 : 12070663;
3514 : 02010DA3;
3515 : 000A5683;
3516 : 00000893;
3517 : 12044A63;
3518 : 00D46733;
3519 : F7FDFE13;
351A : 4E071C63;
351B : 03B14703;
351C : 2E071063;
351D : 04812683;
351E : 04412703;
351F : 004DF813;
3520 : 00068593;
3521 : 00070613;
3522 : 2A081463;
3523 : 000E0D93;
3524 : 00050A13;
3525 : 00000313;
3526 : 2340006F;
3527 : 00000313;
3528 : 00000413;
3529 : 0F010D13;
352A : 00100813;
352B : D9CFF06F;
352C : 00000313;
352D : 00000413;
352E : 0F010D13;
352F : EFDFF06F;
3530 : FFF00413;
3531 : 00058493;
3532 : 9BCFF06F;
3533 : 00013537;
3534 : 020DF713;
3535 : 33C50513;
3536 : 04070863;
3537 : 007A0613;
3538 : FF867613;
3539 : 00062703;
353A : 00860A13;
353B : 00462603;
353C : 00C765B3;
353D : 00B035B3;
353E : 00BDF833;
353F : B20816E3;
3540 : 02010DA3;
3541 : BFFDFD93;
3542 : 00000E13;
3543 : 00000893;
3544 : 9C045AE3;
3545 : B39FF06F;
3546 : 00013537;
3547 : 020DF713;
3548 : 32850513;
3549 : FA071CE3;
354A : 010DF713;
354B : 004A0593;
354C : 06071863;
354D : 040DF713;
354E : 06070063;
354F : 000A5703;
3550 : 00000613;
3551 : 00058A13;
3552 : FA9FF06F;
3553 : 000D0513;
3554 : F44F50EF;
3555 : 03B14703;
3556 : FFF54813;
3557 : 41F85813;
3558 : 01412783;
3559 : 00050313;
355A : 01057833;
355B : D4071863;
355C : 00000413;
355D : 97CFF06F;
355E : 200DF713;
355F : 02010DA3;
3560 : 20071E63;
3561 : 000A2683;
3562 : 00000893;
3563 : EC045AE3;
3564 : 00050A13;
3565 : DA8FF06F;
3566 : 200DF713;
3567 : 1E071863;
3568 : 000A2703;
3569 : 00000613;
356A : 00058A13;
356B : F45FF06F;
356C : 04010613;
356D : 00098593;
356E : 000A8513;
356F : 00612E23;
3570 : 01012C23;
3571 : 01D12A23;
3572 : 9BDF90EF;
3573 : 00050F13;
3574 : AA051263;
3575 : 03B14783;
3576 : 04812683;
3577 : 04412703;
3578 : 01412E83;
3579 : 01812803;
357A : 01C12303;
357B : 0E079663;
357C : 000B0793;
357D : 940E9E63;
357E : 98CFF06F;
357F : FFE50513;
3580 : 03000713;
3581 : 0F010693;
3582 : 40A68333;
3583 : FEED0FA3;
3584 : 00040813;
3585 : 00645463;
3586 : 00030813;
3587 : 00050D13;
3588 : D99FF06F;
3589 : 1A089C63;
358A : 00900713;
358B : 1AD76863;
358C : 0F010713;
358D : 41A70333;
358E : 00040813;
358F : 00645463;
3590 : 00030813;
3591 : 03B14703;
3592 : 00E03733;
3593 : 00E80833;
3594 : D69FF06F;
3595 : E21F90EF;
3596 : EF1FE06F;
3597 : 0014C683;
3598 : 200DED93;
3599 : 00148493;
359A : 818FF06F;
359B : 0014C683;
359C : 020DED93;
359D : 00148493;
359E : 808FF06F;
359F : 000A2703;
35A0 : 00068A13;
35A1 : 01872023;
35A2 : F69FE06F;
35A3 : 00600713;
35A4 : 00040813;
35A5 : 0A876A63;
35A6 : 00013D37;
35A7 : 350D0D13;
35A8 : 00080313;
35A9 : 00000413;
35AA : 848FF06F;
35AB : 04812683;
35AC : 04412703;
35AD : 004DF813;
35AE : 00068593;
35AF : 00070613;
35B0 : 00050D93;
35B1 : 00000313;
35B2 : 06081863;
35B3 : 00000413;
35B4 : 0F010D13;
35B5 : 834FF06F;
35B6 : 000B0793;
35B7 : 844FF06F;
35B8 : 200DF713;
35B9 : 0C070663;
35BA : 01869693;
35BB : 4186D693;
35BC : 41F6D893;
35BD : 00050A13;
35BE : 00088613;
35BF : B18FF06F;
35C0 : 200DF713;
35C1 : 06070A63;
35C2 : 000A4703;
35C3 : 000D8813;
35C4 : 00050A13;
35C5 : 00000613;
35C6 : E70FF06F;
35C7 : B7FDFD93;
35C8 : 002DED93;
35C9 : 00200E13;
35CA : 03B14883;
35CB : 921FF06F;
35CC : 00050A13;
35CD : 000E0D93;
35CE : 00000813;
35CF : 00000413;
35D0 : 0F010D13;
35D1 : 840FF06F;
35D2 : 00070813;
35D3 : F4DFF06F;
35D4 : 00050A13;
35D5 : 000E0D93;
35D6 : 00000413;
35D7 : 0F010D13;
35D8 : 00100813;
35D9 : AE4FF06F;
35DA : 000A2703;
35DB : 00068A13;
35DC : 01871023;
35DD : E7DFE06F;
35DE : 000A2703;
35DF : 000D8813;
35E0 : 00050A13;
35E1 : 00000613;
35E2 : E00FF06F;
35E3 : 000A4703;
35E4 : 00000613;
35E5 : 00058A13;
35E6 : D59FF06F;
35E7 : 000A4683;
35E8 : 00000893;
35E9 : CA045EE3;
35EA : 00050A13;
35EB : B90FF06F;
35EC : 41F6D893;
35ED : 00050A13;
35EE : 00088613;
35EF : A58FF06F;
35F0 : 00050D93;
35F1 : B74FF06F;
35F2 : 000A8513;
35F3 : 04010613;
35F4 : 00098593;
35F5 : FB0F90EF;
35F6 : 89CFF06F;
35F7 : 00F12E23;
35F8 : 02012783;
35F9 : 02412583;
35FA : 03112623;
35FB : 40FD0EB3;
35FC : 00078613;
35FD : 000E8513;
35FE : 02D12423;
35FF : 01C12C23;
3600 : 01D12A23;
3601 : CDCFA0EF;
3602 : 02812683;
3603 : 02C12883;
3604 : 01012783;
3605 : CCCCD537;
3606 : 01168733;
3607 : 00D73633;
3608 : 00C70733;
3609 : CCCCD637;
360A : CCD60613;
360B : 02C735B3;
360C : 0017CF03;
360D : CCC50513;
360E : 01412E83;
360F : 01E03F33;
3610 : 01E787B3;
3611 : CCCCD837;
3612 : CCCCD337;
3613 : 00F12823;
3614 : 01812E03;
3615 : 0025DF13;
3616 : FFC5F593;
3617 : 01E585B3;
3618 : 40B70733;
3619 : 40E68733;
361A : 00E6B6B3;
361B : 40D886B3;
361C : 02A70533;
361D : 01C12783;
361E : FFFE8D13;
361F : CCD80813;
3620 : CCC30313;
3621 : 02C686B3;
3622 : 02C735B3;
3623 : 00A686B3;
3624 : 00100513;
3625 : 02C70733;
3626 : 00B686B3;
3627 : 01F69593;
3628 : 0016D893;
3629 : 00175713;
362A : 00E586B3;
362B : 01168733;
362C : 00D735B3;
362D : 00B70733;
362E : 02C735B3;
362F : 0025DF13;
3630 : FFC5F593;
3631 : 01E585B3;
3632 : 40B70733;
3633 : 40E68733;
3634 : 00E6B5B3;
3635 : 40B885B3;
3636 : 02C73F33;
3637 : 02C585B3;
3638 : 02C70733;
3639 : 01E58633;
363A : 01F61613;
363B : 00175713;
363C : 00E60733;
363D : 00271613;
363E : 00E60733;
363F : 00171713;
3640 : 40E68733;
3641 : 03070713;
3642 : FEEE8FA3;
3643 : B44FF06F;
3644 : 00900713;
3645 : BDD76063;
3646 : D19FF06F;
3647 : 02070A63;
3648 : 00140813;
3649 : 00040313;
364A : 00000413;
364B : 91CFF06F;
364C : BC888893;
364D : EBCFF06F;
364E : BC888893;
364F : 860FF06F;
3650 : BB8E8E93;
3651 : 86DFF06F;
3652 : FFF00C13;
3653 : F39FE06F;
3654 : 00040313;
3655 : 00040813;
3656 : 00000413;
3657 : D95FE06F;
3658 : 00050A13;
3659 : 000E0D93;
365A : 9D4FF06F;
365B : 000A2403;
365C : 004A0A13;
365D : 00045463;
365E : FFF00413;
365F : 0014C683;
3660 : 00058493;
3661 : CFDFE06F;
3662 : 000D8813;
3663 : A18FF06F;
3664 : 00C5D783;
3665 : 0645AE83;
3666 : 00E5DE03;
3667 : 01C5A303;
3668 : 0245A883;
3669 : B7010113;
366A : FFD7F793;
366B : 08010813;
366C : 40000713;
366D : 48812423;
366E : 00058413;
366F : 01810593;
3670 : 48912223;
3671 : 02F11223;
3672 : 48112623;
3673 : 02012823;
3674 : 07D12E23;
3675 : 03C11323;
3676 : 02612A23;
3677 : 03112E23;
3678 : 01012C23;
3679 : 03012423;
367A : 02E12023;
367B : 02E12623;
367C : 00050493;
367D : B19FE0EF;
367E : 00050793;
367F : 02055A63;
3680 : 02415703;
3681 : 04077713;
3682 : 00070863;
3683 : 00C45703;
3684 : 04076713;
3685 : 00E41623;
3686 : 48C12083;
3687 : 48812403;
3688 : 48412483;
3689 : 00078513;
368A : 49010113;
368B : 00008067;
368C : 00A12623;
368D : 01810593;
368E : 00048513;
368F : 801F90EF;
3690 : 00C12783;
3691 : FA050EE3;
3692 : FFF00793;
3693 : FB5FF06F;
3694 : FF41A503;
3695 : 00008067;
3696 : FF010113;
3697 : 00600513;
3698 : 00112623;
3699 : 00C000EF;
369A : 00100513;
369B : 3A8050EF;
369C : 01F00793;
369D : FF41A803;
369E : 08A7E863;
369F : 11882783;
36A0 : FE010113;
36A1 : 00112E23;
36A2 : 00050613;
36A3 : 02078E63;
36A4 : 00251713;
36A5 : 00E787B3;
36A6 : 0007A703;
36A7 : 02070663;
36A8 : 00100693;
36A9 : 00D70A63;
36AA : FFF00613;
36AB : 04C70263;
36AC : 0007A023;
36AD : 000700E7;
36AE : 01C12083;
36AF : 00000513;
36B0 : 02010113;
36B1 : 00008067;
36B2 : 00080513;
36B3 : 00C12623;
36B4 : 01012423;
36B5 : 0A8000EF;
36B6 : 00C12603;
36B7 : 01C12083;
36B8 : 00050593;
36B9 : 00812503;
36BA : 02010113;
36BB : 02C0006F;
36BC : 01C12083;
36BD : 01600793;
36BE : 00F82023;
36BF : 00068513;
36C0 : 02010113;
36C1 : 00008067;
36C2 : 01600793;
36C3 : 00F82023;
36C4 : FFF00513;
36C5 : 00008067;
36C6 : FF010113;
36C7 : 00058793;
36C8 : 00812423;
36C9 : 00912223;
36CA : 00060593;
36CB : 00050493;
36CC : 00078513;
36CD : 00112623;
36CE : 1601AC23;
36CF : DA4F20EF;
36D0 : FFF00793;
36D1 : 00F50C63;
36D2 : 00C12083;
36D3 : 00812403;
36D4 : 00412483;
36D5 : 01010113;
36D6 : 00008067;
36D7 : 1781A783;
36D8 : FE0784E3;
36D9 : 00C12083;
36DA : 00812403;
36DB : 00F4A023;
36DC : 00412483;
36DD : 01010113;
36DE : 00008067;
36DF : D54F206F;
36E0 : 00C59793;
36E1 : FE010113;
36E2 : 01D55713;
36E3 : 0097D793;
36E4 : 0146D893;
36E5 : 00812C23;
36E6 : 00F767B3;
36E7 : 0145D413;
36E8 : 00C69713;
36E9 : 00912A23;
36EA : 7FF47413;
36EB : 01F5D493;
36EC : 7FF8F893;
36ED : 01D65593;
36EE : 00975713;
36EF : 00112E23;
36F0 : 01212823;
36F1 : 01312623;
36F2 : 01F6D693;
36F3 : 00351513;
36F4 : 00E5E733;
36F5 : 00361613;
36F6 : 41140833;
36F7 : 7FF00313;
36F8 : 30D49663;
36F9 : 17005663;
36FA : 0A089063;
36FB : 00C766B3;
36FC : 02068463;
36FD : FFF40813;
36FE : 00081E63;
36FF : 00C50633;
3700 : 00E787B3;
3701 : 00A63533;
3702 : 00A78733;
3703 : 00100413;
3704 : 0C80006F;
3705 : 08641063;
3706 : 01D79713;
3707 : 00355513;
3708 : 7FF00693;
3709 : 00A76733;
370A : 0037D793;
370B : 00D41E63;
370C : 00F76733;
370D : 00000793;
370E : 00070863;
370F : 000807B7;
3710 : 00000713;
3711 : 00000493;
3712 : 7FF47413;
3713 : 00C79793;
3714 : 00C7D793;
3715 : 01441413;
3716 : 01F49593;
3717 : 00F46433;
3718 : 01C12083;
3719 : 00B467B3;
371A : 01812403;
371B : 01412483;
371C : 01012903;
371D : 00C12983;
371E : 00070513;
371F : 00078593;
3720 : 02010113;
3721 : 00008067;
3722 : 28640C63;
3723 : 008006B7;
3724 : 00D76733;
3725 : 03800693;
3726 : 0B06C663;
3727 : 01F00693;
3728 : 02000893;
3729 : 0706C863;
372A : 410888B3;
372B : 011716B3;
372C : 010655B3;
372D : 011618B3;
372E : 00B6E6B3;
372F : 011038B3;
3730 : 0116E6B3;
3731 : 01075833;
3732 : 00A68633;
3733 : 00F80833;
3734 : 00D636B3;
3735 : 00D80733;
3736 : 00871793;
3737 : 1C07DE63;
3738 : 00140413;
3739 : 7FF00793;
373A : 5AF40C63;
373B : FF8007B7;
373C : FFF78793;
373D : 00F777B3;
373E : 00165713;
373F : 00167613;
3740 : 00C76733;
3741 : 01F79613;
3742 : 00E66633;
3743 : 0017D713;
3744 : 1A80006F;
3745 : FE080693;
3746 : 00D756B3;
3747 : 00000593;
3748 : 01180863;
3749 : 04000593;
374A : 410585B3;
374B : 00B715B3;
374C : 00C5E5B3;
374D : 00B035B3;
374E : 00B6E6B3;
374F : 00000813;
3750 : F89FF06F;
3751 : 00C766B3;
3752 : 00D036B3;
3753 : FF1FF06F;
3754 : 0C080663;
3755 : 408886B3;
3756 : 06041A63;
3757 : 00A7E5B3;
3758 : 00059A63;
3759 : 00070793;
375A : 00060513;
375B : 00068413;
375C : EA9FF06F;
375D : FFF68593;
375E : E80582E3;
375F : FE6684E3;
3760 : 03800693;
3761 : 08B6C663;
3762 : 01F00693;
3763 : 02000313;
3764 : 04B6C863;
3765 : 40B30333;
3766 : 006796B3;
3767 : 00B55833;
3768 : 00651333;
3769 : 0106E6B3;
376A : 00603333;
376B : 0066E6B3;
376C : 00B7D5B3;
376D : 00C68633;
376E : 00E585B3;
376F : 00D636B3;
3770 : 00D58733;
3771 : 00088413;
3772 : F11FF06F;
3773 : 4E688A63;
3774 : 008005B7;
3775 : 00B7E7B3;
3776 : 00068593;
3777 : FA5FF06F;
3778 : FE058693;
3779 : 00D7D6B3;
377A : 00000813;
377B : 00658863;
377C : 04000813;
377D : 40B80833;
377E : 01079833;
377F : 00A86833;
3780 : 01003833;
3781 : 0106E6B3;
3782 : 00000593;
3783 : FA9FF06F;
3784 : 00A7E6B3;
3785 : 00D036B3;
3786 : FF1FF06F;
3787 : 00140693;
3788 : 7FE6F593;
3789 : 06059663;
378A : 00A7E6B3;
378B : 04041263;
378C : 2A068A63;
378D : 00C766B3;
378E : 42068E63;
378F : 00C506B3;
3790 : 00E787B3;
3791 : 00A6B533;
3792 : 00A78733;
3793 : 00871793;
3794 : 00068613;
3795 : 2807D863;
3796 : FF8007B7;
3797 : FFF78793;
3798 : 00F777B3;
3799 : 00068513;
379A : 00100413;
379B : DADFF06F;
379C : 44068863;
379D : 00C76733;
379E : 00030413;
379F : D8070EE3;
37A0 : 00000493;
37A1 : 004007B7;
37A2 : 00000513;
37A3 : D8DFF06F;
37A4 : 40668663;
37A5 : 00C50633;
37A6 : 00E787B3;
37A7 : 00A63533;
37A8 : 00A787B3;
37A9 : 01F79713;
37AA : 00165613;
37AB : 00C76633;
37AC : 00068413;
37AD : 0017D713;
37AE : 00767793;
37AF : 3C079263;
37B0 : 00070793;
37B1 : 00060513;
37B2 : 00879713;
37B3 : D40756E3;
37B4 : 00140413;
37B5 : 7FF00713;
37B6 : 3CE40463;
37B7 : FF800737;
37B8 : FFF70713;
37B9 : 00E7F7B3;
37BA : D31FF06F;
37BB : 0F005063;
37BC : 02089C63;
37BD : 00C766B3;
37BE : D20680E3;
37BF : FFF40813;
37C0 : 00081E63;
37C1 : 40C50633;
37C2 : 40E787B3;
37C3 : 00C53533;
37C4 : 40A78733;
37C5 : 00100413;
37C6 : 0600006F;
37C7 : 00641C63;
37C8 : 7FF00413;
37C9 : CF5FF06F;
37CA : CE6408E3;
37CB : 008006B7;
37CC : 00D76733;
37CD : 03800693;
37CE : 0906C463;
37CF : 01F00693;
37D0 : 02000893;
37D1 : 0506C663;
37D2 : 410888B3;
37D3 : 011716B3;
37D4 : 010655B3;
37D5 : 011618B3;
37D6 : 00B6E6B3;
37D7 : 011038B3;
37D8 : 0116E6B3;
37D9 : 01075833;
37DA : 40D50633;
37DB : 41078833;
37DC : 00C53533;
37DD : 40A80733;
37DE : 00871793;
37DF : F207DEE3;
37E0 : 00971913;
37E1 : 00995913;
37E2 : 00060993;
37E3 : 2040006F;
37E4 : FE080693;
37E5 : 00D756B3;
37E6 : 00000593;
37E7 : 01180863;
37E8 : 04000593;
37E9 : 410585B3;
37EA : 00B715B3;
37EB : 00C5E5B3;
37EC : 00B035B3;
37ED : 00B6E6B3;
37EE : 00000813;
37EF : FADFF06F;
37F0 : 00C766B3;
37F1 : 00D036B3;
37F2 : FF1FF06F;
37F3 : 0E080A63;
37F4 : 40888833;
37F5 : 08041E63;
37F6 : 00A7E5B3;
37F7 : 00059C63;
37F8 : 00068493;
37F9 : 00070793;
37FA : 00060513;
37FB : 00080413;
37FC : C29FF06F;
37FD : FFF80593;
37FE : 02059063;
37FF : 40A60533;
3800 : 00A635B3;
3801 : 40F707B3;
3802 : 00050613;
3803 : 40B78733;
3804 : 00068493;
3805 : F01FF06F;
3806 : FC6804E3;
3807 : 03800813;
3808 : 08B84A63;
3809 : 01F00813;
380A : 02000E13;
380B : 04B84C63;
380C : 40BE0E33;
380D : 00B55333;
380E : 01C79833;
380F : 01C51E33;
3810 : 00686833;
3811 : 01C03E33;
3812 : 01C86533;
3813 : 00B7D5B3;
3814 : 40A60533;
3815 : 00A637B3;
3816 : 40B705B3;
3817 : 00050613;
3818 : 40F58733;
3819 : 00088413;
381A : 00068493;
381B : F0DFF06F;
381C : 24688663;
381D : 008005B7;
381E : 00B7E7B3;
381F : 00080593;
3820 : F9DFF06F;
3821 : FE058813;
3822 : 0107D833;
3823 : 00000313;
3824 : 01C58863;
3825 : 04000313;
3826 : 40B30333;
3827 : 00679333;
3828 : 00A36333;
3829 : 00603333;
382A : 00686533;
382B : 00000593;
382C : FA1FF06F;
382D : 00A7E533;
382E : 00A03533;
382F : FF1FF06F;
3830 : 00140593;
3831 : 7FE5F593;
3832 : 08059C63;
3833 : 00A7E833;
3834 : 00C765B3;
3835 : 06041463;
3836 : 00081E63;
3837 : 1C058663;
3838 : 00068493;
3839 : 00C76533;
383A : 10050C63;
383B : 00000413;
383C : DC9FF06F;
383D : 18058063;
383E : 40C50833;
383F : 010538B3;
3840 : 40E785B3;
3841 : 411585B3;
3842 : 00859893;
3843 : 0008DE63;
3844 : 40A60533;
3845 : 00A635B3;
3846 : 40F707B3;
3847 : 00050613;
3848 : 40B78733;
3849 : FBDFF06F;
384A : 00B86533;
384B : 18050263;
384C : 00058713;
384D : 00080613;
384E : FADFF06F;
384F : 00081C63;
3850 : 16059E63;
3851 : 00000493;
3852 : 00000513;
3853 : 004007B7;
3854 : DD1FF06F;
3855 : 00030413;
3856 : AC0580E3;
3857 : D25FF06F;
3858 : 40C505B3;
3859 : 00B53833;
385A : 40E78933;
385B : 41090933;
385C : 00891813;
385D : 00058993;
385E : 06085E63;
385F : 40A609B3;
3860 : 40F70933;
3861 : 01363633;
3862 : 40C90933;
3863 : 00068493;
3864 : 06090E63;
3865 : 00090513;
3866 : 431040EF;
3867 : FF850793;
3868 : 02000713;
3869 : 40F70733;
386A : 00F91933;
386B : 00E9D733;
386C : 01276733;
386D : 00F99633;
386E : 0A87C463;
386F : 408787B3;
3870 : 00178513;
3871 : 01F00693;
3872 : 02000593;
3873 : 06A6C263;
3874 : 40A585B3;
3875 : 00B717B3;
3876 : 00A656B3;
3877 : 00B615B3;
3878 : 00D7E7B3;
3879 : 00B035B3;
387A : 00B7E633;
387B : 00A75733;
387C : EF5FF06F;
387D : 0125E533;
387E : F8051CE3;
387F : 00000493;
3880 : 00000793;
3881 : 00000413;
3882 : A11FF06F;
3883 : 00098513;
3884 : 3B9040EF;
3885 : 01850793;
3886 : 01F00713;
3887 : F8F752E3;
3888 : FF850713;
3889 : 00E99733;
388A : 00000613;
388B : F8DFF06F;
388C : FE178793;
388D : 00F757B3;
388E : 00000693;
388F : 00B50863;
3890 : 04000693;
3891 : 40A686B3;
3892 : 00D716B3;
3893 : 00D666B3;
3894 : 00D036B3;
3895 : 00D7E633;
3896 : 00000713;
3897 : E89FF06F;
3898 : 40F40433;
3899 : FF8007B7;
389A : FFF78793;
389B : 00F77733;
389C : C49FF06F;
389D : 00078713;
389E : 00050613;
389F : E69FF06F;
38A0 : 00F67793;
38A1 : 00400693;
38A2 : C2D78CE3;
38A3 : 00D60533;
38A4 : 00C537B3;
38A5 : 00E787B3;
38A6 : C31FF06F;
38A7 : 00068413;
38A8 : 00000793;
38A9 : BE5FF06F;
38AA : 00000493;
38AB : FF5FF06F;
38AC : 00000493;
38AD : 00000793;
38AE : 961FF06F;
38AF : 00068493;
38B0 : 00070793;
38B1 : 00060513;
38B2 : C59FF06F;
38B3 : FD010113;
38B4 : 01512A23;
38B5 : 0145DA93;
38B6 : 02812423;
38B7 : 02912223;
38B8 : 03212023;
38B9 : 01312E23;
38BA : 01612823;
38BB : 01712623;
38BC : 00050B13;
38BD : 00050413;
38BE : 00C59493;
38BF : 02112623;
38C0 : 01412C23;
38C1 : 7FFAF513;
38C2 : 00060B93;
38C3 : 00068913;
38C4 : 00C4D493;
38C5 : 01F5D993;
38C6 : 38050463;
38C7 : 7FF00793;
38C8 : 3EF50663;
38C9 : 01DB5693;
38CA : 00349493;
38CB : 0096E6B3;
38CC : 008007B7;
38CD : 00F6EA33;
38CE : 003B1413;
38CF : C0150A93;
38D0 : 00000B13;
38D1 : 01495713;
38D2 : 00C91493;
38D3 : 7FF77713;
38D4 : 000B8893;
38D5 : 00C4D493;
38D6 : 01F95913;
38D7 : 3E070463;
38D8 : 7FF00793;
38D9 : 44F70663;
38DA : 01DBD793;
38DB : 00349493;
38DC : 00F4E4B3;
38DD : 008007B7;
38DE : 00F4E7B3;
38DF : 003B9893;
38E0 : C0170713;
38E1 : 00000693;
38E2 : 40EA8533;
38E3 : 002B1713;
38E4 : 00D76733;
38E5 : 00700613;
38E6 : 0129C833;
38E7 : 44E64263;
38E8 : 00100613;
38E9 : 60C70463;
38EA : FFE70593;
38EB : 00500313;
38EC : 44B37A63;
38ED : 0147E663;
38EE : 4B146063;
38EF : 48FA1E63;
38F0 : 01FA1693;
38F1 : 00145713;
38F2 : 01F41293;
38F3 : 001A5A13;
38F4 : 00E6E433;
38F5 : 00879E13;
38F6 : 0188D613;
38F7 : 01C66633;
38F8 : 010E5E13;
38F9 : 03CA57B3;
38FA : 01061E93;
38FB : 010EDE93;
38FC : 01045713;
38FD : 00889593;
38FE : 03CA76B3;
38FF : 02FE8333;
3900 : 01069693;
3901 : 00D76733;
3902 : 00677A63;
3903 : 00E60733;
3904 : 00C76463;
3905 : 44676863;
3906 : FFF78793;
3907 : 40670733;
3908 : 03C75333;
3909 : 01041693;
390A : 0106D693;
390B : 03C77733;
390C : 026E8F33;
390D : 01071713;
390E : 00E6E733;
390F : 01E77A63;
3910 : 00E60733;
3911 : 01E77463;
3912 : 42C77463;
3913 : FFF30313;
3914 : 01079793;
3915 : 0067E7B3;
3916 : 01079693;
3917 : 01059F93;
3918 : 0107D393;
3919 : 0106D693;
391A : 010FDF93;
391B : 41E70733;
391C : 0105DF13;
391D : 03F68433;
391E : 03F384B3;
391F : 01045313;
3920 : 02DF06B3;
3921 : 03E383B3;
3922 : 009686B3;
3923 : 00D30333;
3924 : 00937663;
3925 : 000106B7;
3926 : 00D383B3;
3927 : 01035693;
3928 : 01041413;
3929 : 01031313;
392A : 01045413;
392B : 007686B3;
392C : 00830333;
392D : 00D76663;
392E : 02D71E63;
392F : 0262FC63;
3930 : 00B283B3;
3931 : 0053B433;
3932 : 00C40933;
3933 : 01270733;
3934 : FFF78493;
3935 : 00038293;
3936 : 00E66663;
3937 : 00E61A63;
3938 : 00041863;
3939 : 38D76C63;
393A : 0063F463;
393B : 38E68863;
393C : 00048793;
393D : 40628333;
393E : 40D70733;
393F : 0062B2B3;
3940 : 40570733;
3941 : FFF00413;
3942 : 0EE60A63;
3943 : 03C75433;
3944 : 01035693;
3945 : 03C77733;
3946 : 028E82B3;
3947 : 01071713;
3948 : 00E6E6B3;
3949 : 0056FA63;
394A : 00D606B3;
394B : 0056F463;
394C : 36C6F263;
394D : FFF40413;
394E : 405686B3;
394F : 03C6D2B3;
3950 : 01031713;
3951 : 01075713;
3952 : 03C6F6B3;
3953 : 025E8EB3;
3954 : 01069693;
3955 : 00D76733;
3956 : 01D77A63;
3957 : 00E60733;
3958 : 01D77463;
3959 : 32C77E63;
395A : FFF28293;
395B : 01041413;
395C : 00546433;
395D : 01041693;
395E : 0106D693;
395F : 01045E13;
3960 : 41D70733;
3961 : 02DF8EB3;
3962 : 03CF8FB3;
3963 : 03CF0E33;
3964 : 02DF0F33;
3965 : 010ED693;
3966 : 01FF0F33;
3967 : 01E686B3;
3968 : 01F6F663;
3969 : 00010337;
396A : 006E0E33;
396B : 0106D313;
396C : 010E9E93;
396D : 01069693;
396E : 010EDE93;
396F : 01C30333;
3970 : 01D686B3;
3971 : 00676663;
3972 : 30671463;
3973 : 2E068C63;
3974 : 00E60E33;
3975 : FFF40E93;
3976 : 000E0713;
3977 : 00CE6863;
3978 : 2C6E6663;
3979 : 2E6E1463;
397A : 2CD5E263;
397B : 00058893;
397C : 000E8413;
397D : 2CD89E63;
397E : 2C671C63;
397F : 3FF50713;
3980 : 2EE05463;
3981 : 00747693;
3982 : 02068063;
3983 : 00F47693;
3984 : 00400613;
3985 : 00C68A63;
3986 : 00C406B3;
3987 : 0086B633;
3988 : 00C787B3;
3989 : 00068413;
398A : 00779693;
398B : 0006DA63;
398C : FF000737;
398D : FFF70713;
398E : 00E7F7B3;
398F : 40050713;
3990 : 7FE00693;
3991 : 36E6C463;
3992 : 01D79613;
3993 : 00345413;
3994 : 00866633;
3995 : 0037D793;
3996 : 02C12083;
3997 : 02812403;
3998 : 00C79793;
3999 : 01471713;
399A : 00C7D793;
399B : 00F76733;
399C : 01F81813;
399D : 02412483;
399E : 02012903;
399F : 01C12983;
39A0 : 01812A03;
39A1 : 01412A83;
39A2 : 01012B03;
39A3 : 00C12B83;
39A4 : 00060513;
39A5 : 010765B3;
39A6 : 03010113;
39A7 : 00008067;
39A8 : 0164EA33;
39A9 : 080A0063;
39AA : 04048063;
39AB : 00048513;
39AC : 718040EF;
39AD : 00050793;
39AE : FF550713;
39AF : 01D00693;
39B0 : FF878613;
39B1 : 40E686B3;
39B2 : 00C494B3;
39B3 : 00DB56B3;
39B4 : 0096EA33;
39B5 : 00CB14B3;
39B6 : C0D00513;
39B7 : 40F50AB3;
39B8 : 00048413;
39B9 : C5DFF06F;
39BA : 000B0513;
39BB : 6DC040EF;
39BC : 01550713;
39BD : 01C00693;
39BE : 02050793;
39BF : FCE6D0E3;
39C0 : FF850693;
39C1 : 00DB1A33;
39C2 : FD1FF06F;
39C3 : 0164EA33;
39C4 : 020A1263;
39C5 : 00000413;
39C6 : 00050A93;
39C7 : 00200B13;
39C8 : C25FF06F;
39C9 : 00000413;
39CA : 00000A93;
39CB : 00100B13;
39CC : C15FF06F;
39CD : 00048A13;
39CE : 00050A93;
39CF : 00300B13;
39D0 : C05FF06F;
39D1 : 0174E7B3;
39D2 : 06078E63;
39D3 : 04048063;
39D4 : 00048513;
39D5 : 674040EF;
39D6 : 00050693;
39D7 : FF550713;
39D8 : 01D00793;
39D9 : FF868613;
39DA : 40E787B3;
39DB : 00C494B3;
39DC : 00FBD7B3;
39DD : 0097E7B3;
39DE : 00CB94B3;
39DF : C0D00713;
39E0 : 40D70733;
39E1 : 00048893;
39E2 : BFDFF06F;
39E3 : 000B8513;
39E4 : 638040EF;
39E5 : 01550713;
39E6 : 01C00793;
39E7 : 02050693;
39E8 : FCE7D0E3;
39E9 : FF850793;
39EA : 00FB97B3;
39EB : FD1FF06F;
39EC : 0174E7B3;
39ED : 02079063;
39EE : 00000893;
39EF : 00200693;
39F0 : BC9FF06F;
39F1 : 00000893;
39F2 : 00000713;
39F3 : 00100693;
39F4 : BB9FF06F;
39F5 : 00048793;
39F6 : 00300693;
39F7 : BADFF06F;
39F8 : FF670713;
39F9 : 00500613;
39FA : 1CE66263;
39FB : 00014637;
39FC : 00271713;
39FD : BD860613;
39FE : 00C70733;
39FF : 00072703;
3A00 : 00070067;
3A01 : 00E61633;
3A02 : 05467593;
3A03 : 04059063;
3A04 : 08867613;
3A05 : 0C061263;
3A06 : B8671EE3;
3A07 : 000807B7;
3A08 : 7FF00713;
3A09 : 00000813;
3A0A : E31FF06F;
3A0B : 00098813;
3A0C : 000A0793;
3A0D : 00200713;
3A0E : 16EB0A63;
3A0F : 00300713;
3A10 : 16EB0063;
3A11 : 00100713;
3A12 : DAEB1AE3;
3A13 : 00000793;
3A14 : 00000613;
3A15 : 10C0006F;
3A16 : FFF50513;
3A17 : 00000293;
3A18 : B75FF06F;
3A19 : FFE78793;
3A1A : 00C70733;
3A1B : BB1FF06F;
3A1C : FFE30313;
3A1D : 00C70733;
3A1E : BD9FF06F;
3A1F : 007582B3;
3A20 : 00B2B3B3;
3A21 : 00C383B3;
3A22 : FFE78793;
3A23 : 00770733;
3A24 : C65FF06F;
3A25 : FFE40413;
3A26 : 00C686B3;
3A27 : C9DFF06F;
3A28 : FFE28293;
3A29 : 00C70733;
3A2A : CC5FF06F;
3A2B : 00989893;
3A2C : 00B8B5B3;
3A2D : 00C585B3;
3A2E : FFE40413;
3A2F : 00BE0733;
3A30 : D35FF06F;
3A31 : 00000893;
3A32 : D2DFF06F;
3A33 : 000E8413;
3A34 : 00146413;
3A35 : D29FF06F;
3A36 : 00090813;
3A37 : 00088413;
3A38 : 00068B13;
3A39 : F51FF06F;
3A3A : 08070063;
3A3B : FC900693;
3A3C : F4D74EE3;
3A3D : FE200693;
3A3E : 06D74C63;
3A3F : 00100693;
3A40 : 40E686B3;
3A41 : 41E50513;
3A42 : 00D45733;
3A43 : 00A41433;
3A44 : 00803433;
3A45 : 00A79533;
3A46 : 00A46433;
3A47 : 00876733;
3A48 : 00D7D7B3;
3A49 : 00777693;
3A4A : 02068063;
3A4B : 00F77693;
3A4C : 00400613;
3A4D : 00C68A63;
3A4E : 00C706B3;
3A4F : 00E6B633;
3A50 : 00C787B3;
3A51 : 00068713;
3A52 : 00879693;
3A53 : 0606C863;
3A54 : 01D79613;
3A55 : 00375713;
3A56 : 00E66633;
3A57 : 0037D793;
3A58 : 00000713;
3A59 : CF5FF06F;
3A5A : 00100693;
3A5B : F99FF06F;
3A5C : FE100593;
3A5D : 40E586B3;
3A5E : 00D7D6B3;
3A5F : 00000613;
3A60 : 00B70663;
3A61 : 43E50513;
3A62 : 00A79633;
3A63 : 00866633;
3A64 : 00C03633;
3A65 : 00C6E733;
3A66 : 00000793;
3A67 : F89FF06F;
3A68 : 000807B7;
3A69 : 00000613;
3A6A : E79FF06F;
3A6B : 00000793;
3A6C : 00000613;
3A6D : 7FF00713;
3A6E : CA1FF06F;
3A6F : 00000793;
3A70 : 00000613;
3A71 : 00100713;
3A72 : C91FF06F;
3A73 : 0145D813;
3A74 : 00C59793;
3A75 : 00C69713;
3A76 : 0146D893;
3A77 : 7FF87813;
3A78 : 7FF00313;
3A79 : 00C7D793;
3A7A : 01F5DE93;
3A7B : 00C75713;
3A7C : 7FF8F893;
3A7D : 01F6DE13;
3A7E : 00681C63;
3A7F : 00A7EF33;
3A80 : 000F0863;
3A81 : 00100713;
3A82 : 00070513;
3A83 : 00008067;
3A84 : 00689663;
3A85 : 00C76733;
3A86 : FE0716E3;
3A87 : 00B6C6B3;
3A88 : 00169693;
3A89 : FE0690E3;
3A8A : FCC51EE3;
3A8B : 00000713;
3A8C : FDCE8CE3;
3A8D : FC0818E3;
3A8E : 00A7E7B3;
3A8F : 00F03733;
3A90 : FC9FF06F;
3A91 : 0145D313;
3A92 : 00C59893;
3A93 : 00C69713;
3A94 : 0146D813;
3A95 : 7FF37313;
3A96 : 7FF00793;
3A97 : 00C8D893;
3A98 : 01F5D593;
3A99 : 00C75713;
3A9A : 7FF87813;
3A9B : 01F6D693;
3A9C : 04F30263;
3A9D : 7FF00E13;
3A9E : 00080793;
3A9F : 01C81663;
3AA0 : 00C76E33;
3AA1 : 020E1C63;
3AA2 : 00000E13;
3AA3 : 00031663;
3AA4 : 00A8EE33;
3AA5 : 001E3E13;
3AA6 : 06081263;
3AA7 : 00C76EB3;
3AA8 : 020E0463;
3AA9 : 000E8E63;
3AAA : 00169793;
3AAB : FFF78793;
3AAC : 0100006F;
3AAD : 00A8E7B3;
3AAE : FA078EE3;
3AAF : FFE00793;
3AB0 : 00078513;
3AB1 : 00008067;
3AB2 : 020E9C63;
3AB3 : 40B005B3;
3AB4 : 0015E793;
3AB5 : FEDFF06F;
3AB6 : FD0348E3;
3AB7 : FF1768E3;
3AB8 : 00A67463;
3AB9 : FEE884E3;
3ABA : 00C56663;
3ABB : 00000793;
3ABC : FCE8F8E3;
3ABD : 00159793;
3ABE : FB5FF06F;
3ABF : FA0E16E3;
3AC0 : FCB696E3;
3AC1 : FC685AE3;
3AC2 : 40D006B3;
3AC3 : 0016E793;
3AC4 : FB1FF06F;
3AC5 : 0145D313;
3AC6 : 00C59893;
3AC7 : 00C69713;
3AC8 : 0146D813;
3AC9 : 7FF37313;
3ACA : 7FF00793;
3ACB : 00C8D893;
3ACC : 01F5D593;
3ACD : 00C75713;
3ACE : 7FF87813;
3ACF : 01F6D693;
3AD0 : 04F30263;
3AD1 : 7FF00E13;
3AD2 : 00080793;
3AD3 : 01C81663;
3AD4 : 00C76E33;
3AD5 : 020E1C63;
3AD6 : 00000E13;
3AD7 : 00031663;
3AD8 : 00A8EE33;
3AD9 : 001E3E13;
3ADA : 06081263;
3ADB : 00C76EB3;
3ADC : 020E0463;
3ADD : 000E8E63;
3ADE : 00169793;
3ADF : FFF78793;
3AE0 : 0100006F;
3AE1 : 00A8E7B3;
3AE2 : FA078EE3;
3AE3 : 00200793;
3AE4 : 00078513;
3AE5 : 00008067;
3AE6 : 020E9C63;
3AE7 : 40B005B3;
3AE8 : 0015E793;
3AE9 : FEDFF06F;
3AEA : FD0348E3;
3AEB : FF1768E3;
3AEC : 00A67463;
3AED : FEE884E3;
3AEE : 00C56663;
3AEF : 00000793;
3AF0 : FCE8F8E3;
3AF1 : 00159793;
3AF2 : FB5FF06F;
3AF3 : FA0E16E3;
3AF4 : FCB696E3;
3AF5 : FC685AE3;
3AF6 : 40D006B3;
3AF7 : 0016E793;
3AF8 : FB1FF06F;
3AF9 : FD010113;
3AFA : 01412C23;
3AFB : 0145DA13;
3AFC : 02812423;
3AFD : 02912223;
3AFE : 01312E23;
3AFF : 01512A23;
3B00 : 01712623;
3B01 : 00C59493;
3B02 : 02112623;
3B03 : 03212023;
3B04 : 01612823;
3B05 : 7FFA7A13;
3B06 : 00050413;
3B07 : 00060B93;
3B08 : 00068993;
3B09 : 00C4D493;
3B0A : 01F5DA93;
3B0B : 0C0A0263;
3B0C : 7FF00793;
3B0D : 12FA0463;
3B0E : 00349493;
3B0F : 01D55793;
3B10 : 0097E7B3;
3B11 : 008004B7;
3B12 : 0097E4B3;
3B13 : 00351913;
3B14 : C01A0A13;
3B15 : 00000B13;
3B16 : 0149D713;
3B17 : 00C99413;
3B18 : 7FF77713;
3B19 : 00C45413;
3B1A : 01F9D993;
3B1B : 12070063;
3B1C : 7FF00793;
3B1D : 18F70463;
3B1E : 00341413;
3B1F : 01DBD793;
3B20 : 0087E7B3;
3B21 : 00800437;
3B22 : 0087E433;
3B23 : C0170713;
3B24 : 003B9793;
3B25 : 00000813;
3B26 : 00EA0A33;
3B27 : 002B1713;
3B28 : 01076733;
3B29 : 00B00693;
3B2A : 001A0513;
3B2B : 1AE6C663;
3B2C : 00200613;
3B2D : 013AC5B3;
3B2E : 00100693;
3B2F : 16E64863;
3B30 : FFF70713;
3B31 : 1AE6EA63;
3B32 : 00080B13;
3B33 : 00200713;
3B34 : 4CEB0E63;
3B35 : 00300713;
3B36 : 18EB0663;
3B37 : 00100713;
3B38 : 34EB1863;
3B39 : 00000413;
3B3A : 00000613;
3B3B : 4800006F;
3B3C : 00A4E933;
3B3D : 06090E63;
3B3E : 04048263;
3B3F : 00048513;
3B40 : 0C8040EF;
3B41 : 00050713;
3B42 : FF550693;
3B43 : 01D00793;
3B44 : FF870613;
3B45 : 40D787B3;
3B46 : 00C494B3;
3B47 : 00F457B3;
3B48 : 0097E7B3;
3B49 : 00C414B3;
3B4A : C0D00A13;
3B4B : 00048913;
3B4C : 40EA0A33;
3B4D : 00078493;
3B4E : F1DFF06F;
3B4F : 08C040EF;
3B50 : 01550693;
3B51 : 01C00793;
3B52 : 02050713;
3B53 : FCD7D0E3;
3B54 : FF850793;
3B55 : 00F417B3;
3B56 : FD1FF06F;
3B57 : 00A4E933;
3B58 : 02091063;
3B59 : 00000493;
3B5A : 00200B13;
3B5B : EEDFF06F;
3B5C : 00000493;
3B5D : 00000A13;
3B5E : 00100B13;
3B5F : EDDFF06F;
3B60 : 00050913;
3B61 : 00300B13;
3B62 : ED1FF06F;
3B63 : 017467B3;
3B64 : 08078063;
3B65 : 04040263;
3B66 : 00040513;
3B67 : 02C040EF;
3B68 : 00050793;
3B69 : FF550713;
3B6A : 01D00693;
3B6B : FF878613;
3B6C : 40E686B3;
3B6D : 00C41433;
3B6E : 00DBD6B3;
3B6F : 0086E6B3;
3B70 : 00CB9433;
3B71 : C0D00713;
3B72 : 40F70733;
3B73 : 00040793;
3B74 : 00068413;
3B75 : EC1FF06F;
3B76 : 000B8513;
3B77 : 7ED030EF;
3B78 : 01550713;
3B79 : 01C00693;
3B7A : 02050793;
3B7B : FAE6DEE3;
3B7C : FF850693;
3B7D : 00DB96B3;
3B7E : FCDFF06F;
3B7F : 017467B3;
3B80 : 02079063;
3B81 : 00000413;
3B82 : 00200813;
3B83 : E8DFF06F;
3B84 : 00000413;
3B85 : 00000713;
3B86 : 00100813;
3B87 : E7DFF06F;
3B88 : 000B8793;
3B89 : 00300813;
3B8A : E71FF06F;
3B8B : 00E69733;
3B8C : 53077693;
3B8D : 2A069663;
3B8E : 00001637;
3B8F : 88860613;
3B90 : 00C77633;
3B91 : 28061A63;
3B92 : 24077713;
3B93 : 02070663;
3B94 : 00080437;
3B95 : 0180006F;
3B96 : 00F00793;
3B97 : 000A8593;
3B98 : 28F71063;
3B99 : 00080437;
3B9A : 00000613;
3B9B : 7FF00713;
3B9C : 00000593;
3B9D : 2180006F;
3B9E : 01095893;
3B9F : 01079E13;
3BA0 : 01091913;
3BA1 : 0107D613;
3BA2 : 01095913;
3BA3 : 010E5E13;
3BA4 : 03C907B3;
3BA5 : 03C88333;
3BA6 : 0107D813;
3BA7 : 03260733;
3BA8 : 02C886B3;
3BA9 : 00670733;
3BAA : 00E80833;
3BAB : 00687663;
3BAC : 00010737;
3BAD : 00E686B3;
3BAE : 01045713;
3BAF : 01079793;
3BB0 : 01041413;
3BB1 : 0107D793;
3BB2 : 01045413;
3BB3 : 01085F93;
3BB4 : 01081813;
3BB5 : 02890F33;
3BB6 : 00F80833;
3BB7 : 02E90933;
3BB8 : 010F5313;
3BB9 : 028887B3;
3BBA : 02E888B3;
3BBB : 00F90933;
3BBC : 01230333;
3BBD : 00F37663;
3BBE : 000107B7;
3BBF : 00F888B3;
3BC0 : 010F1F13;
3BC1 : 010F5F13;
3BC2 : 01031793;
3BC3 : 01E787B3;
3BC4 : 0104DF13;
3BC5 : 01049493;
3BC6 : 0104D493;
3BC7 : 029E02B3;
3BC8 : 01035E93;
3BC9 : 011E8EB3;
3BCA : 00FF8FB3;
3BCB : 03EE0E33;
3BCC : 0102D893;
3BCD : 03E603B3;
3BCE : 02960633;
3BCF : 01C60633;
3BD0 : 00C888B3;
3BD1 : 01C8F663;
3BD2 : 00010637;
3BD3 : 00C383B3;
3BD4 : 02940633;
3BD5 : 01029293;
3BD6 : 0108D313;
3BD7 : 0102D293;
3BD8 : 01089893;
3BD9 : 00730333;
3BDA : 005888B3;
3BDB : 03E40433;
3BDC : 01065E13;
3BDD : 03E70F33;
3BDE : 02970733;
3BDF : 00870733;
3BE0 : 00EE0E33;
3BE1 : 008E7663;
3BE2 : 00010737;
3BE3 : 00EF0F33;
3BE4 : 01061613;
3BE5 : 010E1713;
3BE6 : 01065613;
3BE7 : 01F686B3;
3BE8 : 00C70733;
3BE9 : 01D70EB3;
3BEA : 00F6B7B3;
3BEB : 00FE87B3;
3BEC : 011688B3;
3BED : 00678333;
3BEE : 00D8B6B3;
3BEF : 00EEB633;
3BF0 : 00D306B3;
3BF1 : 01D7BEB3;
3BF2 : 00F33733;
3BF3 : 01D66633;
3BF4 : 0066B333;
3BF5 : 010E5E13;
3BF6 : 00989793;
3BF7 : 01C60633;
3BF8 : 00676733;
3BF9 : 00C70733;
3BFA : 0107E7B3;
3BFB : 01E70733;
3BFC : 00F037B3;
3BFD : 0178D893;
3BFE : 00971713;
3BFF : 0176D413;
3C00 : 0117E7B3;
3C01 : 00969693;
3C02 : 00D7E7B3;
3C03 : 00771693;
3C04 : 00876433;
3C05 : 0C06DC63;
3C06 : 0017D713;
3C07 : 0017F793;
3C08 : 00F76733;
3C09 : 01F41793;
3C0A : 00F767B3;
3C0B : 00145413;
3C0C : 3FF50713;
3C0D : 0CE05063;
3C0E : 0077F693;
3C0F : 02068063;
3C10 : 00F7F693;
3C11 : 00400613;
3C12 : 00C68A63;
3C13 : 00C786B3;
3C14 : 00F6B633;
3C15 : 00C40433;
3C16 : 00068793;
3C17 : 00741693;
3C18 : 0006DA63;
3C19 : FF000737;
3C1A : FFF70713;
3C1B : 00E47433;
3C1C : 40050713;
3C1D : 7FE00693;
3C1E : 12E6CA63;
3C1F : 01D41613;
3C20 : 0037D793;
3C21 : 00F66633;
3C22 : 00345413;
3C23 : 00C41413;
3C24 : 00C45413;
3C25 : 01471713;
3C26 : 02C12083;
3C27 : 00876733;
3C28 : 02812403;
3C29 : 01F59593;
3C2A : 00B767B3;
3C2B : 02412483;
3C2C : 02012903;
3C2D : 01C12983;
3C2E : 01812A03;
3C2F : 01412A83;
3C30 : 01012B03;
3C31 : 00C12B83;
3C32 : 00060513;
3C33 : 00078593;
3C34 : 03010113;
3C35 : 00008067;
3C36 : 00098593;
3C37 : BEDFF06F;
3C38 : 00048413;
3C39 : 00090793;
3C3A : BE5FF06F;
3C3B : 000A0513;
3C3C : F41FF06F;
3C3D : 08070063;
3C3E : FC900693;
3C3F : BED744E3;
3C40 : FE200693;
3C41 : 06D74C63;
3C42 : 00100693;
3C43 : 40E68733;
3C44 : 41E50513;
3C45 : 00E7D6B3;
3C46 : 00A797B3;
3C47 : 00F037B3;
3C48 : 00A41533;
3C49 : 00A7E7B3;
3C4A : 00D7E7B3;
3C4B : 00E45433;
3C4C : 0077F713;
3C4D : 02070063;
3C4E : 00F7F713;
3C4F : 00400693;
3C50 : 00D70A63;
3C51 : 00D78733;
3C52 : 00F736B3;
3C53 : 00D40433;
3C54 : 00070793;
3C55 : 00841713;
3C56 : 06074263;
3C57 : 01D41613;
3C58 : 0037D793;
3C59 : 00F66633;
3C5A : 00345413;
3C5B : 00000713;
3C5C : F1DFF06F;
3C5D : 00100713;
3C5E : F99FF06F;
3C5F : FE100813;
3C60 : 40E806B3;
3C61 : 00D456B3;
3C62 : 00000613;
3C63 : 01070663;
3C64 : 43E50513;
3C65 : 00A41633;
3C66 : 00C7E7B3;
3C67 : 00F037B3;
3C68 : 00F6E7B3;
3C69 : 00000413;
3C6A : F89FF06F;
3C6B : 00000413;
3C6C : 00000613;
3C6D : 7FF00713;
3C6E : ED5FF06F;
3C6F : 00000413;
3C70 : 00000613;
3C71 : 00100713;
3C72 : EC5FF06F;
3C73 : FE010113;
3C74 : 0145D713;
3C75 : 00C59793;
3C76 : 00812C23;
3C77 : 0097D793;
3C78 : 7FF77413;
3C79 : 01D55713;
3C7A : 00F767B3;
3C7B : 00C69713;
3C7C : 0146D893;
3C7D : 00912A23;
3C7E : 00975713;
3C7F : 01F5D493;
3C80 : 01D65593;
3C81 : 00E5E733;
3C82 : 00112E23;
3C83 : 01212823;
3C84 : 01312623;
3C85 : 7FF8F893;
3C86 : 7FF00593;
3C87 : 00351513;
3C88 : 01F6D693;
3C89 : 00361613;
3C8A : 00B89663;
3C8B : 00C765B3;
3C8C : 00059463;
3C8D : 0016C693;
3C8E : 41140833;
3C8F : 7FF00313;
3C90 : 30969263;
3C91 : 17005663;
3C92 : 0A089063;
3C93 : 00C766B3;
3C94 : 02068463;
3C95 : FFF40813;
3C96 : 00081E63;
3C97 : 00C50633;
3C98 : 00E787B3;
3C99 : 00A63533;
3C9A : 00A787B3;
3C9B : 00100413;
3C9C : 0C80006F;
3C9D : 08641063;
3C9E : 01D79693;
3C9F : 00355513;
3CA0 : 7FF00713;
3CA1 : 00A6E6B3;
3CA2 : 0037D793;
3CA3 : 00E41E63;
3CA4 : 00F6E6B3;
3CA5 : 00000793;
3CA6 : 00068863;
3CA7 : 000807B7;
3CA8 : 00000693;
3CA9 : 00000493;
3CAA : 7FF47713;
3CAB : 00C79793;
3CAC : 01C12083;
3CAD : 01812403;
3CAE : 00C7D793;
3CAF : 01471713;
3CB0 : 01F49593;
3CB1 : 00F76733;
3CB2 : 00B767B3;
3CB3 : 01412483;
3CB4 : 01012903;
3CB5 : 00C12983;
3CB6 : 00068513;
3CB7 : 00078593;
3CB8 : 02010113;
3CB9 : 00008067;
3CBA : 28640863;
3CBB : 008006B7;
3CBC : 00D76733;
3CBD : 03800693;
3CBE : 0B06C663;
3CBF : 01F00693;
3CC0 : 02000893;
3CC1 : 0706C863;
3CC2 : 410888B3;
3CC3 : 011716B3;
3CC4 : 010655B3;
3CC5 : 011618B3;
3CC6 : 00B6E6B3;
3CC7 : 011038B3;
3CC8 : 0116E6B3;
3CC9 : 01075833;
3CCA : 00A68633;
3CCB : 00F80833;
3CCC : 00D636B3;
3CCD : 00D807B3;
3CCE : 00879713;
3CCF : 1C075C63;
3CD0 : 00140413;
3CD1 : 7FF00713;
3CD2 : 5AE40E63;
3CD3 : FF800737;
3CD4 : FFF70713;
3CD5 : 00E7F7B3;
3CD6 : 00165713;
3CD7 : 00167613;
3CD8 : 00C76733;
3CD9 : 01F79613;
3CDA : 00E66633;
3CDB : 0017D793;
3CDC : 1A40006F;
3CDD : FE080693;
3CDE : 00D756B3;
3CDF : 00000593;
3CE0 : 01180863;
3CE1 : 04000593;
3CE2 : 410585B3;
3CE3 : 00B715B3;
3CE4 : 00C5E5B3;
3CE5 : 00B035B3;
3CE6 : 00B6E6B3;
3CE7 : 00000813;
3CE8 : F89FF06F;
3CE9 : 00C766B3;
3CEA : 00D036B3;
3CEB : FF1FF06F;
3CEC : 0C080663;
3CED : 408886B3;
3CEE : 06041A63;
3CEF : 00A7E5B3;
3CF0 : 00059A63;
3CF1 : 00070793;
3CF2 : 00060513;
3CF3 : 00068413;
3CF4 : EA9FF06F;
3CF5 : FFF68593;
3CF6 : E80582E3;
3CF7 : FE6684E3;
3CF8 : 03800693;
3CF9 : 08B6C663;
3CFA : 01F00693;
3CFB : 02000313;
3CFC : 04B6C863;
3CFD : 40B30333;
3CFE : 006796B3;
3CFF : 00B55833;
3D00 : 00651333;
3D01 : 0106E6B3;
3D02 : 00603333;
3D03 : 0066E6B3;
3D04 : 00B7D5B3;
3D05 : 00C68633;
3D06 : 00E585B3;
3D07 : 00D636B3;
3D08 : 00D587B3;
3D09 : 00088413;
3D0A : F11FF06F;
3D0B : 4E688863;
3D0C : 008005B7;
3D0D : 00B7E7B3;
3D0E : 00068593;
3D0F : FA5FF06F;
3D10 : FE058693;
3D11 : 00D7D6B3;
3D12 : 00000813;
3D13 : 00658863;
3D14 : 04000813;
3D15 : 40B80833;
3D16 : 01079833;
3D17 : 00A86833;
3D18 : 01003833;
3D19 : 0106E6B3;
3D1A : 00000593;
3D1B : FA9FF06F;
3D1C : 00A7E6B3;
3D1D : 00D036B3;
3D1E : FF1FF06F;
3D1F : 00140693;
3D20 : 7FE6F593;
3D21 : 06059463;
3D22 : 00A7E6B3;
3D23 : 04041063;
3D24 : 44068263;
3D25 : 00C766B3;
3D26 : 44068263;
3D27 : 00C50633;
3D28 : 00E787B3;
3D29 : 00A63533;
3D2A : 00A787B3;
3D2B : 00879713;
3D2C : 2C075463;
3D2D : FF800737;
3D2E : FFF70713;
3D2F : 00E7F7B3;
3D30 : 00060513;
3D31 : 00100413;
3D32 : DB1FF06F;
3D33 : 44068863;
3D34 : 00C76733;
3D35 : 00030413;
3D36 : DA0700E3;
3D37 : 00000493;
3D38 : 004007B7;
3D39 : 00000513;
3D3A : D91FF06F;
3D3B : 40668A63;
3D3C : 00C50633;
3D3D : 00E787B3;
3D3E : 00A63533;
3D3F : 00A787B3;
3D40 : 01F79713;
3D41 : 00165613;
3D42 : 00C76633;
3D43 : 0017D793;
3D44 : 00068413;
3D45 : 00767713;
3D46 : 3C071663;
3D47 : 00060513;
3D48 : 00879713;
3D49 : D4075AE3;
3D4A : 00140413;
3D4B : 7FF00713;
3D4C : 3CE40A63;
3D4D : FF800737;
3D4E : FFF70713;
3D4F : 00E7F7B3;
3D50 : D39FF06F;
3D51 : 0F005063;
3D52 : 02089C63;
3D53 : 00C766B3;
3D54 : D20684E3;
3D55 : FFF40813;
3D56 : 00081E63;
3D57 : 40C50633;
3D58 : 40E787B3;
3D59 : 00C53533;
3D5A : 40A787B3;
3D5B : 00100413;
3D5C : 0600006F;
3D5D : 00641C63;
3D5E : 7FF00413;
3D5F : CFDFF06F;
3D60 : CE640CE3;
3D61 : 008006B7;
3D62 : 00D76733;
3D63 : 03800693;
3D64 : 0906C463;
3D65 : 01F00693;
3D66 : 02000893;
3D67 : 0506C663;
3D68 : 410888B3;
3D69 : 011716B3;
3D6A : 010655B3;
3D6B : 011618B3;
3D6C : 00B6E6B3;
3D6D : 011038B3;
3D6E : 0116E6B3;
3D6F : 01075833;
3D70 : 40D50633;
3D71 : 41078833;
3D72 : 00C53533;
3D73 : 40A807B3;
3D74 : 00879713;
3D75 : F40750E3;
3D76 : 00979913;
3D77 : 00995913;
3D78 : 00060993;
3D79 : 20C0006F;
3D7A : FE080693;
3D7B : 00D756B3;
3D7C : 00000593;
3D7D : 01180863;
3D7E : 04000593;
3D7F : 410585B3;
3D80 : 00B715B3;
3D81 : 00C5E5B3;
3D82 : 00B035B3;
3D83 : 00B6E6B3;
3D84 : 00000813;
3D85 : FADFF06F;
3D86 : 00C766B3;
3D87 : 00D036B3;
3D88 : FF1FF06F;
3D89 : 0E080A63;
3D8A : 40888833;
3D8B : 08041E63;
3D8C : 00A7E5B3;
3D8D : 00059C63;
3D8E : 00068493;
3D8F : 00070793;
3D90 : 00060513;
3D91 : 00080413;
3D92 : C31FF06F;
3D93 : FFF80593;
3D94 : 02059063;
3D95 : 40A60533;
3D96 : 00A635B3;
3D97 : 40F707B3;
3D98 : 00050613;
3D99 : 40B787B3;
3D9A : 00068493;
3D9B : F01FF06F;
3D9C : FC6804E3;
3D9D : 03800813;
3D9E : 08B84A63;
3D9F : 01F00813;
3DA0 : 02000E13;
3DA1 : 04B84C63;
3DA2 : 40BE0E33;
3DA3 : 00B55333;
3DA4 : 01C79833;
3DA5 : 01C51E33;
3DA6 : 00686833;
3DA7 : 01C03E33;
3DA8 : 01C86533;
3DA9 : 00B7D5B3;
3DAA : 40A60533;
3DAB : 00A637B3;
3DAC : 40B705B3;
3DAD : 00050613;
3DAE : 40F587B3;
3DAF : 00088413;
3DB0 : 00068493;
3DB1 : F0DFF06F;
3DB2 : 24688863;
3DB3 : 008005B7;
3DB4 : 00B7E7B3;
3DB5 : 00080593;
3DB6 : F9DFF06F;
3DB7 : FE058813;
3DB8 : 0107D833;
3DB9 : 00000313;
3DBA : 01C58863;
3DBB : 04000313;
3DBC : 40B30333;
3DBD : 00679333;
3DBE : 00A36333;
3DBF : 00603333;
3DC0 : 00686533;
3DC1 : 00000593;
3DC2 : FA1FF06F;
3DC3 : 00A7E533;
3DC4 : 00A03533;
3DC5 : FF1FF06F;
3DC6 : 00140593;
3DC7 : 7FE5F593;
3DC8 : 0A059063;
3DC9 : 00C765B3;
3DCA : 00A7E833;
3DCB : 06041863;
3DCC : 00081A63;
3DCD : 00070793;
3DCE : 02059E63;
3DCF : 00000493;
3DD0 : 1C40006F;
3DD1 : 18058C63;
3DD2 : 40C50833;
3DD3 : 010538B3;
3DD4 : 40E785B3;
3DD5 : 411585B3;
3DD6 : 00859893;
3DD7 : 0208D663;
3DD8 : 40A60533;
3DD9 : 00A635B3;
3DDA : 40F707B3;
3DDB : 00050613;
3DDC : 40B787B3;
3DDD : 00068493;
3DDE : 00C7E533;
3DDF : 0E050263;
3DE0 : 00000413;
3DE1 : D91FF06F;
3DE2 : 00B86533;
3DE3 : 18050063;
3DE4 : 00058793;
3DE5 : 00080613;
3DE6 : FE1FF06F;
3DE7 : 00081C63;
3DE8 : 16059C63;
3DE9 : 00000493;
3DEA : 00000513;
3DEB : 004007B7;
3DEC : DC9FF06F;
3DED : 00030413;
3DEE : AC0580E3;
3DEF : D21FF06F;
3DF0 : 40C505B3;
3DF1 : 00B53833;
3DF2 : 40E78933;
3DF3 : 41090933;
3DF4 : 00891813;
3DF5 : 00058993;
3DF6 : 06085E63;
3DF7 : 40A609B3;
3DF8 : 40F70933;
3DF9 : 01363633;
3DFA : 40C90933;
3DFB : 00068493;
3DFC : 06090E63;
3DFD : 00090513;
3DFE : 5D0030EF;
3DFF : FF850713;
3E00 : 02000793;
3E01 : 40E787B3;
3E02 : 00E91933;
3E03 : 00F9D7B3;
3E04 : 0127E7B3;
3E05 : 00E99633;
3E06 : 0A874463;
3E07 : 40870733;
3E08 : 00170513;
3E09 : 01F00693;
3E0A : 02000593;
3E0B : 06A6C263;
3E0C : 40A585B3;
3E0D : 00B79733;
3E0E : 00A656B3;
3E0F : 00B615B3;
3E10 : 00D76733;
3E11 : 00B035B3;
3E12 : 00B76633;
3E13 : 00A7D7B3;
3E14 : F29FF06F;
3E15 : 0125E533;
3E16 : F8051CE3;
3E17 : 00000493;
3E18 : 00000793;
3E19 : 00000413;
3E1A : A11FF06F;
3E1B : 00098513;
3E1C : 558030EF;
3E1D : 01850713;
3E1E : 01F00793;
3E1F : F8E7D2E3;
3E20 : FF850793;
3E21 : 00F997B3;
3E22 : 00000613;
3E23 : F8DFF06F;
3E24 : FE170713;
3E25 : 00E7D733;
3E26 : 00000693;
3E27 : 00B50863;
3E28 : 04000693;
3E29 : 40A686B3;
3E2A : 00D796B3;
3E2B : 00D666B3;
3E2C : 00D036B3;
3E2D : 00D76633;
3E2E : 00000793;
3E2F : EBDFF06F;
3E30 : 40E40433;
3E31 : FF800737;
3E32 : FFF70713;
3E33 : 00E7F7B3;
3E34 : C45FF06F;
3E35 : 00070793;
3E36 : EA1FF06F;
3E37 : 00050613;
3E38 : E99FF06F;
3E39 : 00F67713;
3E3A : 00400693;
3E3B : C2D708E3;
3E3C : 00D60533;
3E3D : 00C53633;
3E3E : 00C787B3;
3E3F : C25FF06F;
3E40 : 00068413;
3E41 : 00000793;
3E42 : BDDFF06F;
3E43 : 00000493;
3E44 : 00000793;
3E45 : 965FF06F;
3E46 : 00068493;
3E47 : 00070793;
3E48 : 00060513;
3E49 : C55FF06F;
3E4A : 0145D713;
3E4B : 00C59793;
3E4C : 7FF77713;
3E4D : 3FE00693;
3E4E : 00C7D793;
3E4F : 01F5D593;
3E50 : 04E6DE63;
3E51 : 41D00693;
3E52 : 00E6DA63;
3E53 : 80000537;
3E54 : FFF50513;
3E55 : 00A58533;
3E56 : 00008067;
3E57 : 001006B7;
3E58 : 00D7E7B3;
3E59 : 41300693;
3E5A : 02E6D463;
3E5B : BED70693;
3E5C : 00D797B3;
3E5D : 43300693;
3E5E : 40E68733;
3E5F : 00E55533;
3E60 : 00A7E533;
3E61 : 00058E63;
3E62 : 40A00533;
3E63 : 00008067;
3E64 : 40E686B3;
3E65 : 00D7D533;
3E66 : FEDFF06F;
3E67 : 00000513;
3E68 : 00008067;
3E69 : FF010113;
3E6A : 00112623;
3E6B : 00812423;
3E6C : 00912223;
3E6D : 00050793;
3E6E : 08050063;
3E6F : 41F55713;
3E70 : 00A74433;
3E71 : 40E40433;
3E72 : 01F55493;
3E73 : 00040513;
3E74 : 3F8030EF;
3E75 : 41E00793;
3E76 : 00A00713;
3E77 : 40A787B3;
3E78 : 04A74463;
3E79 : 00B00713;
3E7A : 40A70733;
3E7B : 01550513;
3E7C : 00E45733;
3E7D : 00A41433;
3E7E : 00C12083;
3E7F : 00040513;
3E80 : 00C71713;
3E81 : 00812403;
3E82 : 01479793;
3E83 : 00C75713;
3E84 : 01F49493;
3E85 : 00E7E7B3;
3E86 : 0097E5B3;
3E87 : 00412483;
3E88 : 01010113;
3E89 : 00008067;
3E8A : FF550513;
3E8B : 00A41733;
3E8C : 00000413;
3E8D : FC5FF06F;
3E8E : 00000493;
3E8F : 00000713;
3E90 : FF1FF06F;
3E91 : 00C52783;
3E92 : 00C5A803;
3E93 : 00052E03;
3E94 : 00452F03;
3E95 : 00852E83;
3E96 : 0005A703;
3E97 : 00181513;
3E98 : 0045A603;
3E99 : 0085A683;
3E9A : 00179593;
3E9B : 01079313;
3E9C : 0115D893;
3E9D : 01F7D593;
3E9E : 01155793;
3E9F : 00008537;
3EA0 : 01081F93;
3EA1 : FFF50513;
3EA2 : FF010113;
3EA3 : 01035313;
3EA4 : 010FDF93;
3EA5 : 01F85813;
3EA6 : 02A89063;
3EA7 : 01CF6533;
3EA8 : 01D56533;
3EA9 : 00656533;
3EAA : 06050A63;
3EAB : 00100513;
3EAC : 01010113;
3EAD : 00008067;
3EAE : 00A79A63;
3EAF : 00E66533;
3EB0 : 00D56533;
3EB1 : 01F56533;
3EB2 : FE0512E3;
3EB3 : 41C70733;
3EB4 : 41E60633;
3EB5 : 00E03733;
3EB6 : 00C03633;
3EB7 : 411787B3;
3EB8 : 00C76733;
3EB9 : 00F037B3;
3EBA : 00E7E7B3;
3EBB : 41D686B3;
3EBC : 00F6E6B3;
3EBD : FA069CE3;
3EBE : FBF31AE3;
3EBF : 00000513;
3EC0 : FB0588E3;
3EC1 : FA0894E3;
3EC2 : 01CF6533;
3EC3 : 01D56533;
3EC4 : 00656533;
3EC5 : 00A03533;
3EC6 : F99FF06F;
3EC7 : F91798E3;
3EC8 : F9DFF06F;
3EC9 : 00C52783;
3ECA : 00C5A683;
3ECB : 0005A283;
3ECC : 00179713;
3ECD : 01175E93;
3ECE : 00169713;
3ECF : 0045A883;
3ED0 : 0085A383;
3ED1 : 01175593;
3ED2 : 00008737;
3ED3 : 01079313;
3ED4 : FFF70713;
3ED5 : 00052F03;
3ED6 : 00452803;
3ED7 : 00852F83;
3ED8 : FF010113;
3ED9 : 01035313;
3EDA : 01F7D793;
3EDB : 01F6DE13;
3EDC : 02EE9063;
3EDD : 01E86733;
3EDE : 01F76733;
3EDF : 00676733;
3EE0 : 00070863;
3EE1 : FFE00513;
3EE2 : 01010113;
3EE3 : 00008067;
3EE4 : 00008737;
3EE5 : 01069693;
3EE6 : FFF70713;
3EE7 : 0106D693;
3EE8 : 00058513;
3EE9 : 00E59A63;
3EEA : 0058E733;
3EEB : 00776733;
3EEC : 00D76733;
3EED : FC0718E3;
3EEE : 00000713;
3EEF : 000E9A63;
3EF0 : 01E86733;
3EF1 : 01F76733;
3EF2 : 00676733;
3EF3 : 00173713;
3EF4 : 02059E63;
3EF5 : 0058E633;
3EF6 : 00766633;
3EF7 : 00D66633;
3EF8 : 00070A63;
3EF9 : FA0602E3;
3EFA : 001E1513;
3EFB : FFF50513;
3EFC : F99FF06F;
3EFD : 00061E63;
3EFE : 40F00533;
3EFF : 00156513;
3F00 : F89FF06F;
3F01 : 00000513;
3F02 : F81FF06F;
3F03 : FC071EE3;
3F04 : FEFE14E3;
3F05 : 41C00533;
3F06 : FFD5C2E3;
3F07 : FCBEC6E3;
3F08 : FC66ECE3;
3F09 : 02D31463;
3F0A : FDF3E8E3;
3F0B : 03F39063;
3F0C : FD08E4E3;
3F0D : 41088733;
3F0E : 01E2F463;
3F0F : FA070EE3;
3F10 : 01186663;
3F11 : FC5F70E3;
3F12 : FA071EE3;
3F13 : 00179513;
3F14 : F9DFF06F;
3F15 : 00C52783;
3F16 : 00C5A683;
3F17 : 0005A283;
3F18 : 00179713;
3F19 : 01175E93;
3F1A : 00169713;
3F1B : 0045A883;
3F1C : 0085A383;
3F1D : 01175593;
3F1E : 00008737;
3F1F : 01079313;
3F20 : FFF70713;
3F21 : 00052F03;
3F22 : 00452803;
3F23 : 00852F83;
3F24 : FF010113;
3F25 : 01035313;
3F26 : 01F7D793;
3F27 : 01F6DE13;
3F28 : 02EE9063;
3F29 : 01E86733;
3F2A : 01F76733;
3F2B : 00676733;
3F2C : 00070863;
3F2D : 00200513;
3F2E : 01010113;
3F2F : 00008067;
3F30 : 00008737;
3F31 : 01069693;
3F32 : FFF70713;
3F33 : 0106D693;
3F34 : 00058513;
3F35 : 00E59A63;
3F36 : 0058E733;
3F37 : 00776733;
3F38 : 00D76733;
3F39 : FC0718E3;
3F3A : 00000713;
3F3B : 000E9A63;
3F3C : 01E86733;
3F3D : 01F76733;
3F3E : 00676733;
3F3F : 00173713;
3F40 : 02059E63;
3F41 : 0058E633;
3F42 : 00766633;
3F43 : 00D66633;
3F44 : 00070A63;
3F45 : FA0602E3;
3F46 : 001E1513;
3F47 : FFF50513;
3F48 : F99FF06F;
3F49 : 00061E63;
3F4A : 40F00533;
3F4B : 00156513;
3F4C : F89FF06F;
3F4D : 00000513;
3F4E : F81FF06F;
3F4F : FC071EE3;
3F50 : FEFE14E3;
3F51 : 41C00533;
3F52 : FFD5C2E3;
3F53 : FCBEC6E3;
3F54 : FC66ECE3;
3F55 : 02D31463;
3F56 : FDF3E8E3;
3F57 : 03F39063;
3F58 : FD08E4E3;
3F59 : 41088733;
3F5A : 01E2F463;
3F5B : FA070EE3;
3F5C : 01186663;
3F5D : FC5F70E3;
3F5E : FA071EE3;
3F5F : 00179513;
3F60 : F9DFF06F;
3F61 : F5010113;
3F62 : 09312E23;
3F63 : 00C5A983;
3F64 : 0045A783;
3F65 : 0085A683;
3F66 : 00A12423;
3F67 : 0005A503;
3F68 : 01099713;
3F69 : 0A912223;
3F6A : 09512A23;
3F6B : 00C62483;
3F6C : 00462A83;
3F6D : 09612823;
3F6E : 09712623;
3F6F : 00862B03;
3F70 : 00062B83;
3F71 : 01075713;
3F72 : 00199613;
3F73 : 0A812423;
3F74 : 09412C23;
3F75 : 0A112623;
3F76 : 0B212023;
3F77 : 09812423;
3F78 : 09912223;
3F79 : 09A12023;
3F7A : 07B12E23;
3F7B : 04A12823;
3F7C : 04F12A23;
3F7D : 04D12C23;
3F7E : 05312E23;
3F7F : 02A12023;
3F80 : 02F12223;
3F81 : 02D12423;
3F82 : 02E12623;
3F83 : 01165A13;
3F84 : 01F9D413;
3F85 : 180A02E3;
3F86 : 00008637;
3F87 : FFF60613;
3F88 : 28CA04E3;
3F89 : 000107B7;
3F8A : 00F76733;
3F8B : 02E12623;
3F8C : 02010613;
3F8D : 02C10793;
3F8E : 0007A703;
3F8F : FFC7A683;
3F90 : FFC78793;
3F91 : 00371713;
3F92 : 01D6D693;
3F93 : 00D76733;
3F94 : 00E7A223;
3F95 : FEF612E3;
3F96 : FFFFC7B7;
3F97 : 00351513;
3F98 : 00178793;
3F99 : 02A12023;
3F9A : 00FA0A33;
3F9B : 00000913;
3F9C : 01049513;
3F9D : 00149713;
3F9E : 01055513;
3F9F : 04912E23;
3FA0 : 05712823;
3FA1 : 05512A23;
3FA2 : 05612C23;
3FA3 : 03712823;
3FA4 : 03512A23;
3FA5 : 03612C23;
3FA6 : 02A12E23;
3FA7 : 01175793;
3FA8 : 01F4D493;
3FA9 : 220786E3;
3FAA : 00008737;
3FAB : FFF70713;
3FAC : 32E78AE3;
3FAD : 00010737;
3FAE : 00E56533;
3FAF : 02A12E23;
3FB0 : 03010593;
3FB1 : 03C10713;
3FB2 : 00072683;
3FB3 : FFC72603;
3FB4 : FFC70713;
3FB5 : 00369693;
3FB6 : 01D65613;
3FB7 : 00C6E6B3;
3FB8 : 00D72223;
3FB9 : FEE592E3;
3FBA : FFFFC737;
3FBB : 003B9B93;
3FBC : 00170713;
3FBD : 03712823;
3FBE : 00E787B3;
3FBF : 00000713;
3FC0 : 014787B3;
3FC1 : 00F12823;
3FC2 : 00178793;
3FC3 : 00F12623;
3FC4 : 00291793;
3FC5 : 00E7E7B3;
3FC6 : 00B00693;
3FC7 : 32F6C2E3;
3FC8 : 00200613;
3FC9 : 00944433;
3FCA : 00100693;
3FCB : 2CF64AE3;
3FCC : FFF78793;
3FCD : 36F6F4E3;
3FCE : 02012803;
3FCF : 03012E03;
3FD0 : 01085993;
3FD1 : 010E5693;
3FD2 : 01081813;
3FD3 : 010E1E13;
3FD4 : 01085813;
3FD5 : 010E5E13;
3FD6 : 03C80633;
3FD7 : 03C985B3;
3FD8 : 01065793;
3FD9 : 03068733;
3FDA : 02D98C33;
3FDB : 00B70733;
3FDC : 00E787B3;
3FDD : 00B7F663;
3FDE : 00010737;
3FDF : 00EC0C33;
3FE0 : 03412303;
3FE1 : 01061613;
3FE2 : 01065613;
3FE3 : 01035493;
3FE4 : 0107D713;
3FE5 : 01031313;
3FE6 : 01079793;
3FE7 : 00C787B3;
3FE8 : 01035313;
3FE9 : 026985B3;
3FEA : 00F12A23;
3FEB : 04F12823;
3FEC : 02980633;
3FED : 026807B3;
3FEE : 00B60633;
3FEF : 02998BB3;
3FF0 : 0107DF13;
3FF1 : 00CF0F33;
3FF2 : 00BF7663;
3FF3 : 00010637;
3FF4 : 00CB8BB3;
3FF5 : 02412503;
3FF6 : 01079793;
3FF7 : 0107D793;
3FF8 : 01055913;
3FF9 : 01051513;
3FFA : 01055513;
3FFB : 010F5613;
3FFC : 010F1F13;
3FFD : 00FF0F33;
3FFE : 032E0FB3;
3FFF : 01E70733;
4000 : 02AE07B3;
4001 : 02A688B3;
4002 : 0107DE93;
4003 : 032685B3;
4004 : 01F888B3;
4005 : 011E8EB3;
4006 : 01FEF663;
4007 : 000108B7;
4008 : 011585B3;
4009 : 010EDA93;
400A : 032308B3;
400B : 00BA8AB3;
400C : 01079793;
400D : 0107D793;
400E : 010E9E93;
400F : 00FE8EB3;
4010 : 02A305B3;
4011 : 02A482B3;
4012 : 0105D793;
4013 : 03248FB3;
4014 : 011282B3;
4015 : 005787B3;
4016 : 0117F663;
4017 : 000108B7;
4018 : 011F8FB3;
4019 : 0107D893;
401A : 01F888B3;
401B : 01112C23;
401C : 03812883;
401D : 01059593;
401E : 0105D593;
401F : 0108D293;
4020 : 01079793;
4021 : 01089893;
4022 : 00B787B3;
4023 : 0108D893;
4024 : 031805B3;
4025 : 00F12E23;
4026 : 031983B3;
4027 : 0105DA13;
4028 : 025807B3;
4029 : 02598FB3;
402A : 007787B3;
402B : 00FA07B3;
402C : 0077F663;
402D : 000103B7;
402E : 007F8FB3;
402F : 01059593;
4030 : 0107DA13;
4031 : 0105D593;
4032 : 01079793;
4033 : 00B787B3;
4034 : 02812583;
4035 : 01FA0A33;
4036 : 0105D393;
4037 : 01059593;
4038 : 0105D593;
4039 : 02BE0FB3;
403A : 027E0D33;
403B : 010FDD93;
403C : 02B68B33;
403D : 02768CB3;
403E : 01AB0B33;
403F : 016D8B33;
4040 : 01AB7663;
4041 : 00010D37;
4042 : 01AC8CB3;
4043 : 00EC0733;
4044 : 01E73F33;
4045 : 01E60633;
4046 : 01760633;
4047 : 01D70EB3;
4048 : 01560AB3;
4049 : 010F9F93;
404A : 00EEB733;
404B : 00EA8733;
404C : 010B5D13;
404D : 010FDF93;
404E : 010B1B13;
404F : 01FB0FB3;
4050 : 00CABB33;
4051 : 01573AB3;
4052 : 01E63633;
4053 : 01C12F03;
4054 : 015B6B33;
4055 : 01812A83;
4056 : 00CB0633;
4057 : 01E70F33;
4058 : 01560AB3;
4059 : 00EF3733;
405A : 00EA8733;
405B : 00FF07B3;
405C : 01470A33;
405D : 01E7BF33;
405E : 01EA0F33;
405F : 00CAB633;
4060 : 01573AB3;
4061 : 00EA3733;
4062 : 014F3A33;
4063 : 01476733;
4064 : 03C12A03;
4065 : 01566633;
4066 : 00E60633;
4067 : 010A5A93;
4068 : 010A1A13;
4069 : 010A5A13;
406A : 03480733;
406B : 01F78FB3;
406C : 019D0CB3;
406D : 019F0CB3;
406E : 00FFB7B3;
406F : 00FC87B3;
4070 : 01ECBF33;
4071 : 03498B33;
4072 : 0197BCB3;
4073 : 019F6F33;
4074 : 00CF0F33;
4075 : 01075613;
4076 : 05D12A23;
4077 : 05F12C23;
4078 : 03580833;
4079 : 035989B3;
407A : 01680833;
407B : 01060633;
407C : 01667663;
407D : 00010837;
407E : 010989B3;
407F : 02C12B03;
4080 : 01065813;
4081 : 013809B3;
4082 : 01071713;
4083 : 010B5813;
4084 : 010B1B13;
4085 : 01075713;
4086 : 010B5B13;
4087 : 01061613;
4088 : 03068BB3;
4089 : 00E60633;
408A : 036686B3;
408B : 036E0733;
408C : 030E0E33;
408D : 01075C13;
408E : 01C686B3;
408F : 00DC06B3;
4090 : 01C6F663;
4091 : 00010E37;
4092 : 01CB8BB3;
4093 : 0106DE13;
4094 : 01071713;
4095 : 017E0E33;
4096 : 01069693;
4097 : 01075713;
4098 : 00E68DB3;
4099 : 01C12C23;
409A : 031506B3;
409B : 03190E33;
409C : 0106DC13;
409D : 02550733;
409E : 02590BB3;
409F : 01C70733;
40A0 : 00EC0733;
40A1 : 01C77663;
40A2 : 00010E37;
40A3 : 01CB8BB3;
40A4 : 01069693;
40A5 : 01075E13;
40A6 : 0106D693;
40A7 : 01071713;
40A8 : 02730C33;
40A9 : 017E0E33;
40AA : 00D70733;
40AB : 02B48BB3;
40AC : 02B306B3;
40AD : 018B8BB3;
40AE : 02748CB3;
40AF : 0106DD13;
40B0 : 017D0BB3;
40B1 : 018BF663;
40B2 : 00010C37;
40B3 : 018C8CB3;
40B4 : 010BDC13;
40B5 : 00C78633;
40B6 : 019C0C33;
40B7 : 01069693;
40B8 : 01812C83;
40B9 : 013F09B3;
40BA : 010B9B93;
40BB : 00F637B3;
40BC : 0106D693;
40BD : 00F987B3;
40BE : 00DB86B3;
40BF : 01B60BB3;
40C0 : 01978CB3;
40C1 : 00CBB633;
40C2 : 00CC8633;
40C3 : 00EB8733;
40C4 : 01C60E33;
40C5 : 01773BB3;
40C6 : 017E0BB3;
40C7 : 00D706B3;
40C8 : 018B8C33;
40C9 : 01E9BF33;
40CA : 00E6B733;
40CB : 0137B9B3;
40CC : 00FCB7B3;
40CD : 01963CB3;
40CE : 013F69B3;
40CF : 00CE3633;
40D0 : 0197E7B3;
40D1 : 01CBBE33;
40D2 : 00EC0733;
40D3 : 00F987B3;
40D4 : 01C66633;
40D5 : 017C3E33;
40D6 : 01873C33;
40D7 : 00F60633;
40D8 : 018E6E33;
40D9 : 02788F33;
40DA : 00CE0E33;
40DB : 04D12E23;
40DC : 02B88633;
40DD : 02B28BB3;
40DE : 01065793;
40DF : 027289B3;
40E0 : 01EB8BB3;
40E1 : 017787B3;
40E2 : 01E7F663;
40E3 : 00010F37;
40E4 : 01E989B3;
40E5 : 01061613;
40E6 : 0107DF13;
40E7 : 01065613;
40E8 : 01079793;
40E9 : 03490BB3;
40EA : 00C787B3;
40EB : 013F0F33;
40EC : 03450633;
40ED : 03550533;
40EE : 01065993;
40EF : 03590933;
40F0 : 01750533;
40F1 : 00A989B3;
40F2 : 0179F663;
40F3 : 00010537;
40F4 : 00A90933;
40F5 : 01061613;
40F6 : 0109D513;
40F7 : 01065613;
40F8 : 01099993;
40F9 : 03048BB3;
40FA : 00C989B3;
40FB : 01250933;
40FC : 03630633;
40FD : 036484B3;
40FE : 01065513;
40FF : 03030333;
4100 : 006484B3;
4101 : 00950533;
4102 : 00657663;
4103 : 00010337;
4104 : 006B8BB3;
4105 : 01061613;
4106 : 01055313;
4107 : 01065613;
4108 : 01051513;
4109 : 034384B3;
410A : 00C50533;
410B : 01730333;
410C : 03458633;
410D : 035585B3;
410E : 01065B93;
410F : 035383B3;
4110 : 009585B3;
4111 : 00BB85B3;
4112 : 0095F663;
4113 : 000104B7;
4114 : 009383B3;
4115 : 0105D493;
4116 : 03028BB3;
4117 : 007483B3;
4118 : 01061613;
4119 : 01065613;
411A : 01059593;
411B : 00C585B3;
411C : 036884B3;
411D : 036282B3;
411E : 0104D613;
411F : 030888B3;
4120 : 011282B3;
4121 : 00560633;
4122 : 01167663;
4123 : 000108B7;
4124 : 011B8BB3;
4125 : 00F707B3;
4126 : 01EE0F33;
4127 : 00E7B733;
4128 : 00EF0733;
4129 : 013789B3;
412A : 01270933;
412B : 00F9B7B3;
412C : 00F902B3;
412D : 00A987B3;
412E : 036A0533;
412F : 00628333;
4130 : 06F12023;
4131 : 0137B7B3;
4132 : 00F307B3;
4133 : 01CF3E33;
4134 : 01E73F33;
4135 : 030A0A33;
4136 : 00E93733;
4137 : 0122B933;
4138 : 01276733;
4139 : 005332B3;
413A : 01EE6E33;
413B : 0067B333;
413C : 030A8833;
413D : 00EE0E33;
413E : 01049493;
413F : 0062E2B3;
4140 : 00B785B3;
4141 : 01065893;
4142 : 01C282B3;
4143 : 036A8AB3;
4144 : 01061613;
4145 : 0104D493;
4146 : 007283B3;
4147 : 00960633;
4148 : 00F5B7B3;
4149 : 00F387B3;
414A : 00C58633;
414B : 017888B3;
414C : 011788B3;
414D : 06C12223;
414E : 00B63633;
414F : 00C88633;
4150 : 014A8AB3;
4151 : 01055713;
4152 : 0053B2B3;
4153 : 01570733;
4154 : 0077B3B3;
4155 : 00F8B7B3;
4156 : 011638B3;
4157 : 0072E2B3;
4158 : 0117E7B3;
4159 : 01477663;
415A : 000105B7;
415B : 00B80833;
415C : 01051513;
415D : 01075593;
415E : 01055513;
415F : 01071713;
4160 : 00A70733;
4161 : 005585B3;
4162 : 00E60733;
4163 : 00F587B3;
4164 : 00C73633;
4165 : 00F60633;
4166 : 01412783;
4167 : 01060633;
4168 : 00D69693;
4169 : 01D7E7B3;
416A : 00FFEFB3;
416B : 06C12623;
416C : 06E12423;
416D : 01F6E6B3;
416E : 05010793;
416F : 06010593;
4170 : 00C7A703;
4171 : 0107A603;
4172 : 00478793;
4173 : 01375713;
4174 : 00D61613;
4175 : 00C76733;
4176 : FEE7AE23;
4177 : FEF592E3;
4178 : 05012783;
4179 : 00D036B3;
417A : 05C12703;
417B : 00F6E6B3;
417C : 05812783;
417D : 04E12623;
417E : 04D12023;
417F : 04F12423;
4180 : 05412783;
4181 : 04F12223;
4182 : 00B71793;
4183 : 4A07D863;
4184 : 01F69693;
4185 : 04010793;
4186 : 04C10513;
4187 : 0007A603;
4188 : 0047A583;
4189 : 00478793;
418A : 00165613;
418B : 01F59593;
418C : 00B66633;
418D : FEC7AE23;
418E : FEF512E3;
418F : 04012783;
4190 : 01F6D693;
4191 : 00175713;
4192 : 00D7E7B3;
4193 : 04E12623;
4194 : 04F12023;
4195 : 00C12703;
4196 : 000047B7;
4197 : FFF78793;
4198 : 00F707B3;
4199 : 46F05263;
419A : 04012703;
419B : 00777693;
419C : 04068663;
419D : 00F77693;
419E : 00400613;
419F : 04C68063;
41A0 : 00C706B3;
41A1 : 04D12023;
41A2 : 04412683;
41A3 : FFC73713;
41A4 : 00173713;
41A5 : 00E68733;
41A6 : 04E12223;
41A7 : 00D73733;
41A8 : 04812683;
41A9 : 00E68733;
41AA : 04E12423;
41AB : 00D73733;
41AC : 04C12683;
41AD : 00D70733;
41AE : 04E12623;
41AF : 04C12703;
41B0 : 00B71693;
41B1 : 0206D063;
41B2 : 00C12683;
41B3 : FFF007B7;
41B4 : FFF78793;
41B5 : 00F77733;
41B6 : 000047B7;
41B7 : 04E12623;
41B8 : 00F687B3;
41B9 : 04010693;
41BA : 04C10513;
41BB : 0006A603;
41BC : 0046A583;
41BD : 00468693;
41BE : 00365613;
41BF : 01D59593;
41C0 : 00B66633;
41C1 : FEC6AE23;
41C2 : FED512E3;
41C3 : 000086B7;
41C4 : FFE68693;
41C5 : 5AF6C263;
41C6 : 00375713;
41C7 : 04E12623;
41C8 : 04C12703;
41C9 : 0AC12083;
41CA : 0A412483;
41CB : 04E11E23;
41CC : 00F41713;
41CD : 00F767B3;
41CE : 04F11F23;
41CF : 00812703;
41D0 : 04012783;
41D1 : 0A812403;
41D2 : 0A012903;
41D3 : 00F72023;
41D4 : 04412783;
41D5 : 09C12983;
41D6 : 09812A03;
41D7 : 00F72223;
41D8 : 04812783;
41D9 : 09412A83;
41DA : 09012B03;
41DB : 00F72423;
41DC : 05C12783;
41DD : 08C12B83;
41DE : 08812C03;
41DF : 00F72623;
41E0 : 08412C83;
41E1 : 08012D03;
41E2 : 07C12D83;
41E3 : 00070513;
41E4 : 0B010113;
41E5 : 00008067;
41E6 : 00A7E633;
41E7 : 00D66633;
41E8 : 00E66633;
41E9 : 12060063;
41EA : 04070C63;
41EB : 00070513;
41EC : 618020EF;
41ED : FF450693;
41EE : 4056D713;
41EF : 01F6F693;
41F0 : 02C10793;
41F1 : 06068863;
41F2 : 02000893;
41F3 : 00271813;
41F4 : 40D888B3;
41F5 : 02010593;
41F6 : 410787B3;
41F7 : 08F59263;
41F8 : FFF70793;
41F9 : 02012703;
41FA : 010585B3;
41FB : 00D71733;
41FC : 00E5A023;
41FD : FFF00693;
41FE : 02010613;
41FF : 0980006F;
4200 : 00068A63;
4201 : 00068513;
4202 : 5C0020EF;
4203 : 02050513;
4204 : FA5FF06F;
4205 : 00078A63;
4206 : 00078513;
4207 : 5AC020EF;
4208 : 04050513;
4209 : F91FF06F;
420A : 5A0020EF;
420B : 06050513;
420C : F85FF06F;
420D : FFC00613;
420E : 02C70633;
420F : 00300693;
4210 : 00C785B3;
4211 : 0005A583;
4212 : FFF68693;
4213 : FFC78793;
4214 : 00B7A223;
4215 : FEE6D6E3;
4216 : FFF70793;
4217 : F99FF06F;
4218 : 0007A603;
4219 : FFC7A303;
421A : 01078E33;
421B : 00D61633;
421C : 01135333;
421D : 00666633;
421E : 00CE2023;
421F : FFC78793;
4220 : F5DFF06F;
4221 : 00279713;
4222 : 00E60733;
4223 : 00072023;
4224 : FFF78793;
4225 : FED798E3;
4226 : FFFFCA37;
4227 : 011A0A13;
4228 : 40AA0A33;
4229 : DC8FF06F;
422A : 00A7E7B3;
422B : 00D7E7B3;
422C : 00E7E7B3;
422D : 00200913;
422E : DA078C63;
422F : 00300913;
4230 : DB0FF06F;
4231 : 00000A13;
4232 : 00100913;
4233 : DA4FF06F;
4234 : 017AE7B3;
4235 : 0167E7B3;
4236 : 00A7E7B3;
4237 : 00100713;
4238 : E2078063;
4239 : 04050A63;
423A : 4E0020EF;
423B : FF450693;
423C : 4056D713;
423D : 01F6F693;
423E : 03C10793;
423F : 06068A63;
4240 : 02000893;
4241 : 00271813;
4242 : 40D888B3;
4243 : 03010593;
4244 : 410787B3;
4245 : 08F59463;
4246 : FFF70793;
4247 : 03012703;
4248 : 010585B3;
4249 : 00D71733;
424A : 00E5A023;
424B : FFF00693;
424C : 03010613;
424D : 09C0006F;
424E : 000B0A63;
424F : 000B0513;
4250 : 488020EF;
4251 : 02050513;
4252 : FA5FF06F;
4253 : 000A8A63;
4254 : 000A8513;
4255 : 474020EF;
4256 : 04050513;
4257 : F91FF06F;
4258 : 000B8513;
4259 : 464020EF;
425A : 06050513;
425B : F81FF06F;
425C : FFC00613;
425D : 02C70633;
425E : 00300693;
425F : 00C785B3;
4260 : 0005A583;
4261 : FFF68693;
4262 : FFC78793;
4263 : 00B7A223;
4264 : FEE6D6E3;
4265 : FFF70793;
4266 : F95FF06F;
4267 : 0007A603;
4268 : FFC7A303;
4269 : 01078E33;
426A : 00D61633;
426B : 01135333;
426C : 00666633;
426D : 00CE2023;
426E : FFC78793;
426F : F59FF06F;
4270 : 00279713;
4271 : 00E60733;
4272 : 00072023;
4273 : FFF78793;
4274 : FED798E3;
4275 : FFFFC7B7;
4276 : 01178793;
4277 : 40A787B3;
4278 : D1CFF06F;
4279 : 017AEAB3;
427A : 016AEAB3;
427B : 00AAEAB3;
427C : 00200713;
427D : D00A8663;
427E : 00300713;
427F : D04FF06F;
4280 : 00F697B3;
4281 : 5307F693;
4282 : 04069063;
4283 : 0037D693;
4284 : 1116F693;
4285 : 08069263;
4286 : 2407F793;
4287 : D0078E63;
4288 : 000087B7;
4289 : 04F12623;
428A : 04012423;
428B : 04012223;
428C : 04012023;
428D : FFF78793;
428E : 00000413;
428F : CE5FF06F;
4290 : 00F00713;
4291 : FCE78EE3;
4292 : 02012783;
4293 : 00090713;
4294 : 04F12023;
4295 : 02412783;
4296 : 04F12223;
4297 : 02812783;
4298 : 04F12423;
4299 : 02C12783;
429A : 04F12623;
429B : 00200793;
429C : 24F70463;
429D : 00300793;
429E : FAF704E3;
429F : 00100793;
42A0 : BCF71AE3;
42A1 : 04012623;
42A2 : 04012423;
42A3 : 04012223;
42A4 : 04012023;
42A5 : 1E40006F;
42A6 : 00048413;
42A7 : 03012783;
42A8 : 04F12023;
42A9 : 03412783;
42AA : 04F12223;
42AB : 03812783;
42AC : 04F12423;
42AD : 03C12783;
42AE : FB1FF06F;
42AF : 01012783;
42B0 : 00F12623;
42B1 : B91FF06F;
42B2 : 06078463;
42B3 : F8D00713;
42B4 : 1AE7C863;
42B5 : 00100713;
42B6 : 40F70733;
42B7 : 04010513;
42B8 : 40575693;
42B9 : 00050593;
42BA : 01F77713;
42BB : 00000793;
42BC : 00000613;
42BD : 04D61263;
42BE : 00300613;
42BF : 40D60633;
42C0 : 00269E13;
42C1 : 04071463;
42C2 : 00050593;
42C3 : 01C58833;
42C4 : 00082803;
42C5 : 00170713;
42C6 : 00458593;
42C7 : FF05AE23;
42C8 : FEE656E3;
42C9 : 00400713;
42CA : 40D706B3;
42CB : 05C0006F;
42CC : 00100713;
42CD : FA9FF06F;
42CE : 0005A803;
42CF : 00160613;
42D0 : 00458593;
42D1 : 0107E7B3;
42D2 : FADFF06F;
42D3 : 01C505B3;
42D4 : 0005A803;
42D5 : 02000893;
42D6 : 40E888B3;
42D7 : 01181833;
42D8 : 0107E7B3;
42D9 : 00000313;
42DA : 02C34463;
42DB : 00400593;
42DC : 40D586B3;
42DD : 04C12583;
42DE : 00261613;
42DF : 00C50633;
42E0 : 00E5D733;
42E1 : 00E62023;
42E2 : 00400613;
42E3 : 03C0006F;
42E4 : 0005A803;
42E5 : 0045AE83;
42E6 : 41C58F33;
42E7 : 00E85833;
42E8 : 011E9EB3;
42E9 : 01D86833;
42EA : 010F2023;
42EB : 00130313;
42EC : 00458593;
42ED : FB5FF06F;
42EE : 00269713;
42EF : 00E50733;
42F0 : 00072023;
42F1 : 00168693;
42F2 : FEC698E3;
42F3 : 04012703;
42F4 : 00F037B3;
42F5 : 00E7E7B3;
42F6 : 04F12023;
42F7 : 0077F713;
42F8 : 04070463;
42F9 : 00F7F713;
42FA : 04D70063;
42FB : 00478713;
42FC : 04E12023;
42FD : 04412703;
42FE : FFC7B793;
42FF : 0017B793;
4300 : 00F707B3;
4301 : 04F12223;
4302 : 00E7B7B3;
4303 : 04812703;
4304 : 00F707B3;
4305 : 04F12423;
4306 : 00E7B7B3;
4307 : 04C12703;
4308 : 00E787B3;
4309 : 04F12623;
430A : 04C12703;
430B : 00C71793;
430C : 0007DE63;
430D : 04012623;
430E : 04012423;
430F : 04012223;
4310 : 04012023;
4311 : 00100793;
4312 : AD9FF06F;
4313 : 00C50613;
4314 : 00052783;
4315 : 00452683;
4316 : 00450513;
4317 : 0037D793;
4318 : 01D69693;
4319 : 00D7E7B3;
431A : FEF52E23;
431B : FEA612E3;
431C : 00375713;
431D : 04E12623;
431E : 00000793;
431F : AA5FF06F;
4320 : 04412783;
4321 : 04012703;
4322 : 00F76733;
4323 : 04812783;
4324 : 00F76733;
4325 : 04C12783;
4326 : 00F76733;
4327 : 00000793;
4328 : A80700E3;
4329 : 04012623;
432A : 04012423;
432B : 04012223;
432C : 04012023;
432D : A6DFF06F;
432E : 000087B7;
432F : 04012623;
4330 : 04012423;
4331 : 04012223;
4332 : 04012023;
4333 : FFF78793;
4334 : A51FF06F;
4335 : 00C5AF83;
4336 : 0085A683;
4337 : FA010113;
4338 : 0005A703;
4339 : 0045A883;
433A : 02D12C23;
433B : 00D12C23;
433C : 010F9693;
433D : 0106D693;
433E : 00062783;
433F : 00462803;
4340 : 04912A23;
4341 : 00050493;
4342 : 00862503;
4343 : 00C62603;
4344 : 03F12E23;
4345 : 00D12E23;
4346 : 001F9693;
4347 : 01FFDF93;
4348 : 04812C23;
4349 : 05212823;
434A : 04112E23;
434B : 05312623;
434C : 05412423;
434D : 02E12823;
434E : 03112A23;
434F : 00E12823;
4350 : 01112A23;
4351 : 0116D413;
4352 : 000F8913;
4353 : 01010F13;
4354 : 01C10E13;
4355 : 000E2683;
4356 : FFCE2583;
4357 : FFCE0E13;
4358 : 00369693;
4359 : 01D5D593;
435A : 00B6E6B3;
435B : 00DE2223;
435C : FFCF12E3;
435D : 01061693;
435E : 0106D693;
435F : 00371713;
4360 : 02D12623;
4361 : 00161693;
4362 : 02C12E23;
4363 : 00E12823;
4364 : 02F12823;
4365 : 03012A23;
4366 : 02A12C23;
4367 : 02F12023;
4368 : 03012223;
4369 : 02A12423;
436A : 0116D893;
436B : 01F65613;
436C : 02010E93;
436D : 02C10593;
436E : 0005A683;
436F : FFC5A503;
4370 : FFC58593;
4371 : 00369693;
4372 : 01D55513;
4373 : 00A6E6B3;
4374 : 00D5A223;
4375 : FEBE92E3;
4376 : 00379793;
4377 : 000086B7;
4378 : 02F12023;
4379 : FFF68693;
437A : 02D89063;
437B : 02812503;
437C : 02412683;
437D : 00A6E6B3;
437E : 02C12503;
437F : 00A6E6B3;
4380 : 00F6E6B3;
4381 : 00069463;
4382 : 00164613;
4383 : 41140833;
4384 : 07F612E3;
4385 : 2D005063;
4386 : 01412503;
4387 : 01812E03;
4388 : 01C12303;
4389 : 0A089A63;
438A : 02412883;
438B : 02812603;
438C : 02C12F03;
438D : 00C8E6B3;
438E : 01E6E6B3;
438F : 00F6E6B3;
4390 : 00069E63;
4391 : 02E12823;
4392 : 02A12A23;
4393 : 03C12C23;
4394 : 02612E23;
4395 : 00080413;
4396 : 2C40006F;
4397 : FFF80693;
4398 : 04069863;
4399 : 00F706B3;
439A : 00A88533;
439B : 00E6B733;
439C : 00E50733;
439D : 02E12A23;
439E : 011538B3;
439F : 00A73733;
43A0 : 01C60E33;
43A1 : 00E8E8B3;
43A2 : 011E08B3;
43A3 : 03112C23;
43A4 : 00CE37B3;
43A5 : 01C8B8B3;
43A6 : 0117E7B3;
43A7 : 006F0F33;
43A8 : 02D12823;
43A9 : 01E787B3;
43AA : 00100413;
43AB : 1A80006F;
43AC : 000087B7;
43AD : FFF78793;
43AE : F8F806E3;
43AF : 07400793;
43B0 : 04D7DA63;
43B1 : 02012623;
43B2 : 02012423;
43B3 : 02012223;
43B4 : 00100693;
43B5 : 1300006F;
43B6 : 000087B7;
43B7 : FFF78793;
43B8 : 00F41C63;
43B9 : 02E12823;
43BA : 02A12A23;
43BB : 03C12C23;
43BC : 02612E23;
43BD : 2280006F;
43BE : 02C12783;
43BF : 000806B7;
43C0 : 00D7E7B3;
43C1 : 02F12623;
43C2 : 07400793;
43C3 : FB07CCE3;
43C4 : 00080693;
43C5 : 4056D613;
43C6 : 01F6F793;
43C7 : 00058893;
43C8 : 00000693;
43C9 : 00000813;
43CA : 02C81C63;
43CB : 00300813;
43CC : 40C80833;
43CD : 00261F93;
43CE : 02079E63;
43CF : 01F588B3;
43D0 : 0008A883;
43D1 : 00178793;
43D2 : 00458593;
43D3 : FF15AE23;
43D4 : FEF856E3;
43D5 : 00400793;
43D6 : 40C78633;
43D7 : 0580006F;
43D8 : 0008AF03;
43D9 : 00180813;
43DA : 00488893;
43DB : 01E6E6B3;
43DC : FB9FF06F;
43DD : 01FE88B3;
43DE : 0008A883;
43DF : 02000F13;
43E0 : 40FF0F33;
43E1 : 01E898B3;
43E2 : 0116E6B3;
43E3 : 01F585B3;
43E4 : 00000293;
43E5 : 0302C463;
43E6 : 00400593;
43E7 : 40C58633;
43E8 : 02C12583;
43E9 : 00281813;
43EA : 010E8833;
43EB : 00F5D7B3;
43EC : 00F82023;
43ED : 00400593;
43EE : 03C0006F;
43EF : 0005A883;
43F0 : 0045A383;
43F1 : 41F589B3;
43F2 : 00F8D8B3;
43F3 : 01E393B3;
43F4 : 0078E8B3;
43F5 : 0119A023;
43F6 : 00128293;
43F7 : 00458593;
43F8 : FB5FF06F;
43F9 : 00261793;
43FA : 00FE87B3;
43FB : 0007A023;
43FC : 00160613;
43FD : FEB618E3;
43FE : 02012783;
43FF : 00D036B3;
4400 : 00F6E6B3;
4401 : 02412603;
4402 : 00D706B3;
4403 : 02812783;
4404 : 00A60533;
4405 : 00E6B733;
4406 : 00E505B3;
4407 : 02B12A23;
4408 : 00C53733;
4409 : 00A5B5B3;
440A : 01C78E33;
440B : 00B76733;
440C : 00EE0733;
440D : 02E12C23;
440E : 00FE37B3;
440F : 01C73733;
4410 : 00E7E7B3;
4411 : 02C12703;
4412 : 02D12823;
4413 : 00E30733;
4414 : 00E787B3;
4415 : 00C79713;
4416 : 4C075E63;
4417 : FFF80737;
4418 : FFF70713;
4419 : 00E7F7B3;
441A : 02F12E23;
441B : 00140413;
441C : 01F69693;
441D : 03010713;
441E : 03C10513;
441F : 00072603;
4420 : 00472583;
4421 : 00470713;
4422 : 00165613;
4423 : 01F59593;
4424 : 00B66633;
4425 : FEC72E23;
4426 : FEA712E3;
4427 : 0017D793;
4428 : 02F12E23;
4429 : 03012783;
442A : 01F6D693;
442B : 00D7E7B3;
442C : 02F12823;
442D : 000087B7;
442E : FFF78793;
442F : 06F41063;
4430 : 02012E23;
4431 : 02012C23;
4432 : 02012A23;
4433 : 02012823;
4434 : 04C0006F;
4435 : 02412583;
4436 : 02812503;
4437 : 02C12303;
4438 : 38080C63;
4439 : 408886B3;
443A : 1E041863;
443B : 01412803;
443C : 01812603;
443D : 01C12F83;
443E : 00C86EB3;
443F : 01FEEEB3;
4440 : 00EEEEB3;
4441 : 140E9E63;
4442 : 02F12823;
4443 : 02B12A23;
4444 : 02A12C23;
4445 : 02612E23;
4446 : 00068413;
4447 : 03012783;
4448 : 0077F713;
4449 : 04070663;
444A : 00F7F713;
444B : 00400693;
444C : 04D70063;
444D : 00D78733;
444E : 02E12823;
444F : 03412703;
4450 : FFC7B793;
4451 : 0017B793;
4452 : 00F707B3;
4453 : 02F12A23;
4454 : 00E7B7B3;
4455 : 03812703;
4456 : 00F707B3;
4457 : 02F12C23;
4458 : 00E7B7B3;
4459 : 03C12703;
445A : 00E787B3;
445B : 02F12E23;
445C : 03C12783;
445D : 00C79713;
445E : 02075263;
445F : 00008737;
4460 : 00140413;
4461 : FFF70713;
4462 : 68E400E3;
4463 : FFF80737;
4464 : FFF70713;
4465 : 00E7F7B3;
4466 : 02F12E23;
4467 : 03010713;
4468 : 03C10593;
4469 : 00072683;
446A : 00472603;
446B : 00470713;
446C : 0036D693;
446D : 01D61613;
446E : 00C6E6B3;
446F : FED72E23;
4470 : FEE592E3;
4471 : 000086B7;
4472 : FFF68713;
4473 : 0037D793;
4474 : 02E41A63;
4475 : 03412603;
4476 : 03012703;
4477 : 00C76733;
4478 : 03812603;
4479 : 00C76733;
447A : 00E7E7B3;
447B : 00078C63;
447C : 02012C23;
447D : 02012A23;
447E : 02012823;
447F : 00068793;
4480 : 00000913;
4481 : 00F11623;
4482 : 03012783;
4483 : 01141413;
4484 : 01145413;
4485 : 00F4A023;
4486 : 03412783;
4487 : 00F91913;
4488 : 00896933;
4489 : 00F4A223;
448A : 03812783;
448B : 01211723;
448C : 05C12083;
448D : 00F4A423;
448E : 00C12783;
448F : 05812403;
4490 : 05012903;
4491 : 00F4A623;
4492 : 04C12983;
4493 : 04812A03;
4494 : 00048513;
4495 : 05412483;
4496 : 06010113;
4497 : 00008067;
4498 : FFF68E93;
4499 : 040E9663;
449A : 00F706B3;
449B : 00B805B3;
449C : 00E6B733;
449D : 00E58733;
449E : 02E12A23;
449F : 0105B833;
44A0 : 00B73733;
44A1 : 00A60533;
44A2 : 00E86833;
44A3 : 01050833;
44A4 : 03012C23;
44A5 : 00C537B3;
44A6 : 00A83833;
44A7 : 0107E7B3;
44A8 : 006F8FB3;
44A9 : 02D12823;
44AA : 01F787B3;
44AB : BFDFF06F;
44AC : 00008737;
44AD : FFF70713;
44AE : E4E688E3;
44AF : 07400713;
44B0 : 05D75C63;
44B1 : 00012E23;
44B2 : 00012C23;
44B3 : 00012A23;
44B4 : 00100693;
44B5 : 14C0006F;
44B6 : 00008737;
44B7 : FFF70713;
44B8 : 00E89E63;
44B9 : 02F12823;
44BA : 02B12A23;
44BB : 02A12C23;
44BC : 02612E23;
44BD : 00088413;
44BE : E25FF06F;
44BF : 01C12703;
44C0 : 00080637;
44C1 : 00C76733;
44C2 : 00E12E23;
44C3 : 07400713;
44C4 : FAD74AE3;
44C5 : 00068E93;
44C6 : 02000713;
44C7 : 02EEC733;
44C8 : 000E0813;
44C9 : 00000693;
44CA : 00000613;
44CB : 02E64E63;
44CC : 00300813;
44CD : 01FEFF93;
44CE : 40E80833;
44CF : 00271393;
44D0 : 020F9E63;
44D1 : 007E0633;
44D2 : 00062603;
44D3 : 001F8F93;
44D4 : 004E0E13;
44D5 : FECE2E23;
44D6 : FFF856E3;
44D7 : 00400613;
44D8 : 40E60733;
44D9 : 06C0006F;
44DA : 00082F83;
44DB : 00160613;
44DC : 00480813;
44DD : 01F6E6B3;
44DE : FB5FF06F;
44DF : 02000613;
44E0 : 02CEEEB3;
44E1 : 007E0E33;
44E2 : 00000293;
44E3 : 41D60EB3;
44E4 : FFF74613;
44E5 : 41F65613;
44E6 : 00C77633;
44E7 : 00261613;
44E8 : 00CF0633;
44E9 : 00062603;
44EA : 01D61633;
44EB : 00C6E6B3;
44EC : 0302C463;
44ED : 00400613;
44EE : 40E60733;
44EF : 01C12603;
44F0 : 00281813;
44F1 : 010F0833;
44F2 : 01F65633;
44F3 : 00C82023;
44F4 : 00300813;
44F5 : 03C0006F;
44F6 : 000E2603;
44F7 : 004E2403;
44F8 : 407E09B3;
44F9 : 01F65633;
44FA : 01D41433;
44FB : 00866633;
44FC : 00C9A023;
44FD : 00128293;
44FE : 004E0E13;
44FF : FB5FF06F;
4500 : 00271613;
4501 : 00CF0633;
4502 : 00062023;
4503 : 00170713;
4504 : FEE858E3;
4505 : 01012703;
4506 : 00D036B3;
4507 : 00E6E6B3;
4508 : 01412603;
4509 : 01812703;
450A : 00D786B3;
450B : 00B605B3;
450C : 00F6B7B3;
450D : 00F587B3;
450E : 00A70533;
450F : 02F12A23;
4510 : 00C5B633;
4511 : 00B7B7B3;
4512 : 00F66633;
4513 : 00E537B3;
4514 : 01C12703;
4515 : 00C50633;
4516 : 02C12C23;
4517 : 00A63633;
4518 : 00C7E7B3;
4519 : 00E30733;
451A : 02D12823;
451B : 00E787B3;
451C : 00088413;
451D : BE1FF06F;
451E : 00140E13;
451F : 011E1F93;
4520 : 012FDF93;
4521 : 01412603;
4522 : 01812683;
4523 : 01C12803;
4524 : 00008F37;
4525 : 03010893;
4526 : 03C10E93;
4527 : 120F9E63;
4528 : 00D66E33;
4529 : 010E6E33;
452A : 00EE6E33;
452B : 0A041463;
452C : 000E1A63;
452D : 02F12823;
452E : 02B12A23;
452F : 02A12C23;
4530 : A31FF06F;
4531 : 00A5E8B3;
4532 : 0068E8B3;
4533 : 00F8E8B3;
4534 : 00089C63;
4535 : 02E12823;
4536 : 02C12A23;
4537 : 02D12C23;
4538 : 03012E23;
4539 : C39FF06F;
453A : 00F707B3;
453B : 00B605B3;
453C : 02F12823;
453D : 00E7B7B3;
453E : 00F587B3;
453F : 02F12A23;
4540 : 00C5B733;
4541 : 00B7B7B3;
4542 : 00A68533;
4543 : 00F76733;
4544 : 00E50733;
4545 : 02E12C23;
4546 : 00D537B3;
4547 : 00A73733;
4548 : 00E7E7B3;
4549 : 00680833;
454A : 010787B3;
454B : 00C79713;
454C : 00074663;
454D : 02F12E23;
454E : BE5FF06F;
454F : FFF80737;
4550 : FFF70713;
4551 : 00E7F7B3;
4552 : 02F12E23;
4553 : 00100413;
4554 : BCDFF06F;
4555 : 000E1E63;
4556 : 02F12823;
4557 : 02B12A23;
4558 : 02A12C23;
4559 : 02612E23;
455A : FFFF0413;
455B : BB1FF06F;
455C : 00A5E5B3;
455D : 0065E5B3;
455E : 00F5E5B3;
455F : 02059063;
4560 : 02E12823;
4561 : 02C12A23;
4562 : 02D12C23;
4563 : 03012E23;
4564 : 00008437;
4565 : FFF40413;
4566 : B85FF06F;
4567 : 03E12E23;
4568 : 02012C23;
4569 : 02012A23;
456A : 02012823;
456B : 000E8793;
456C : 0007A703;
456D : FFC7A683;
456E : FFC78793;
456F : 00371713;
4570 : 01D6D693;
4571 : 00D76733;
4572 : 00E7A223;
4573 : FEF892E3;
4574 : 00000913;
4575 : FBDFF06F;
4576 : 00F707B3;
4577 : 00B605B3;
4578 : 02F12823;
4579 : 00E7B7B3;
457A : 00F587B3;
457B : 02F12A23;
457C : 00C5B733;
457D : 00B7B7B3;
457E : 00A68533;
457F : 00F76733;
4580 : 00E50733;
4581 : 02E12C23;
4582 : 00D537B3;
4583 : 00A73733;
4584 : 00E7E7B3;
4585 : 00680833;
4586 : 010787B3;
4587 : 02F12E23;
4588 : 00088713;
4589 : 00072683;
458A : 00472603;
458B : 00470713;
458C : 0016D693;
458D : 01F61613;
458E : 00C6E6B3;
458F : FED72E23;
4590 : FEEE92E3;
4591 : 00008737;
4592 : FFF70713;
4593 : 00EE0A63;
4594 : 0017D793;
4595 : 02F12E23;
4596 : 000E0413;
4597 : AC1FF06F;
4598 : 02012E23;
4599 : 02012C23;
459A : 02012A23;
459B : 02012823;
459C : FE9FF06F;
459D : 27005663;
459E : 01412F03;
459F : 01812303;
45A0 : 01C12E03;
45A1 : 0A089A63;
45A2 : 02412883;
45A3 : 02812603;
45A4 : 02C12503;
45A5 : 00C8E6B3;
45A6 : 00A6E6B3;
45A7 : 00F6E6B3;
45A8 : 00069C63;
45A9 : 02E12823;
45AA : 03E12A23;
45AB : 02612C23;
45AC : 03C12E23;
45AD : FA0FF06F;
45AE : FFF80693;
45AF : 04069A63;
45B0 : 40F706B3;
45B1 : 411F07B3;
45B2 : 41E888B3;
45B3 : 00D73733;
45B4 : 0018B893;
45B5 : 40C305B3;
45B6 : 40E78833;
45B7 : 40660633;
45B8 : 01177733;
45B9 : 00FF37B3;
45BA : 00E7E7B3;
45BB : 00163613;
45BC : 40F58733;
45BD : 00C7F7B3;
45BE : 00B335B3;
45BF : 40AE0533;
45C0 : 00F5E5B3;
45C1 : 40B50533;
45C2 : 00100413;
45C3 : 1AC0006F;
45C4 : 000087B7;
45C5 : FFF78793;
45C6 : F8F806E3;
45C7 : 07400793;
45C8 : 04D7DA63;
45C9 : 02012623;
45CA : 02012423;
45CB : 02012223;
45CC : 00100693;
45CD : 1300006F;
45CE : 000087B7;
45CF : FFF78793;
45D0 : 00F41C63;
45D1 : 02E12823;
45D2 : 03E12A23;
45D3 : 02612C23;
45D4 : 03C12E23;
45D5 : 9C9FF06F;
45D6 : 02C12783;
45D7 : 000806B7;
45D8 : 00D7E7B3;
45D9 : 02F12623;
45DA : 07400793;
45DB : FB07CCE3;
45DC : 00080693;
45DD : 4056D613;
45DE : 00058813;
45DF : 01F6F693;
45E0 : 00000793;
45E1 : 00000513;
45E2 : 02C51C63;
45E3 : 00300513;
45E4 : 40C50533;
45E5 : 00261F93;
45E6 : 02069E63;
45E7 : 01F58833;
45E8 : 00082803;
45E9 : 00168693;
45EA : 00458593;
45EB : FF05AE23;
45EC : FED556E3;
45ED : 00400693;
45EE : 40C68633;
45EF : 0580006F;
45F0 : 00082883;
45F1 : 00150513;
45F2 : 00480813;
45F3 : 0117E7B3;
45F4 : FB9FF06F;
45F5 : 01FE8833;
45F6 : 00082803;
45F7 : 02000893;
45F8 : 40D888B3;
45F9 : 01181833;
45FA : 0107E7B3;
45FB : 01F585B3;
45FC : 00000293;
45FD : 02A2C463;
45FE : 00400593;
45FF : 40C58633;
4600 : 02C12583;
4601 : 00251513;
4602 : 00AE8533;
4603 : 00D5D6B3;
4604 : 00D52023;
4605 : 00400593;
4606 : 03C0006F;
4607 : 0005A803;
4608 : 0045A383;
4609 : 41F589B3;
460A : 00D85833;
460B : 011393B3;
460C : 00786833;
460D : 0109A023;
460E : 00128293;
460F : 00458593;
4610 : FB5FF06F;
4611 : 00261693;
4612 : 00DE86B3;
4613 : 0006A023;
4614 : 00160613;
4615 : FEB618E3;
4616 : 00F036B3;
4617 : 02012783;
4618 : 00F6E6B3;
4619 : 02412603;
461A : 02812583;
461B : 40D706B3;
461C : 40CF07B3;
461D : 41E60633;
461E : 00D73733;
461F : 00163613;
4620 : 40E78833;
4621 : 02C12503;
4622 : 00C77733;
4623 : 00FF37B3;
4624 : 40B30633;
4625 : 406585B3;
4626 : 00E7E7B3;
4627 : 0015B593;
4628 : 40F60733;
4629 : 00B7F7B3;
462A : 00C33633;
462B : 40AE0533;
462C : 00F66633;
462D : 40C50533;
462E : 02A12E23;
462F : 02E12C23;
4630 : 03012A23;
4631 : 02D12823;
4632 : 00C51793;
4633 : 8407D8E3;
4634 : 00D51513;
4635 : 00D55513;
4636 : 02A12E23;
4637 : 4FC0006F;
4638 : 02412E83;
4639 : 02812583;
463A : 02C12303;
463B : 26080663;
463C : 408886B3;
463D : 0A041E63;
463E : 01412F83;
463F : 01812283;
4640 : 01C12503;
4641 : 005FE833;
4642 : 00A86833;
4643 : 00E86833;
4644 : 02081063;
4645 : 02F12823;
4646 : 03D12A23;
4647 : 02B12C23;
4648 : 02612E23;
4649 : 00068413;
464A : 00060913;
464B : FF0FF06F;
464C : FFF68813;
464D : 04081A63;
464E : 40E786B3;
464F : 41FE8733;
4650 : 41DF8FB3;
4651 : 00D7B7B3;
4652 : 001FBF93;
4653 : 40F70833;
4654 : 40B288B3;
4655 : 00EEB733;
4656 : 01F7F7B3;
4657 : 00F767B3;
4658 : 40558E33;
4659 : 0018B893;
465A : 40FE0733;
465B : 0117F7B3;
465C : 01C5BE33;
465D : 40A30533;
465E : 00FE6E33;
465F : 41C50533;
4660 : 00060913;
4661 : D85FF06F;
4662 : 00008737;
4663 : FFF70713;
4664 : F8E682E3;
4665 : 07400713;
4666 : 05075C63;
4667 : 00012E23;
4668 : 00012C23;
4669 : 00012A23;
466A : 00100693;
466B : 14C0006F;
466C : 00008737;
466D : FFF70713;
466E : 00E89E63;
466F : 02F12823;
4670 : 03D12A23;
4671 : 02B12C23;
4672 : 02612E23;
4673 : 00088413;
4674 : F59FF06F;
4675 : 01C12703;
4676 : 00080537;
4677 : 00A76733;
4678 : 00E12E23;
4679 : 07400713;
467A : FAD74AE3;
467B : 00068813;
467C : 02000713;
467D : 02E84733;
467E : 000E0F93;
467F : 00000693;
4680 : 00000513;
4681 : 02E54E63;
4682 : 00300513;
4683 : 01F87F93;
4684 : 40E50533;
4685 : 00271413;
4686 : 020F9E63;
4687 : 008E0833;
4688 : 00082803;
4689 : 001F8F93;
468A : 004E0E13;
468B : FF0E2E23;
468C : FFF556E3;
468D : 00400513;
468E : 40E50733;
468F : 06C0006F;
4690 : 000FA283;
4691 : 00150513;
4692 : 004F8F93;
4693 : 0056E6B3;
4694 : FB5FF06F;
4695 : 02000293;
4696 : 02586833;
4697 : 008E0E33;
4698 : 00000393;
4699 : 410282B3;
469A : FFF74813;
469B : 41F85813;
469C : 01077833;
469D : 00281813;
469E : 010F0833;
469F : 00082803;
46A0 : 00581833;
46A1 : 0106E6B3;
46A2 : 02A3C463;
46A3 : 00400813;
46A4 : 40E80733;
46A5 : 01C12803;
46A6 : 00251513;
46A7 : 00AF0533;
46A8 : 01F85833;
46A9 : 01052023;
46AA : 00300813;
46AB : 03C0006F;
46AC : 000E2803;
46AD : 004E2903;
46AE : 408E09B3;
46AF : 01F85833;
46B0 : 00591933;
46B1 : 01286833;
46B2 : 0109A023;
46B3 : 00138393;
46B4 : 004E0E13;
46B5 : FB5FF06F;
46B6 : 00271513;
46B7 : 00AF0533;
46B8 : 00052023;
46B9 : 00170713;
46BA : FEE858E3;
46BB : 01012703;
46BC : 00D036B3;
46BD : 00E6E6B3;
46BE : 01412503;
46BF : 40D786B3;
46C0 : 00D7B7B3;
46C1 : 40AE8733;
46C2 : 40F70833;
46C3 : 41D50533;
46C4 : 00EEB733;
46C5 : 01812E83;
46C6 : 00153513;
46C7 : 00A7F7B3;
46C8 : 41D58E33;
46C9 : 01C12503;
46CA : 40BE8EB3;
46CB : 00F767B3;
46CC : 001EBE93;
46CD : 40FE0733;
46CE : 01D7F7B3;
46CF : 01C5BE33;
46D0 : 40A30533;
46D1 : 00FE6E33;
46D2 : 41C50533;
46D3 : 00088413;
46D4 : 00060913;
46D5 : D65FF06F;
46D6 : 00140513;
46D7 : 01151E13;
46D8 : 012E5E13;
46D9 : 01412683;
46DA : 01812803;
46DB : 01C12883;
46DC : 00008F37;
46DD : 1C0E1063;
46DE : 00BEE533;
46DF : 0106EE33;
46E0 : 00656533;
46E1 : 011E6E33;
46E2 : 00F56533;
46E3 : 00EE6E33;
46E4 : 0E041C63;
46E5 : 020E1063;
46E6 : 00A03533;
46E7 : 02F12823;
46E8 : 03D12A23;
46E9 : 02B12C23;
46EA : 02612E23;
46EB : 00C57933;
46EC : D6CFF06F;
46ED : 00051C63;
46EE : 02E12823;
46EF : 02D12A23;
46F0 : 03012C23;
46F1 : 03112E23;
46F2 : D54FF06F;
46F3 : 41D68533;
46F4 : 40F70933;
46F5 : 01273E33;
46F6 : 00153393;
46F7 : 41C509B3;
46F8 : 40B80F33;
46F9 : 007E7E33;
46FA : 00A6B533;
46FB : 01C56533;
46FC : 001F3293;
46FD : 40AF0A33;
46FE : 00557533;
46FF : 01E83F33;
4700 : 00AF6F33;
4701 : 40688533;
4702 : 41E50533;
4703 : 02A12E23;
4704 : 03412C23;
4705 : 03312A23;
4706 : 03212823;
4707 : 00C51E13;
4708 : 040E5863;
4709 : 40E78733;
470A : 00E7B7B3;
470B : 40DE86B3;
470C : 40F68533;
470D : 00DEB6B3;
470E : 0077F7B3;
470F : 00F6E7B3;
4710 : 410586B3;
4711 : 00D5B5B3;
4712 : 0057F2B3;
4713 : 411308B3;
4714 : 0055E5B3;
4715 : 40B888B3;
4716 : 40F686B3;
4717 : 03112E23;
4718 : 02D12C23;
4719 : 02A12A23;
471A : 02E12823;
471B : CBDFF06F;
471C : 01396933;
471D : 01496933;
471E : 00A96933;
471F : 01203933;
4720 : 012FF933;
4721 : C98FF06F;
4722 : 03010F93;
4723 : 040E1C63;
4724 : 02051E63;
4725 : 03E12E23;
4726 : 02012C23;
4727 : 02012A23;
4728 : 02012823;
4729 : 03C10793;
472A : 0007A703;
472B : FFC7A683;
472C : FFC78793;
472D : 00371713;
472E : 01D6D693;
472F : 00D76733;
4730 : 00E7A223;
4731 : FEFF92E3;
4732 : 909FF06F;
4733 : 02F12823;
4734 : 03D12A23;
4735 : 02B12C23;
4736 : 02612E23;
4737 : 00060913;
4738 : 889FF06F;
4739 : 00051C63;
473A : 02E12823;
473B : 02D12A23;
473C : 03012C23;
473D : 03112E23;
473E : 899FF06F;
473F : 03E12E23;
4740 : 02012C23;
4741 : 02012A23;
4742 : 02012823;
4743 : 03C10793;
4744 : 0007A703;
4745 : FFC7A683;
4746 : FFC78793;
4747 : 00371713;
4748 : 01D6D693;
4749 : 00D76733;
474A : 00E7A223;
474B : FEFF92E3;
474C : 8A1FF06F;
474D : 41D68533;
474E : 40F70FB3;
474F : 01F73E33;
4750 : 00153393;
4751 : 41C509B3;
4752 : 40B80F33;
4753 : 00A6B533;
4754 : 01C3FE33;
4755 : 01C56E33;
4756 : 001F3293;
4757 : 41CF0A33;
4758 : 01C2FE33;
4759 : 01E83F33;
475A : 01CF6F33;
475B : 40688533;
475C : 41E50533;
475D : 02A12E23;
475E : 03412C23;
475F : 03312A23;
4760 : 03F12823;
4761 : 00C51E13;
4762 : 0A0E5463;
4763 : 40E78733;
4764 : 00E7B7B3;
4765 : 40DE86B3;
4766 : 40F68E33;
4767 : 00F3F3B3;
4768 : 00DEB6B3;
4769 : 0076E7B3;
476A : 410586B3;
476B : 00D5B533;
476C : 0057F2B3;
476D : 411308B3;
476E : 00556533;
476F : 40A88533;
4770 : 40F686B3;
4771 : 02A12E23;
4772 : 02D12C23;
4773 : 03C12A23;
4774 : 02E12823;
4775 : 00060913;
4776 : 06050A63;
4777 : 7ED000EF;
4778 : FF450513;
4779 : 02000693;
477A : 01F57813;
477B : 02D54733;
477C : 03C10793;
477D : 08080863;
477E : 00271893;
477F : 03010593;
4780 : 411787B3;
4781 : 02D56633;
4782 : 40C686B3;
4783 : 0AF59263;
4784 : FFF70793;
4785 : 03012703;
4786 : 011585B3;
4787 : 01071733;
4788 : 00E5A023;
4789 : FFF00693;
478A : 03010893;
478B : 0B80006F;
478C : 013FE7B3;
478D : 0147E7B3;
478E : 00A7E7B3;
478F : F8079EE3;
4790 : 00000413;
4791 : 00000913;
4792 : AD4FF06F;
4793 : 03812503;
4794 : 00050863;
4795 : 775000EF;
4796 : 02050513;
4797 : F85FF06F;
4798 : 03412503;
4799 : 00050863;
479A : 761000EF;
479B : 04050513;
479C : F71FF06F;
479D : 03012503;
479E : 751000EF;
479F : 06050513;
47A0 : F61FF06F;
47A1 : FFC00613;
47A2 : 02C70633;
47A3 : 00300693;
47A4 : 00C785B3;
47A5 : 0005A583;
47A6 : FFF68693;
47A7 : FFC78793;
47A8 : 00B7A223;
47A9 : FEE6D6E3;
47AA : FFF70793;
47AB : F79FF06F;
47AC : 0007A603;
47AD : FFC7A303;
47AE : 01178E33;
47AF : 01061633;
47B0 : 00D35333;
47B1 : 00666633;
47B2 : 00CE2023;
47B3 : FFC78793;
47B4 : F3DFF06F;
47B5 : 00279713;
47B6 : 00E88733;
47B7 : 00072023;
47B8 : FFF78793;
47B9 : FED798E3;
47BA : 10854463;
47BB : 408507B3;
47BC : 00178793;
47BD : 4057D713;
47BE : 00088613;
47BF : 01F7F793;
47C0 : 00088593;
47C1 : 00000813;
47C2 : 00000693;
47C3 : 02E69C63;
47C4 : 00300693;
47C5 : 40E686B3;
47C6 : 00271E13;
47C7 : 02079E63;
47C8 : 01C605B3;
47C9 : 0005A583;
47CA : 00178793;
47CB : 00460613;
47CC : FEB62E23;
47CD : FEF6D6E3;
47CE : 00400793;
47CF : 40E78733;
47D0 : 0540006F;
47D1 : 0005A503;
47D2 : 00168693;
47D3 : 00458593;
47D4 : 00A86833;
47D5 : FB9FF06F;
47D6 : 01C88633;
47D7 : 00062583;
47D8 : 02000513;
47D9 : 40F50533;
47DA : 00A595B3;
47DB : 00B86833;
47DC : 00000313;
47DD : 02D34463;
47DE : 00400613;
47DF : 40E60733;
47E0 : 03C12603;
47E1 : 00269693;
47E2 : 00D886B3;
47E3 : 00F657B3;
47E4 : 00F6A023;
47E5 : 00400693;
47E6 : 03C0006F;
47E7 : 00062583;
47E8 : 00462E83;
47E9 : 41C60F33;
47EA : 00F5D5B3;
47EB : 00AE9EB3;
47EC : 01D5E5B3;
47ED : 00BF2023;
47EE : 00130313;
47EF : 00460613;
47F0 : FB5FF06F;
47F1 : 00271793;
47F2 : 00F887B3;
47F3 : 0007A023;
47F4 : 00170713;
47F5 : FED718E3;
47F6 : 03012703;
47F7 : 010037B3;
47F8 : 00000413;
47F9 : 00F767B3;
47FA : 02F12823;
47FB : 930FF06F;
47FC : 03C12783;
47FD : FFF80737;
47FE : FFF70713;
47FF : 40A40433;
4800 : 00E7F7B3;
4801 : D30FF06F;
4802 : 02012E23;
4803 : 02012C23;
4804 : 02012A23;
4805 : 02012823;
4806 : 00000793;
4807 : 980FF06F;
4808 : 00C52603;
4809 : 00C5A683;
480A : 0005A783;
480B : 0045A883;
480C : 0085A803;
480D : 00161593;
480E : 00052E83;
480F : 00452703;
4810 : 00852E03;
4811 : 0115D513;
4812 : 00169593;
4813 : 0115D313;
4814 : 000085B7;
4815 : FFF58593;
4816 : FF010113;
4817 : 02B51063;
4818 : 01D76733;
4819 : 01061613;
481A : 01C76733;
481B : 01065613;
481C : 00C76733;
481D : 00100513;
481E : 02071663;
481F : 00008737;
4820 : FFF70713;
4821 : 00000513;
4822 : 00E31E63;
4823 : 0117E533;
4824 : 01069693;
4825 : 01056533;
4826 : 0106D693;
4827 : 00D56533;
4828 : 00A03533;
4829 : 01010113;
482A : 00008067;
482B : 00052703;
482C : 00C52783;
482D : FE010113;
482E : 00E12823;
482F : 00179713;
4830 : 01175693;
4831 : 00004737;
4832 : FFE70713;
4833 : 00852603;
4834 : 00000513;
4835 : 02D75063;
4836 : 00004737;
4837 : 01D70713;
4838 : 01F7D593;
4839 : 00D75C63;
483A : 80000537;
483B : FFF50513;
483C : 00A58533;
483D : 02010113;
483E : 00008067;
483F : 01079793;
4840 : 00010737;
4841 : 0107D793;
4842 : 00E7E7B3;
4843 : 00004737;
4844 : 06F70713;
4845 : 40D70733;
4846 : 01F77693;
4847 : 04069663;
4848 : 00F12823;
4849 : 01012503;
484A : FC0586E3;
484B : 40A00533;
484C : FC5FF06F;
484D : 02000713;
484E : 40D70733;
484F : 00E79733;
4850 : 00D65633;
4851 : 00C76733;
4852 : 00E12823;
4853 : 00100713;
4854 : 00271713;
4855 : 02010613;
4856 : 00E60733;
4857 : 00D7D7B3;
4858 : FEF72823;
4859 : FC1FF06F;
485A : 40575713;
485B : 00200513;
485C : FCA702E3;
485D : 00000713;
485E : FD9FF06F;
485F : FD010113;
4860 : 03212023;
4861 : 02112623;
4862 : 02812423;
4863 : 02912223;
4864 : 00050913;
4865 : 0E058663;
4866 : 41F5D793;
4867 : 00B7C433;
4868 : 40F40433;
4869 : 00040513;
486A : 01F5D493;
486B : 41D000EF;
486C : 000045B7;
486D : 01E58593;
486E : 40A585B3;
486F : 05150513;
4870 : 00012C23;
4871 : 01F57713;
4872 : 00200793;
4873 : 01010693;
4874 : 02070A63;
4875 : 40555513;
4876 : 08F51E63;
4877 : 02000793;
4878 : 40E787B3;
4879 : 00F457B3;
487A : 00F12E23;
487B : FFF50793;
487C : 00251513;
487D : 00A68533;
487E : 00E41433;
487F : 00852023;
4880 : 0080006F;
4881 : 00812E23;
4882 : 00279793;
4883 : 00012823;
4884 : 0006A223;
4885 : FFC78793;
4886 : 00400713;
4887 : 00E7E463;
4888 : 00012C23;
4889 : 01C12783;
488A : 00F49493;
488B : 00B4E4B3;
488C : 00F11623;
488D : 01012783;
488E : 00911723;
488F : 02C12083;
4890 : 00F92023;
4891 : 01412783;
4892 : 02812403;
4893 : 02412483;
4894 : 00F92223;
4895 : 01812783;
4896 : 00090513;
4897 : 00F92423;
4898 : 00C12783;
4899 : 00F92623;
489A : 02012903;
489B : 03010113;
489C : 00008067;
489D : 00000793;
489E : 00300513;
489F : F6DFF06F;
48A0 : 00012E23;
48A1 : 00012C23;
48A2 : 00012A23;
48A3 : 00012823;
48A4 : 00000493;
48A5 : F91FF06F;
48A6 : FF010113;
48A7 : 0175D693;
48A8 : 00912223;
48A9 : 01755493;
48AA : 00959793;
48AB : 01212023;
48AC : 00951713;
48AD : 0FF4F493;
48AE : 0FF6F693;
48AF : 00112623;
48B0 : 00812423;
48B1 : 01F55913;
48B2 : 01F5D593;
48B3 : 00675713;
48B4 : 0067D793;
48B5 : 40D48633;
48B6 : 1CB91663;
48B7 : 0AC05863;
48B8 : 0FF00513;
48B9 : 04069063;
48BA : 00078E63;
48BB : FFF60593;
48BC : 00059863;
48BD : 00F70433;
48BE : 00100493;
48BF : 0600006F;
48C0 : 02A61A63;
48C1 : 00060493;
48C2 : 00070793;
48C3 : 0037D413;
48C4 : 0FF00793;
48C5 : 10F49C63;
48C6 : 10040A63;
48C7 : 00400437;
48C8 : 2F80006F;
48C9 : FEA482E3;
48CA : 040006B7;
48CB : 00D7E7B3;
48CC : 00060593;
48CD : 01B00693;
48CE : 00100413;
48CF : 00B6CE63;
48D0 : 02000693;
48D1 : 40B686B3;
48D2 : 00B7D433;
48D3 : 00D797B3;
48D4 : 00F037B3;
48D5 : 00F46433;
48D6 : 00E40433;
48D7 : 00541793;
48D8 : 1207D263;
48D9 : 00148493;
48DA : 0FF00793;
48DB : 34F48663;
48DC : 7E000737;
48DD : 00145793;
48DE : FFF70713;
48DF : 00E7F7B3;
48E0 : 00147413;
48E1 : 0087E433;
48E2 : 0FC0006F;
48E3 : 06060463;
48E4 : 40968633;
48E5 : 0FF00513;
48E6 : 00049E63;
48E7 : 30070863;
48E8 : FFF60593;
48E9 : F40588E3;
48EA : 00A61E63;
48EB : 0FF00493;
48EC : F5DFF06F;
48ED : FEA68CE3;
48EE : 040005B7;
48EF : 00B76733;
48F0 : 00060593;
48F1 : 01B00613;
48F2 : 00100413;
48F3 : 00B64E63;
48F4 : 02000613;
48F5 : 40B60633;
48F6 : 00B75433;
48F7 : 00C71733;
48F8 : 00E03733;
48F9 : 00E46433;
48FA : 00F40433;
48FB : 00068493;
48FC : F6DFF06F;
48FD : 00148693;
48FE : 0FE6F613;
48FF : 06061A63;
4900 : 06049063;
4901 : 28070E63;
4902 : 1A078C63;
4903 : 00E787B3;
4904 : 00579713;
4905 : EE075CE3;
4906 : 0037D413;
4907 : 1F8007B7;
4908 : FFF78793;
4909 : 00F47433;
490A : 00100493;
490B : 0FF4F493;
490C : 00941413;
490D : 00945413;
490E : 01749493;
490F : 0084E4B3;
4910 : 00C12083;
4911 : 00812403;
4912 : 01F91513;
4913 : 00A4E533;
4914 : 00012903;
4915 : 00412483;
4916 : 01010113;
4917 : 00008067;
4918 : F40706E3;
4919 : 1C079063;
491A : 00070793;
491B : F41FF06F;
491C : 0FF00613;
491D : 24C68063;
491E : 00F70433;
491F : 00145413;
4920 : 00068493;
4921 : 00747793;
4922 : 00078A63;
4923 : 00400693;
4924 : 00F47713;
4925 : 00D407B3;
4926 : 12D71663;
4927 : 00040793;
4928 : 1240006F;
4929 : 06C05A63;
492A : 04069C63;
492B : E4078CE3;
492C : FFF60593;
492D : 40F70433;
492E : 08058063;
492F : 0FF00693;
4930 : E4D602E3;
4931 : 01B00693;
4932 : 00100413;
4933 : 00B6CE63;
4934 : 02000693;
4935 : 40B686B3;
4936 : 00B7D433;
4937 : 00D797B3;
4938 : 00F037B3;
4939 : 00F46433;
493A : 40870433;
493B : 00541793;
493C : F807DAE3;
493D : 00641413;
493E : 00645413;
493F : 14C0006F;
4940 : 0FF00693;
4941 : E0D482E3;
4942 : 040006B7;
4943 : 00D7E7B3;
4944 : 00060593;
4945 : FB1FF06F;
4946 : 08060063;
4947 : 40968633;
4948 : 02049863;
4949 : 18070263;
494A : FFF60513;
494B : 00051A63;
494C : 40E78433;
494D : 00058913;
494E : 00100493;
494F : FB1FF06F;
4950 : 0FF00813;
4951 : 03061063;
4952 : 00058913;
4953 : E61FF06F;
4954 : 0FF00513;
4955 : FEA68AE3;
4956 : 04000537;
4957 : 00A76733;
4958 : 00060513;
4959 : 01B00613;
495A : 00100413;
495B : 00A64E63;
495C : 02000613;
495D : 40A60633;
495E : 00A75433;
495F : 00C71733;
4960 : 00E03733;
4961 : 00E46433;
4962 : 40878433;
4963 : 00068493;
4964 : 00058913;
4965 : F59FF06F;
4966 : 00148693;
4967 : 0FE6F693;
4968 : 08069A63;
4969 : 06049E63;
496A : 00071A63;
496B : 00058913;
496C : D4079EE3;
496D : 00000413;
496E : 0600006F;
496F : 02079A63;
4970 : 00070793;
4971 : 00579713;
4972 : D40752E3;
4973 : 00148493;
4974 : 0FF00713;
4975 : 00000413;
4976 : E4E48AE3;
4977 : 0037D413;
4978 : 1F8007B7;
4979 : FFF78793;
497A : 00F47433;
497B : E41FF06F;
497C : 40F70433;
497D : 00541693;
497E : 0006DC63;
497F : 40E78433;
4980 : 00058913;
4981 : 00000493;
4982 : E20402E3;
4983 : E79FF06F;
4984 : 00040793;
4985 : CE041CE3;
4986 : 00000913;
4987 : E11FF06F;
4988 : E40712E3;
4989 : 00000913;
498A : 0FF00493;
498B : 00400437;
498C : DFDFF06F;
498D : 40F70433;
498E : 00541693;
498F : 0406D263;
4990 : 40E78433;
4991 : 00058913;
4992 : 00040513;
4993 : 77C000EF;
4994 : FFB50513;
4995 : 00A41433;
4996 : 02954A63;
4997 : 40950533;
4998 : 00150513;
4999 : 02000793;
499A : 40A787B3;
499B : 00A45733;
499C : 00F41433;
499D : 00803433;
499E : 00876433;
499F : F89FF06F;
49A0 : FC0414E3;
49A1 : 00000493;
49A2 : F91FF06F;
49A3 : FC0007B7;
49A4 : FFF78793;
49A5 : 40A484B3;
49A6 : 00F47433;
49A7 : DE9FF06F;
49A8 : 00078413;
49A9 : F61FF06F;
49AA : 00058913;
49AB : 00060493;
49AC : C5DFF06F;
49AD : 00068493;
49AE : 00000413;
49AF : D71FF06F;
49B0 : FE010113;
49B1 : 01212823;
49B2 : 01755913;
49B3 : 00912A23;
49B4 : 01312623;
49B5 : 01512223;
49B6 : 00951713;
49B7 : 00112E23;
49B8 : 00812C23;
49B9 : 01412423;
49BA : 0FF97913;
49BB : 00058A93;
49BC : 00975993;
49BD : 01F55493;
49BE : 14090A63;
49BF : 0FF00793;
49C0 : 16F90663;
49C1 : 00399713;
49C2 : 040007B7;
49C3 : 00F769B3;
49C4 : F8190913;
49C5 : 00000A13;
49C6 : 017AD793;
49C7 : 009A9413;
49C8 : 0FF7F793;
49C9 : 00945413;
49CA : 01FADA93;
49CB : 14078E63;
49CC : 0FF00713;
49CD : 16E78A63;
49CE : 00341413;
49CF : 04000737;
49D0 : 00E46433;
49D1 : F8178793;
49D2 : 00000613;
49D3 : 40F90933;
49D4 : 002A1793;
49D5 : 00C7E7B3;
49D6 : 00700713;
49D7 : 0154C6B3;
49D8 : 16F74263;
49D9 : 00100713;
49DA : 28E78E63;
49DB : FFE78513;
49DC : 00500593;
49DD : 16A5FA63;
49DE : 00541613;
49DF : 1E89FC63;
49E0 : FFF90913;
49E1 : 00000793;
49E2 : 01065813;
49E3 : 0309D433;
49E4 : 01061593;
49E5 : 0105D593;
49E6 : 0107D793;
49E7 : 0309F733;
49E8 : 02858533;
49E9 : 01071713;
49EA : 00E7E7B3;
49EB : 00A7FA63;
49EC : 00F607B3;
49ED : 00A7F463;
49EE : 1CC7F463;
49EF : FFF40413;
49F0 : 40A787B3;
49F1 : 0307D533;
49F2 : 0307F7B3;
49F3 : 02A58733;
49F4 : 01079793;
49F5 : 00E7FE63;
49F6 : 00C785B3;
49F7 : 00F5B833;
49F8 : 00058793;
49F9 : 00E5F463;
49FA : 1A080263;
49FB : FFF50513;
49FC : 01041413;
49FD : 40E787B3;
49FE : 00A46433;
49FF : 00F037B3;
4A00 : 00F46433;
4A01 : 07F90713;
4A02 : 18E05E63;
4A03 : 00747793;
4A04 : 00078A63;
4A05 : 00F47793;
4A06 : 00400613;
4A07 : 00C78463;
4A08 : 00C40433;
4A09 : 00441793;
4A0A : 0007DA63;
4A0B : F80007B7;
4A0C : FFF78793;
4A0D : 00F47433;
4A0E : 08090713;
4A0F : 0FE00793;
4A10 : 1CE7C263;
4A11 : 00345793;
4A12 : 0C40006F;
4A13 : 02098863;
4A14 : 00098513;
4A15 : 574000EF;
4A16 : FFB50793;
4A17 : F8A00913;
4A18 : 00F999B3;
4A19 : 40A90933;
4A1A : EADFF06F;
4A1B : 00200A13;
4A1C : EA0984E3;
4A1D : 00300A13;
4A1E : EA1FF06F;
4A1F : 00000913;
4A20 : 00100A13;
4A21 : E95FF06F;
4A22 : 02040863;
4A23 : 00040513;
4A24 : 538000EF;
4A25 : FFB50793;
4A26 : 00F41433;
4A27 : F8A00793;
4A28 : 40A787B3;
4A29 : EA5FF06F;
4A2A : 00200613;
4A2B : EA0400E3;
4A2C : 00300613;
4A2D : E99FF06F;
4A2E : 00000793;
4A2F : 00100613;
4A30 : E8DFF06F;
4A31 : FF678793;
4A32 : 00500713;
4A33 : 12F76C63;
4A34 : 00014737;
4A35 : 00279793;
4A36 : BF070713;
4A37 : 00E787B3;
4A38 : 0007A783;
4A39 : 00078067;
4A3A : 00F71733;
4A3B : 05477513;
4A3C : 06051C63;
4A3D : 08877713;
4A3E : 0A071063;
4A3F : E6B79EE3;
4A40 : 004007B7;
4A41 : 0FF00713;
4A42 : 00000693;
4A43 : 01C12083;
4A44 : 01812403;
4A45 : 00979793;
4A46 : 01771713;
4A47 : 0097D793;
4A48 : 00F76733;
4A49 : 01F69513;
4A4A : 01412483;
4A4B : 01012903;
4A4C : 00C12983;
4A4D : 00812A03;
4A4E : 00412A83;
4A4F : 00A76533;
4A50 : 02010113;
4A51 : 00008067;
4A52 : 00048693;
4A53 : 00098413;
4A54 : 00200793;
4A55 : 0AFA0863;
4A56 : 00300793;
4A57 : FAFA02E3;
4A58 : 00100793;
4A59 : EAFA10E3;
4A5A : 00000793;
4A5B : 00000713;
4A5C : F9DFF06F;
4A5D : 01F99793;
4A5E : 0019D993;
4A5F : E0DFF06F;
4A60 : FFE40413;
4A61 : 00C787B3;
4A62 : E39FF06F;
4A63 : FFE50513;
4A64 : 00C587B3;
4A65 : E5DFF06F;
4A66 : 000A8693;
4A67 : 00060A13;
4A68 : FB1FF06F;
4A69 : 04070C63;
4A6A : FE600793;
4A6B : FAF74EE3;
4A6C : 00100793;
4A6D : 40E787B3;
4A6E : 09E90913;
4A6F : 00F457B3;
4A70 : 01241433;
4A71 : 00803433;
4A72 : 0087E7B3;
4A73 : 0077F713;
4A74 : 00070A63;
4A75 : 00F7F713;
4A76 : 00400613;
4A77 : 00C70463;
4A78 : 00C787B3;
4A79 : 00579713;
4A7A : 0037D793;
4A7B : F80750E3;
4A7C : 00000793;
4A7D : 00100713;
4A7E : F15FF06F;
4A7F : 00100793;
4A80 : FB9FF06F;
4A81 : 00000793;
4A82 : 0FF00713;
4A83 : F01FF06F;
4A84 : FF010113;
4A85 : 00812423;
4A86 : 00112623;
4A87 : 00050413;
4A88 : 00000713;
4A89 : 02050463;
4A8A : 3A0000EF;
4A8B : 09E00713;
4A8C : 00700793;
4A8D : 40A70733;
4A8E : 02A7DA63;
4A8F : 00800793;
4A90 : 0AF50463;
4A91 : FF850513;
4A92 : 00A41433;
4A93 : 00941413;
4A94 : 00945413;
4A95 : 01771513;
4A96 : 00C12083;
4A97 : 00856533;
4A98 : 00812403;
4A99 : 01010113;
4A9A : 00008067;
4A9B : 00400793;
4A9C : 00500693;
4A9D : 06A7C263;
4A9E : 01B50793;
4A9F : 00F417B3;
4AA0 : 40A686B3;
4AA1 : 00F037B3;
4AA2 : 00D45433;
4AA3 : 0087E433;
4AA4 : FC0007B7;
4AA5 : FFF78793;
4AA6 : 00747693;
4AA7 : 00F477B3;
4AA8 : 02068863;
4AA9 : 00F47413;
4AAA : 00400693;
4AAB : 02D40263;
4AAC : 00D787B3;
4AAD : 00579693;
4AAE : 0006DC63;
4AAF : FC000737;
4AB0 : FFF70713;
4AB1 : 00E7F7B3;
4AB2 : 09F00713;
4AB3 : 40A70733;
4AB4 : 0037D413;
4AB5 : F79FF06F;
4AB6 : FAD50CE3;
4AB7 : FFB50793;
4AB8 : 00F41433;
4AB9 : FADFF06F;
4ABA : 09600713;
4ABB : F61FF06F;
4ABC : 01755713;
4ABD : 0FF77713;
4ABE : FF010113;
4ABF : 00170693;
4AC0 : 00812423;
4AC1 : 00912223;
4AC2 : 00951793;
4AC3 : 00112623;
4AC4 : 0FE6F693;
4AC5 : 0097D413;
4AC6 : 01F55493;
4AC7 : 04068263;
4AC8 : 38070713;
4AC9 : 00C7D793;
4ACA : 01D41413;
4ACB : 00C79793;
4ACC : 00C7D793;
4ACD : 01471713;
4ACE : 01F49513;
4ACF : 00F76733;
4AD0 : 00C12083;
4AD1 : 00A767B3;
4AD2 : 00040513;
4AD3 : 00812403;
4AD4 : 00412483;
4AD5 : 00078593;
4AD6 : 01010113;
4AD7 : 00008067;
4AD8 : 04071663;
4AD9 : 00000793;
4ADA : FC0402E3;
4ADB : 00040513;
4ADC : 258000EF;
4ADD : 00A00793;
4ADE : 02A7C263;
4ADF : 00B00793;
4AE0 : 40A787B3;
4AE1 : 01550713;
4AE2 : 00F457B3;
4AE3 : 00E41433;
4AE4 : 38900713;
4AE5 : 40A70733;
4AE6 : F95FF06F;
4AE7 : FF550793;
4AE8 : 00F417B3;
4AE9 : 00000413;
4AEA : FE9FF06F;
4AEB : 00040E63;
4AEC : 00C7D793;
4AED : 00080737;
4AEE : 01D41413;
4AEF : 00E7E7B3;
4AF0 : 7FF00713;
4AF1 : F69FF06F;
4AF2 : 00000793;
4AF3 : FF5FF06F;
4AF4 : 01465793;
4AF5 : FD010113;
4AF6 : 00C61693;
4AF7 : 7FF7F793;
4AF8 : 02912223;
4AF9 : 00C6D713;
4AFA : 01F65493;
4AFB : 00178613;
4AFC : 02812423;
4AFD : 03212023;
4AFE : 02112623;
4AFF : 00B12823;
4B00 : 00E12A23;
4B01 : 00012E23;
4B02 : 00012C23;
4B03 : 7FE67613;
4B04 : 00050913;
4B05 : 00058413;
4B06 : 08060263;
4B07 : 0106D693;
4B08 : 00004637;
4B09 : 00D12E23;
4B0A : 01C71713;
4B0B : 0045D693;
4B0C : C0060613;
4B0D : 00D76733;
4B0E : 01C59413;
4B0F : 00C787B3;
4B10 : 00E12C23;
4B11 : 00812A23;
4B12 : 00012823;
4B13 : 00F49493;
4B14 : 00F4E4B3;
4B15 : 01012783;
4B16 : 01C12703;
4B17 : 00911723;
4B18 : 00F92023;
4B19 : 01412783;
4B1A : 00E11623;
4B1B : 02C12083;
4B1C : 00F92223;
4B1D : 01812783;
4B1E : 02812403;
4B1F : 02412483;
4B20 : 00F92423;
4B21 : 00C12783;
4B22 : 00090513;
4B23 : 00F92623;
4B24 : 02012903;
4B25 : 03010113;
4B26 : 00008067;
4B27 : 00B76533;
4B28 : 0E079663;
4B29 : FA0504E3;
4B2A : 04070663;
4B2B : 00070513;
4B2C : 118000EF;
4B2D : 03150713;
4B2E : 40575813;
4B2F : 01F77713;
4B30 : 01010693;
4B31 : 02070E63;
4B32 : 02000893;
4B33 : 00281613;
4B34 : 01C10793;
4B35 : 40E888B3;
4B36 : 40C787B3;
4B37 : 08F69663;
4B38 : 00C68633;
4B39 : 00E41733;
4B3A : FFF80793;
4B3B : 00E62023;
4B3C : 03C0006F;
4B3D : 0D4000EF;
4B3E : 02050513;
4B3F : FB9FF06F;
4B40 : 00300793;
4B41 : 410787B3;
4B42 : 00279793;
4B43 : 00F687B3;
4B44 : 0007A783;
4B45 : 00200713;
4B46 : 00F12E23;
4B47 : 00070793;
4B48 : 00E81663;
4B49 : 00812C23;
4B4A : 00100793;
4B4B : 00178793;
4B4C : 00279793;
4B4D : 00800713;
4B4E : 00E7EA63;
4B4F : 00012823;
4B50 : 0006A223;
4B51 : FF878793;
4B52 : 01810693;
4B53 : 00400713;
4B54 : 00E7E463;
4B55 : 0006A023;
4B56 : 000047B7;
4B57 : C0C78793;
4B58 : 40A787B3;
4B59 : EE9FF06F;
4B5A : 0007A583;
4B5B : FFC7A303;
4B5C : 00C78E33;
4B5D : 00E595B3;
4B5E : 01135333;
4B5F : 0065E5B3;
4B60 : 00BE2023;
4B61 : FFC78793;
4B62 : F55FF06F;
4B63 : 02050863;
4B64 : 0045D793;
4B65 : 01C71713;
4B66 : 00F76733;
4B67 : 0106D693;
4B68 : 000087B7;
4B69 : 01C59413;
4B6A : 00F6E6B3;
4B6B : 00E12C23;
4B6C : 00812A23;
4B6D : 00012823;
4B6E : 00D12E23;
4B6F : 000087B7;
4B70 : FFF78793;
4B71 : E89FF06F;
4B72 : 000107B7;
4B73 : 02F57A63;
4B74 : 10053793;
4B75 : 0017B793;
4B76 : 00379793;
4B77 : 00014737;
4B78 : 00F55533;
4B79 : C0870713;
4B7A : 00A70733;
4B7B : 00074503;
4B7C : 02000693;
4B7D : 40F686B3;
4B7E : 40A68533;
4B7F : 00008067;
4B80 : 01000737;
4B81 : 01800793;
4B82 : FCE57AE3;
4B83 : 01000793;
4B84 : FCDFF06F;
4B85 : 0000006F;
4B86 : 494E495B;
4B87 : 00005D54;
4B88 : 4E49465B;
4B89 : 43205D49;
4B8A : 6C25203A;
4B8B : 3A492075;
4B8C : 756C2520;
4B8D : 49504320;
4B8E : 2E25203A;
4B8F : 000A6633;
4B90 : 4E49465B;
4B91 : 49205D49;
4B92 : 3A482024;
4B93 : 20752520;
4B94 : 25203A4D;
4B95 : 69482075;
4B96 : 74615274;
4B97 : 25203A65;
4B98 : 0A66332E;
4B99 : 00000000;
4B9A : 4E49465B;
4B9B : 44205D49;
4B9C : 3A482024;
4B9D : 20752520;
4B9E : 25203A4D;
4B9F : 69482075;
4BA0 : 74615274;
4BA1 : 25203A65;
4BA2 : 0A66332E;
4BA3 : 00000000;
4BA4 : 332E3054;
4BA5 : 46312D65;
4BA6 : 00000000;
4BA7 : 542E542D;
4BA8 : 71542B2B;
4BA9 : 00000000;
4BAA : 2E335431;
4BAB : 7A346534;
4BAC : 00000000;
4BAD : 302E3433;
4BAE : 5E542D65;
4BAF : 00000000;
4BB0 : 30352E35;
4BB1 : 332B6530;
4BB2 : 00000000;
4BB3 : 32312E2D;
4BB4 : 322D6533;
4BB5 : 00000000;
4BB6 : 6537382D;
4BB7 : 3233382B;
4BB8 : 00000000;
4BB9 : 362E302B;
4BBA : 32312D65;
4BBB : 00000000;
4BBC : 352E3533;
4BBD : 30303434;
4BBE : 00000000;
4BBF : 3332312E;
4BC0 : 30303534;
4BC1 : 00000000;
4BC2 : 3031312D;
4BC3 : 3030372E;
4BC4 : 00000000;
4BC5 : 362E302B;
4BC6 : 30303434;
4BC7 : 00000000;
4BC8 : 32313035;
4BC9 : 00000000;
4BCA : 34333231;
4BCB : 00000000;
4BCC : 3437382D;
4BCD : 00000000;
4BCE : 3232312B;
4BCF : 00000000;
4BD0 : 70206B36;
4BD1 : 6F667265;
4BD2 : 6E616D72;
4BD3 : 72206563;
4BD4 : 70206E75;
4BD5 : 6D617261;
4BD6 : 72657465;
4BD7 : 6F662073;
4BD8 : 6F632072;
4BD9 : 616D6572;
4BDA : 002E6B72;
4BDB : 76206B36;
4BDC : 64696C61;
4BDD : 6F697461;
4BDE : 7572206E;
4BDF : 6170206E;
4BE0 : 656D6172;
4BE1 : 73726574;
4BE2 : 726F6620;
4BE3 : 726F6320;
4BE4 : 72616D65;
4BE5 : 00002E6B;
4BE6 : 666F7250;
4BE7 : 20656C69;
4BE8 : 656E6567;
4BE9 : 69746172;
4BEA : 72206E6F;
4BEB : 70206E75;
4BEC : 6D617261;
4BED : 72657465;
4BEE : 6F662073;
4BEF : 6F632072;
4BF0 : 616D6572;
4BF1 : 002E6B72;
4BF2 : 70204B32;
4BF3 : 6F667265;
4BF4 : 6E616D72;
4BF5 : 72206563;
4BF6 : 70206E75;
4BF7 : 6D617261;
4BF8 : 72657465;
4BF9 : 6F662073;
4BFA : 6F632072;
4BFB : 616D6572;
4BFC : 002E6B72;
4BFD : 76204B32;
4BFE : 64696C61;
4BFF : 6F697461;
4C00 : 7572206E;
4C01 : 6170206E;
4C02 : 656D6172;
4C03 : 73726574;
4C04 : 726F6620;
4C05 : 726F6320;
4C06 : 72616D65;
4C07 : 00002E6B;
4C08 : 5D75255B;
4C09 : 4F525245;
4C0A : 6C202152;
4C0B : 20747369;
4C0C : 20637263;
4C0D : 30257830;
4C0E : 2D207834;
4C0F : 6F687320;
4C10 : 20646C75;
4C11 : 30206562;
4C12 : 34302578;
4C13 : 00000A78;
4C14 : 5D75255B;
4C15 : 4F525245;
4C16 : 6D202152;
4C17 : 69727461;
4C18 : 72632078;
4C19 : 78302063;
4C1A : 78343025;
4C1B : 73202D20;
4C1C : 6C756F68;
4C1D : 65622064;
4C1E : 25783020;
4C1F : 0A783430;
4C20 : 00000000;
4C21 : 5D75255B;
4C22 : 4F525245;
4C23 : 73202152;
4C24 : 65746174;
4C25 : 63726320;
4C26 : 25783020;
4C27 : 20783430;
4C28 : 6873202D;
4C29 : 646C756F;
4C2A : 20656220;
4C2B : 30257830;
4C2C : 000A7834;
4C2D : 65726F43;
4C2E : 6B72614D;
4C2F : 7A695320;
4C30 : 20202065;
4C31 : 25203A20;
4C32 : 000A756C;
4C33 : 61746F54;
4C34 : 6974206C;
4C35 : 20736B63;
4C36 : 20202020;
4C37 : 25203A20;
4C38 : 000A756C;
4C39 : 61746F54;
4C3A : 6974206C;
4C3B : 2820656D;
4C3C : 73636573;
4C3D : 25203A29;
4C3E : 00000A64;
4C3F : 72657449;
4C40 : 6F697461;
4C41 : 532F736E;
4C42 : 20206365;
4C43 : 25203A20;
4C44 : 00000A64;
4C45 : 4F525245;
4C46 : 4D202152;
4C47 : 20747375;
4C48 : 63657865;
4C49 : 20657475;
4C4A : 20726F66;
4C4B : 6C207461;
4C4C : 74736165;
4C4D : 20303120;
4C4E : 73636573;
4C4F : 726F6620;
4C50 : 76206120;
4C51 : 64696C61;
4C52 : 73657220;
4C53 : 21746C75;
4C54 : 00000000;
4C55 : 72657449;
4C56 : 6F697461;
4C57 : 2020736E;
4C58 : 20202020;
4C59 : 25203A20;
4C5A : 000A756C;
4C5B : 31434347;
4C5C : 2E312E36;
4C5D : 00000030;
4C5E : 706D6F43;
4C5F : 72656C69;
4C60 : 72657620;
4C61 : 6E6F6973;
4C62 : 25203A20;
4C63 : 00000A73;
4C64 : 00324F2D;
4C65 : 706D6F43;
4C66 : 72656C69;
4C67 : 616C6620;
4C68 : 20207367;
4C69 : 25203A20;
4C6A : 00000A73;
4C6B : 43415453;
4C6C : 0000004B;
4C6D : 6F6D654D;
4C6E : 6C207972;
4C6F : 7461636F;
4C70 : 206E6F69;
4C71 : 25203A20;
4C72 : 00000A73;
4C73 : 64656573;
4C74 : 20637263;
4C75 : 20202020;
4C76 : 20202020;
4C77 : 30203A20;
4C78 : 34302578;
4C79 : 00000A78;
4C7A : 5D64255B;
4C7B : 6C637263;
4C7C : 20747369;
4C7D : 20202020;
4C7E : 203A2020;
4C7F : 30257830;
4C80 : 000A7834;
4C81 : 5D64255B;
4C82 : 6D637263;
4C83 : 69727461;
4C84 : 20202078;
4C85 : 203A2020;
4C86 : 30257830;
4C87 : 000A7834;
4C88 : 5D64255B;
4C89 : 73637263;
4C8A : 65746174;
4C8B : 20202020;
4C8C : 203A2020;
4C8D : 30257830;
4C8E : 000A7834;
4C8F : 5D64255B;
4C90 : 66637263;
4C91 : 6C616E69;
4C92 : 20202020;
4C93 : 203A2020;
4C94 : 30257830;
4C95 : 000A7834;
4C96 : 72726F43;
4C97 : 20746365;
4C98 : 7265706F;
4C99 : 6F697461;
4C9A : 6176206E;
4C9B : 6164696C;
4C9C : 2E646574;
4C9D : 65655320;
4C9E : 41455220;
4C9F : 2E454D44;
4CA0 : 6620646D;
4CA1 : 7220726F;
4CA2 : 61206E75;
4CA3 : 7220646E;
4CA4 : 726F7065;
4CA5 : 676E6974;
4CA6 : 6C757220;
4CA7 : 002E7365;
4CA8 : 6F727245;
4CA9 : 64207372;
4CAA : 63657465;
4CAB : 00646574;
4CAC : 6E6E6143;
4CAD : 7620746F;
4CAE : 64696C61;
4CAF : 20657461;
4CB0 : 7265706F;
4CB1 : 6F697461;
4CB2 : 6F66206E;
4CB3 : 68742072;
4CB4 : 20657365;
4CB5 : 64656573;
4CB6 : 6C617620;
4CB7 : 2C736575;
4CB8 : 656C7020;
4CB9 : 20657361;
4CBA : 706D6F63;
4CBB : 20657261;
4CBC : 68746977;
4CBD : 73657220;
4CBE : 73746C75;
4CBF : 206E6F20;
4CC0 : 6E6B2061;
4CC1 : 206E776F;
4CC2 : 74616C70;
4CC3 : 6D726F66;
4CC4 : 0000002E;
4CC5 : 0000000A;
4CC6 : 00464E49;
4CC7 : 00666E69;
4CC8 : 004E414E;
4CC9 : 006E616E;
4CCA : 33323130;
4CCB : 37363534;
4CCC : 62613938;
4CCD : 66656463;
4CCE : 00000000;
4CCF : 33323130;
4CD0 : 37363534;
4CD1 : 42413938;
4CD2 : 46454443;
4CD3 : 00000000;
4CD4 : 6C756E28;
4CD5 : 0000296C;
4CD6 : 69666E49;
4CD7 : 7974696E;
4CD8 : 00000000;
4CD9 : 004E614E;
4CDA : 6C6C6142;
4CDB : 7320636F;
4CDC : 65636375;
4CDD : 64656465;
4CDE : 00000000;
4CDF : 6D6F682F;
4CE0 : 61662F65;
4CE1 : 2F686974;
4CE2 : 63736972;
4CE3 : 6E672D76;
4CE4 : 6F742D75;
4CE5 : 68636C6F;
4CE6 : 2F6E6961;
4CE7 : 6C77656E;
4CE8 : 6E2F6269;
4CE9 : 696C7765;
4CEA : 696C2F62;
4CEB : 732F6362;
4CEC : 696C6474;
4CED : 64672F62;
4CEE : 2D616F74;
4CEF : 73696D64;
4CF0 : 00632E63;
4CF1 : 6D6F682F;
4CF2 : 61662F65;
4CF3 : 2F686974;
4CF4 : 63736972;
4CF5 : 6E672D76;
4CF6 : 6F742D75;
4CF7 : 68636C6F;
4CF8 : 2F6E6961;
4CF9 : 6C77656E;
4CFA : 6E2F6269;
4CFB : 696C7765;
4CFC : 696C2F62;
4CFD : 732F6362;
4CFE : 696C6474;
4CFF : 706D2F62;
4D00 : 2E636572;
4D01 : 00000063;
4D02 : 00000043;
4D03 : 49534F50;
4D04 : 00000058;
4D05 : 7566202C;
4D06 : 6974636E;
4D07 : 203A6E6F;
4D08 : 00000000;
4D09 : 65737361;
4D0A : 6F697472;
4D0B : 2522206E;
4D0C : 66202273;
4D0D : 656C6961;
4D0E : 66203A64;
4D0F : 20656C69;
4D10 : 22732522;
4D11 : 696C202C;
4D12 : 2520656E;
4D13 : 25732564;
4D14 : 00000A73;
4D15 : 000003A4;
4D16 : 000003B4;
4D17 : 000003BC;
4D18 : 000003C4;
4D19 : 000003CC;
4D1A : 000003AC;
4D1B : 80050000;
4D1C : 000A800F;
4D1D : 001E801B;
4D1E : 80110014;
4D1F : 00368033;
4D20 : 8039003C;
4D21 : 802D0028;
4D22 : 00228027;
4D23 : 00668063;
4D24 : 8069006C;
4D25 : 807D0078;
4D26 : 00728077;
4D27 : 80550050;
4D28 : 005A805F;
4D29 : 004E804B;
4D2A : 80410044;
4D2B : 00C680C3;
4D2C : 80C900CC;
4D2D : 80DD00D8;
4D2E : 00D280D7;
4D2F : 80F500F0;
4D30 : 00FA80FF;
4D31 : 00EE80EB;
4D32 : 80E100E4;
4D33 : 80A500A0;
4D34 : 00AA80AF;
4D35 : 00BE80BB;
4D36 : 80B100B4;
4D37 : 00968093;
4D38 : 8099009C;
4D39 : 808D0088;
4D3A : 00828087;
4D3B : 01868183;
4D3C : 8189018C;
4D3D : 819D0198;
4D3E : 01928197;
4D3F : 81B501B0;
4D40 : 01BA81BF;
4D41 : 01AE81AB;
4D42 : 81A101A4;
4D43 : 81E501E0;
4D44 : 01EA81EF;
4D45 : 01FE81FB;
4D46 : 81F101F4;
4D47 : 01D681D3;
4D48 : 81D901DC;
4D49 : 81CD01C8;
4D4A : 01C281C7;
4D4B : 81450140;
4D4C : 014A814F;
4D4D : 015E815B;
4D4E : 81510154;
4D4F : 01768173;
4D50 : 8179017C;
4D51 : 816D0168;
4D52 : 01628167;
4D53 : 01268123;
4D54 : 8129012C;
4D55 : 813D0138;
4D56 : 01328137;
4D57 : 81150110;
4D58 : 011A811F;
4D59 : 010E810B;
4D5A : 81010104;
4D5B : 03068303;
4D5C : 8309030C;
4D5D : 831D0318;
4D5E : 03128317;
4D5F : 83350330;
4D60 : 033A833F;
4D61 : 032E832B;
4D62 : 83210324;
4D63 : 83650360;
4D64 : 036A836F;
4D65 : 037E837B;
4D66 : 83710374;
4D67 : 03568353;
4D68 : 8359035C;
4D69 : 834D0348;
4D6A : 03428347;
4D6B : 83C503C0;
4D6C : 03CA83CF;
4D6D : 03DE83DB;
4D6E : 83D103D4;
4D6F : 03F683F3;
4D70 : 83F903FC;
4D71 : 83ED03E8;
4D72 : 03E283E7;
4D73 : 03A683A3;
4D74 : 83A903AC;
4D75 : 83BD03B8;
4D76 : 03B283B7;
4D77 : 83950390;
4D78 : 039A839F;
4D79 : 038E838B;
4D7A : 83810384;
4D7B : 82850280;
4D7C : 028A828F;
4D7D : 029E829B;
4D7E : 82910294;
4D7F : 02B682B3;
4D80 : 82B902BC;
4D81 : 82AD02A8;
4D82 : 02A282A7;
4D83 : 02E682E3;
4D84 : 82E902EC;
4D85 : 82FD02F8;
4D86 : 02F282F7;
4D87 : 82D502D0;
4D88 : 02DA82DF;
4D89 : 02CE82CB;
4D8A : 82C102C4;
4D8B : 02468243;
4D8C : 8249024C;
4D8D : 825D0258;
4D8E : 02528257;
4D8F : 82750270;
4D90 : 027A827F;
4D91 : 026E826B;
4D92 : 82610264;
4D93 : 82250220;
4D94 : 022A822F;
4D95 : 023E823B;
4D96 : 82310234;
4D97 : 02168213;
4D98 : 8219021C;
4D99 : 820D0208;
4D9A : 02028207;
4D9B : 00012E90;
4D9C : 00012E9C;
4D9D : 00012EA8;
4D9E : 00012EB4;
4D9F : 00012EC0;
4DA0 : 00012ECC;
4DA1 : 00012ED8;
4DA2 : 00012EE4;
4DA3 : 00012EF0;
4DA4 : 00012EFC;
4DA5 : 00012F08;
4DA6 : 00012F14;
4DA7 : 00012F20;
4DA8 : 00012F28;
4DA9 : 00012F30;
4DAA : 00012F38;
4DAB : 39BF5E47;
4DAC : 8E3AE5A4;
4DAD : 00008D84;
4DAE : 1199BE52;
4DAF : 1FD75608;
4DB0 : 00000747;
4DB1 : 3340D4B0;
4DB2 : E7146A79;
4DB3 : 0000E3C1;
4DB4 : 00004C4C;
4DB5 : 00003BA8;
4DB6 : 00003BA8;
4DB7 : 00004C40;
4DB8 : 00003BA8;
4DB9 : 00003BA8;
4DBA : 00003BA8;
4DBB : 00004BE0;
4DBC : 00003BA8;
4DBD : 00003BA8;
4DBE : 00004B38;
4DBF : 00004B74;
4DC0 : 00003BA8;
4DC1 : 00004B54;
4DC2 : 00004B90;
4DC3 : 00003BA8;
4DC4 : 00004B84;
4DC5 : 00003B74;
4DC6 : 00003B74;
4DC7 : 00003B74;
4DC8 : 00003B74;
4DC9 : 00003B74;
4DCA : 00003B74;
4DCB : 00003B74;
4DCC : 00003B74;
4DCD : 00003B74;
4DCE : 00003BA8;
4DCF : 00003BA8;
4DD0 : 00003BA8;
4DD1 : 00003BA8;
4DD2 : 00003BA8;
4DD3 : 00003BA8;
4DD4 : 00003BA8;
4DD5 : 00003DF0;
4DD6 : 00003BA8;
4DD7 : 000048D8;
4DD8 : 0000498C;
4DD9 : 00003DF0;
4DDA : 00003DF0;
4DDB : 00003DF0;
4DDC : 00003BA8;
4DDD : 00003BA8;
4DDE : 00003BA8;
4DDF : 00003BA8;
4DE0 : 00004FD8;
4DE1 : 00003BA8;
4DE2 : 00003BA8;
4DE3 : 00004F60;
4DE4 : 00003BA8;
4DE5 : 00003BA8;
4DE6 : 00003BA8;
4DE7 : 000045A8;
4DE8 : 00003BA8;
4DE9 : 00004C68;
4DEA : 00003BA8;
4DEB : 00003BA8;
4DEC : 000057E0;
4DED : 00003BA8;
4DEE : 00003BA8;
4DEF : 00003BA8;
4DF0 : 00003BA8;
4DF1 : 00003BA8;
4DF2 : 00003BA8;
4DF3 : 00003BA8;
4DF4 : 00003BA8;
4DF5 : 00003DF0;
4DF6 : 00003BA8;
4DF7 : 000048D8;
4DF8 : 00004904;
4DF9 : 00003DF0;
4DFA : 00003DF0;
4DFB : 00003DF0;
4DFC : 00004B60;
4DFD : 00004904;
4DFE : 00003D3C;
4DFF : 00003BA8;
4E00 : 00004E60;
4E01 : 00003BA8;
4E02 : 00004E1C;
4E03 : 00004F20;
4E04 : 00004E74;
4E05 : 00003D3C;
4E06 : 00003BA8;
4E07 : 000045A8;
4E08 : 00003D34;
4E09 : 00004CB0;
4E0A : 00003BA8;
4E0B : 00003BA8;
4E0C : 0000586C;
4E0D : 00003BA8;
4E0E : 00003D34;
4E0F : 30303030;
4E10 : 30303030;
4E11 : 30303030;
4E12 : 30303030;
4E13 : 20202020;
4E14 : 20202020;
4E15 : 20202020;
4E16 : 20202020;
4E17 : 00000071;
4E18 : FFFFBF92;
4E19 : 00003F8F;
4E1A : 00000001;
4E1B : 00000000;
4E1C : 00000005;
4E1D : 00000019;
4E1E : 0000007D;
4E1F : 00000000;
4E20 : 00000000;
4E21 : 3FF00000;
4E22 : 00000000;
4E23 : 40240000;
4E24 : 00000000;
4E25 : 40590000;
4E26 : 00000000;
4E27 : 408F4000;
4E28 : 00000000;
4E29 : 40C38800;
4E2A : 00000000;
4E2B : 40F86A00;
4E2C : 00000000;
4E2D : 412E8480;
4E2E : 00000000;
4E2F : 416312D0;
4E30 : 00000000;
4E31 : 4197D784;
4E32 : 00000000;
4E33 : 41CDCD65;
4E34 : 20000000;
4E35 : 4202A05F;
4E36 : E8000000;
4E37 : 42374876;
4E38 : A2000000;
4E39 : 426D1A94;
4E3A : E5400000;
4E3B : 42A2309C;
4E3C : 1E900000;
4E3D : 42D6BCC4;
4E3E : 26340000;
4E3F : 430C6BF5;
4E40 : 37E08000;
4E41 : 4341C379;
4E42 : 85D8A000;
4E43 : 43763457;
4E44 : 674EC800;
4E45 : 43ABC16D;
4E46 : 60913D00;
4E47 : 43E158E4;
4E48 : 78B58C40;
4E49 : 4415AF1D;
4E4A : D6E2EF50;
4E4B : 444B1AE4;
4E4C : 064DD592;
4E4D : 4480F0CF;
4E4E : C7E14AF6;
4E4F : 44B52D02;
4E50 : 79D99DB4;
4E51 : 44EA7843;
4E52 : 20202000;
4E53 : 20202020;
4E54 : 28282020;
4E55 : 20282828;
4E56 : 20202020;
4E57 : 20202020;
4E58 : 20202020;
4E59 : 20202020;
4E5A : 10108820;
4E5B : 10101010;
4E5C : 10101010;
4E5D : 10101010;
4E5E : 04040410;
4E5F : 04040404;
4E60 : 10040404;
4E61 : 10101010;
4E62 : 41411010;
4E63 : 41414141;
4E64 : 01010101;
4E65 : 01010101;
4E66 : 01010101;
4E67 : 01010101;
4E68 : 01010101;
4E69 : 10101010;
4E6A : 42421010;
4E6B : 42424242;
4E6C : 02020202;
4E6D : 02020202;
4E6E : 02020202;
4E6F : 02020202;
4E70 : 02020202;
4E71 : 10101010;
4E72 : 00000020;
4E73 : 00000000;
4E74 : 00000000;
4E75 : 00000000;
4E76 : 00000000;
4E77 : 00000000;
4E78 : 00000000;
4E79 : 00000000;
4E7A : 00000000;
4E7B : 00000000;
4E7C : 00000000;
4E7D : 00000000;
4E7E : 00000000;
4E7F : 00000000;
4E80 : 00000000;
4E81 : 00000000;
4E82 : 00000000;
4E83 : 00000000;
4E84 : 00000000;
4E85 : 00000000;
4E86 : 00000000;
4E87 : 00000000;
4E88 : 00000000;
4E89 : 00000000;
4E8A : 00000000;
4E8B : 00000000;
4E8C : 00000000;
4E8D : 00000000;
4E8E : 00000000;
4E8F : 00000000;
4E90 : 00000000;
4E91 : 00000000;
4E92 : 00000000;
4E93 : 0000CE98;
4E94 : 0000C6D4;
4E95 : 0000C6D4;
4E96 : 0000CE8C;
4E97 : 0000C6D4;
4E98 : 0000C6D4;
4E99 : 0000C6D4;
4E9A : 0000CDD0;
4E9B : 0000C6D4;
4E9C : 0000C6D4;
4E9D : 0000CB78;
4E9E : 0000CDC0;
4E9F : 0000C6D4;
4EA0 : 0000CB88;
4EA1 : 0000CE40;
4EA2 : 0000C6D4;
4EA3 : 0000CE34;
4EA4 : 0000C6A0;
4EA5 : 0000C6A0;
4EA6 : 0000C6A0;
4EA7 : 0000C6A0;
4EA8 : 0000C6A0;
4EA9 : 0000C6A0;
4EAA : 0000C6A0;
4EAB : 0000C6A0;
4EAC : 0000C6A0;
4EAD : 0000C6D4;
4EAE : 0000C6D4;
4EAF : 0000C6D4;
4EB0 : 0000C6D4;
4EB1 : 0000C6D4;
4EB2 : 0000C6D4;
4EB3 : 0000C6D4;
4EB4 : 0000C6D4;
4EB5 : 0000C6D4;
4EB6 : 0000CAC8;
4EB7 : 0000CAEC;
4EB8 : 0000C6D4;
4EB9 : 0000C6D4;
4EBA : 0000C6D4;
4EBB : 0000C6D4;
4EBC : 0000C6D4;
4EBD : 0000C6D4;
4EBE : 0000C6D4;
4EBF : 0000C6D4;
4EC0 : 0000C6D4;
4EC1 : 0000C6D4;
4EC2 : 0000CD64;
4EC3 : 0000C6D4;
4EC4 : 0000C6D4;
4EC5 : 0000C6D4;
4EC6 : 0000CA74;
4EC7 : 0000C6D4;
4EC8 : 0000CB94;
4EC9 : 0000C6D4;
4ECA : 0000C6D4;
4ECB : 0000D4CC;
4ECC : 0000C6D4;
4ECD : 0000C6D4;
4ECE : 0000C6D4;
4ECF : 0000C6D4;
4ED0 : 0000C6D4;
4ED1 : 0000C6D4;
4ED2 : 0000C6D4;
4ED3 : 0000C6D4;
4ED4 : 0000C6D4;
4ED5 : 0000C6D4;
4ED6 : 0000CAC8;
4ED7 : 0000C9E0;
4ED8 : 0000C6D4;
4ED9 : 0000C6D4;
4EDA : 0000C6D4;
4EDB : 0000CD50;
4EDC : 0000C9E0;
4EDD : 0000C808;
4EDE : 0000C6D4;
4EDF : 0000D0F8;
4EE0 : 0000C6D4;
4EE1 : 0000D0C4;
4EE2 : 0000D094;
4EE3 : 0000CEB0;
4EE4 : 0000C808;
4EE5 : 0000C6D4;
4EE6 : 0000CA74;
4EE7 : 0000C800;
4EE8 : 0000CC00;
4EE9 : 0000C6D4;
4EEA : 0000C6D4;
4EEB : 0000D518;
4EEC : 0000C6D4;
4EED : 0000C800;
4EEE : 30303030;
4EEF : 30303030;
4EF0 : 30303030;
4EF1 : 30303030;
4EF2 : 20202020;
4EF3 : 20202020;
4EF4 : 20202020;
4EF5 : 20202020;
4EF6 : 0000E9A0;
4EF7 : 0000E8D8;
4EF8 : 0000E82C;
4EF9 : 0000E82C;
4EFA : 0000E82C;
4EFB : 0000E9A0;
4EFC : 00012900;
4EFD : 00012998;
4EFE : 00012948;
4EFF : 00012948;
4F00 : 00012948;
4F01 : 00012900;
4F02 : 02020100;
4F03 : 03030303;
4F04 : 04040404;
4F05 : 04040404;
4F06 : 05050505;
4F07 : 05050505;
4F08 : 05050505;
4F09 : 05050505;
4F0A : 06060606;
4F0B : 06060606;
4F0C : 06060606;
4F0D : 06060606;
4F0E : 06060606;
4F0F : 06060606;
4F10 : 06060606;
4F11 : 06060606;
4F12 : 07070707;
4F13 : 07070707;
4F14 : 07070707;
4F15 : 07070707;
4F16 : 07070707;
4F17 : 07070707;
4F18 : 07070707;
4F19 : 07070707;
4F1A : 07070707;
4F1B : 07070707;
4F1C : 07070707;
4F1D : 07070707;
4F1E : 07070707;
4F1F : 07070707;
4F20 : 07070707;
4F21 : 07070707;
4F22 : 08080808;
4F23 : 08080808;
4F24 : 08080808;
4F25 : 08080808;
4F26 : 08080808;
4F27 : 08080808;
4F28 : 08080808;
4F29 : 08080808;
4F2A : 08080808;
4F2B : 08080808;
4F2C : 08080808;
4F2D : 08080808;
4F2E : 08080808;
4F2F : 08080808;
4F30 : 08080808;
4F31 : 08080808;
4F32 : 08080808;
4F33 : 08080808;
4F34 : 08080808;
4F35 : 08080808;
4F36 : 08080808;
4F37 : 08080808;
4F38 : 08080808;
4F39 : 08080808;
4F3A : 08080808;
4F3B : 08080808;
4F3C : 08080808;
4F3D : 08080808;
4F3E : 08080808;
4F3F : 08080808;
4F40 : 08080808;
4F41 : 08080808;
4F42 : 00000000;
4F43 : 3FF80000;
4F44 : 636F4361;
4F45 : 3FD287A7;
4F46 : 8B60C8B3;
4F47 : 3FC68A28;
4F48 : 509F79FB;
4F49 : 3FD34413;
4F4A : 9D7DFA04;
4F4B : 3C942D16;
4F4C : 55475A32;
4F4D : 3FD34413;
4F4E : 00000000;
4F4F : 3FF00000;
4F50 : 00000000;
4F51 : 40240000;
4F52 : 00000000;
4F53 : 40080000;
4F54 : 00000000;
4F55 : 401C0000;
4F56 : 00000000;
4F57 : 40140000;
4F58 : 00000000;
4F59 : 3FE00000;
4F5A : 00000000;
4F5B : 00014448;
4F5C : 000144B0;
4F5D : 00014518;
4F5E : 00000000;
4F5F : 00000000;
4F60 : 00000000;
4F61 : 00000000;
4F62 : 00000000;
4F63 : 00000000;
4F64 : 00000000;
4F65 : 00000000;
4F66 : 00000000;
4F67 : 00000000;
4F68 : 00000000;
4F69 : 00000000;
4F6A : 00000000;
4F6B : 00000000;
4F6C : 00000000;
4F6D : 00000000;
4F6E : 00000000;
4F6F : 00000000;
4F70 : 00000000;
4F71 : 00000000;
4F72 : 00000000;
4F73 : 00000000;
4F74 : 00000000;
4F75 : 00000000;
4F76 : 00000000;
4F77 : 00000000;
4F78 : 00000000;
4F79 : 00000000;
4F7A : 00000000;
4F7B : 00000000;
4F7C : 00000000;
4F7D : 00000000;
4F7E : 00000000;
4F7F : 00000000;
4F80 : 00000001;
4F81 : 00000000;
4F82 : ABCD330E;
4F83 : E66D1234;
4F84 : 0005DEEC;
4F85 : 0000000B;
4F86 : 00000000;
4F87 : 00000000;
4F88 : 00000000;
4F89 : 00000000;
4F8A : 00000000;
4F8B : 00000000;
4F8C : 00000000;
4F8D : 00000000;
4F8E : 00000000;
4F8F : 00000000;
4F90 : 00000000;
4F91 : 00000000;
4F92 : 00000000;
4F93 : 00000000;
4F94 : 00000000;
4F95 : 00000000;
4F96 : 00000000;
4F97 : 00000000;
4F98 : 00000000;
4F99 : 00000000;
4F9A : 00000000;
4F9B : 00000000;
4F9C : 00000000;
4F9D : 00000000;
4F9E : 00000000;
4F9F : 00000000;
4FA0 : 00000000;
4FA1 : 00000000;
4FA2 : 00000000;
4FA3 : 00000000;
4FA4 : 00013E88;
4FA5 : 00013E88;
4FA6 : 00013E90;
4FA7 : 00013E90;
4FA8 : 00013E98;
4FA9 : 00013E98;
4FAA : 00013EA0;
4FAB : 00013EA0;
4FAC : 00013EA8;
4FAD : 00013EA8;
4FAE : 00013EB0;
4FAF : 00013EB0;
4FB0 : 00013EB8;
4FB1 : 00013EB8;
4FB2 : 00013EC0;
4FB3 : 00013EC0;
4FB4 : 00013EC8;
4FB5 : 00013EC8;
4FB6 : 00013ED0;
4FB7 : 00013ED0;
4FB8 : 00013ED8;
4FB9 : 00013ED8;
4FBA : 00013EE0;
4FBB : 00013EE0;
4FBC : 00013EE8;
4FBD : 00013EE8;
4FBE : 00013EF0;
4FBF : 00013EF0;
4FC0 : 00013EF8;
4FC1 : 00013EF8;
4FC2 : 00013F00;
4FC3 : 00013F00;
4FC4 : 00013F08;
4FC5 : 00013F08;
4FC6 : 00013F10;
4FC7 : 00013F10;
4FC8 : 00013F18;
4FC9 : 00013F18;
4FCA : 00013F20;
4FCB : 00013F20;
4FCC : 00013F28;
4FCD : 00013F28;
4FCE : 00013F30;
4FCF : 00013F30;
4FD0 : 00013F38;
4FD1 : 00013F38;
4FD2 : 00013F40;
4FD3 : 00013F40;
4FD4 : 00013F48;
4FD5 : 00013F48;
4FD6 : 00013F50;
4FD7 : 00013F50;
4FD8 : 00013F58;
4FD9 : 00013F58;
4FDA : 00013F60;
4FDB : 00013F60;
4FDC : 00013F68;
4FDD : 00013F68;
4FDE : 00013F70;
4FDF : 00013F70;
4FE0 : 00013F78;
4FE1 : 00013F78;
4FE2 : 00013F80;
4FE3 : 00013F80;
4FE4 : 00013F88;
4FE5 : 00013F88;
4FE6 : 00013F90;
4FE7 : 00013F90;
4FE8 : 00013F98;
4FE9 : 00013F98;
4FEA : 00013FA0;
4FEB : 00013FA0;
4FEC : 00013FA8;
4FED : 00013FA8;
4FEE : 00013FB0;
4FEF : 00013FB0;
4FF0 : 00013FB8;
4FF1 : 00013FB8;
4FF2 : 00013FC0;
4FF3 : 00013FC0;
4FF4 : 00013FC8;
4FF5 : 00013FC8;
4FF6 : 00013FD0;
4FF7 : 00013FD0;
4FF8 : 00013FD8;
4FF9 : 00013FD8;
4FFA : 00013FE0;
4FFB : 00013FE0;
4FFC : 00013FE8;
4FFD : 00013FE8;
4FFE : 00013FF0;
4FFF : 00013FF0;
5000 : 00013FF8;
5001 : 00013FF8;
5002 : 00014000;
5003 : 00014000;
5004 : 00014008;
5005 : 00014008;
5006 : 00014010;
5007 : 00014010;
5008 : 00014018;
5009 : 00014018;
500A : 00014020;
500B : 00014020;
500C : 00014028;
500D : 00014028;
500E : 00014030;
500F : 00014030;
5010 : 00014038;
5011 : 00014038;
5012 : 00014040;
5013 : 00014040;
5014 : 00014048;
5015 : 00014048;
5016 : 00014050;
5017 : 00014050;
5018 : 00014058;
5019 : 00014058;
501A : 00014060;
501B : 00014060;
501C : 00014068;
501D : 00014068;
501E : 00014070;
501F : 00014070;
5020 : 00014078;
5021 : 00014078;
5022 : 00014080;
5023 : 00014080;
5024 : 00014088;
5025 : 00014088;
5026 : 00014090;
5027 : 00014090;
5028 : 00014098;
5029 : 00014098;
502A : 000140A0;
502B : 000140A0;
502C : 000140A8;
502D : 000140A8;
502E : 000140B0;
502F : 000140B0;
5030 : 000140B8;
5031 : 000140B8;
5032 : 000140C0;
5033 : 000140C0;
5034 : 000140C8;
5035 : 000140C8;
5036 : 000140D0;
5037 : 000140D0;
5038 : 000140D8;
5039 : 000140D8;
503A : 000140E0;
503B : 000140E0;
503C : 000140E8;
503D : 000140E8;
503E : 000140F0;
503F : 000140F0;
5040 : 000140F8;
5041 : 000140F8;
5042 : 00014100;
5043 : 00014100;
5044 : 00014108;
5045 : 00014108;
5046 : 00014110;
5047 : 00014110;
5048 : 00014118;
5049 : 00014118;
504A : 00014120;
504B : 00014120;
504C : 00014128;
504D : 00014128;
504E : 00014130;
504F : 00014130;
5050 : 00014138;
5051 : 00014138;
5052 : 00014140;
5053 : 00014140;
5054 : 00014148;
5055 : 00014148;
5056 : 00014150;
5057 : 00014150;
5058 : 00014158;
5059 : 00014158;
505A : 00014160;
505B : 00014160;
505C : 00014168;
505D : 00014168;
505E : 00014170;
505F : 00014170;
5060 : 00014178;
5061 : 00014178;
5062 : 00014180;
5063 : 00014180;
5064 : 00014188;
5065 : 00014188;
5066 : 00014190;
5067 : 00014190;
5068 : 00014198;
5069 : 00014198;
506A : 000141A0;
506B : 000141A0;
506C : 000141A8;
506D : 000141A8;
506E : 000141B0;
506F : 000141B0;
5070 : 000141B8;
5071 : 000141B8;
5072 : 000141C0;
5073 : 000141C0;
5074 : 000141C8;
5075 : 000141C8;
5076 : 000141D0;
5077 : 000141D0;
5078 : 000141D8;
5079 : 000141D8;
507A : 000141E0;
507B : 000141E0;
507C : 000141E8;
507D : 000141E8;
507E : 000141F0;
507F : 000141F0;
5080 : 000141F8;
5081 : 000141F8;
5082 : 00014200;
5083 : 00014200;
5084 : 00014208;
5085 : 00014208;
5086 : 00014210;
5087 : 00014210;
5088 : 00014218;
5089 : 00014218;
508A : 00014220;
508B : 00014220;
508C : 00014228;
508D : 00014228;
508E : 00014230;
508F : 00014230;
5090 : 00014238;
5091 : 00014238;
5092 : 00014240;
5093 : 00014240;
5094 : 00014248;
5095 : 00014248;
5096 : 00014250;
5097 : 00014250;
5098 : 00014258;
5099 : 00014258;
509A : 00014260;
509B : 00014260;
509C : 00014268;
509D : 00014268;
509E : 00014270;
509F : 00014270;
50A0 : 00014278;
50A1 : 00014278;
50A2 : 00014280;
50A3 : 00014280;
50A4 : 00000000;
50A5 : 00000003;
50A6 : 00014448;
50A7 : 00000043;
50A8 : 00000000;
50A9 : 00000000;
50AA : 00000000;
50AB : 00000000;
50AC : 00000000;
50AD : 00000000;
50AE : 00000000;
50AF : 00000043;
50B0 : 00000000;
50B1 : 00000000;
50B2 : 00000000;
50B3 : 00000000;
50B4 : 00000000;
50B5 : 00000000;
50B6 : 00000000;
50B7 : 00000043;
50B8 : 00000000;
50B9 : 00000000;
50BA : 00000000;
50BB : 00000000;
50BC : 00000000;
50BD : 00000000;
50BE : 00000000;
50BF : 00000043;
50C0 : 00000000;
50C1 : 00000000;
50C2 : 00000000;
50C3 : 00000000;
50C4 : 00000000;
50C5 : 00000000;
50C6 : 00000000;
50C7 : 00000043;
50C8 : 00000000;
50C9 : 00000000;
50CA : 00000000;
50CB : 00000000;
50CC : 00000000;
50CD : 00000000;
50CE : 00000000;
50CF : 00000043;
50D0 : 00000000;
50D1 : 00000000;
50D2 : 00000000;
50D3 : 00000000;
50D4 : 00000000;
50D5 : 00000000;
50D6 : 00000000;
50D7 : 00000043;
50D8 : 00000000;
50D9 : 00000000;
50DA : 00000000;
50DB : 00000000;
50DC : 00000000;
50DD : 00000000;
50DE : 00000000;
50DF : 0000C48C;
50E0 : 0000C428;
50E1 : 00000000;
50E2 : 00013948;
50E3 : 00013310;
50E4 : 00012E8C;
50E5 : 00012E8C;
50E6 : 00012E8C;
50E7 : 00012E8C;
50E8 : 00012E8C;
50E9 : 00012E8C;
50EA : 00012E8C;
50EB : 00012E8C;
50EC : 00012E8C;
50ED : FFFFFFFF;
50EE : FFFFFFFF;
50EF : FFFFFFFF;
50F0 : 0000FFFF;
50F1 : 53410001;
50F2 : 00494943;
50F3 : 00000000;
50F4 : 00000000;
50F5 : 00000000;
50F6 : 00000000;
50F7 : 00000000;
50F8 : 00000000;
50F9 : 53410000;
50FA : 00494943;
50FB : 00000000;
50FC : 00000000;
50FD : 00000000;
50FE : 00000000;
50FF : 00000000;
5100 : 00000000;
5101 : 00000000;
5102 : 00000001;
5103 : 000001F4;
5104 : 00000066;
5105 : 00013D68;
5106 : FFFFFFFF;
5107 : 00020000;
END;
