Analysis & Synthesis report for project_template
Mon Aug  3 21:36:57 2026
Quartus Prime Version 25.1std.0 Build 1129 10/21/2025 Patches 0.02std SC Lite Edition


---------------------
; Table of Contents ;
---------------------
  1. Legal Notice
  2. Analysis & Synthesis Summary
  3. Analysis & Synthesis Settings
  4. Parallel Compilation
  5. Analysis & Synthesis Source Files Read
  6. Analysis & Synthesis Resource Usage Summary
  7. Analysis & Synthesis Resource Utilization by Entity
  8. Analysis & Synthesis RAM Summary
  9. Analysis & Synthesis IP Cores Summary
 10. State Machine - |top|cpu:U_CPU|state
 11. Registers Removed During Synthesis
 12. General Register Statistics
 13. Inverted Register Statistics
 14. Multiplexer Restructuring Statistics (Restructuring Performed)
 15. Source assignments for wb_mem:U_MEM|altsyncram:altsyncram_component|altsyncram_n0v3:auto_generated
 16. Parameter Settings for User Entity Instance: pll1:U_PLL1|altpll:altpll_component
 17. Parameter Settings for User Entity Instance: cpu:U_CPU
 18. Parameter Settings for User Entity Instance: wb_mem:U_MEM
 19. Parameter Settings for User Entity Instance: wb_mem:U_MEM|altsyncram:altsyncram_component
 20. altpll Parameter Settings by Entity Instance
 21. altsyncram Parameter Settings by Entity Instance
 22. Port Connectivity Checks: "wb_gpio:U_GPIO"
 23. Port Connectivity Checks: "wb_mux_2to2:U_WBMUX"
 24. Port Connectivity Checks: "pll1:U_PLL1"
 25. Post-Synthesis Netlist Statistics for Top Partition
 26. Elapsed Time Per Partition
 27. Analysis & Synthesis Messages



----------------
; Legal Notice ;
----------------
Copyright (C) 2025  Altera Corporation. All rights reserved.
Your use of Altera Corporation's design tools, logic functions 
and other software and tools, and any partner logic 
functions, and any output files from any of the foregoing 
(including device programming or simulation files), and any 
associated documentation or information are expressly subject 
to the terms and conditions of the Altera Program License 
Subscription Agreement, the Altera Quartus Prime License Agreement,
the Altera IP License Agreement, or other applicable license
agreement, including, without limitation, that your use is for
the sole purpose of programming logic devices manufactured by
Altera and sold by Altera or its authorized distributors.  Please
refer to the Altera Software License Subscription Agreements 
on the Quartus Prime software download page.



+------------------------------------------------------------------------------------------------------+
; Analysis & Synthesis Summary                                                                         ;
+------------------------------------+-----------------------------------------------------------------+
; Analysis & Synthesis Status        ; Successful - Mon Aug  3 21:36:57 2026                           ;
; Quartus Prime Version              ; 25.1std.0 Build 1129 10/21/2025 Patches 0.02std SC Lite Edition ;
; Revision Name                      ; project_template                                                ;
; Top-level Entity Name              ; top                                                             ;
; Family                             ; MAX 10                                                          ;
; Total logic elements               ; 3,731                                                           ;
;     Total combinational functions  ; 2,713                                                           ;
;     Dedicated logic registers      ; 1,421                                                           ;
; Total registers                    ; 1421                                                            ;
; Total pins                         ; 50                                                              ;
; Total virtual pins                 ; 0                                                               ;
; Total memory bits                  ; 131,072                                                         ;
; Embedded Multiplier 9-bit elements ; 0                                                               ;
; Total PLLs                         ; 1                                                               ;
; UFM blocks                         ; 0                                                               ;
; ADC blocks                         ; 0                                                               ;
+------------------------------------+-----------------------------------------------------------------+


+------------------------------------------------------------------------------------------------------------+
; Analysis & Synthesis Settings                                                                              ;
+------------------------------------------------------------------+--------------------+--------------------+
; Option                                                           ; Setting            ; Default Value      ;
+------------------------------------------------------------------+--------------------+--------------------+
; Device                                                           ; 10M08SAU169C8GES   ;                    ;
; Top-level entity name                                            ; top                ; project_template   ;
; Family name                                                      ; MAX 10             ; Cyclone V          ;
; Use smart compilation                                            ; Off                ; Off                ;
; Enable parallel Assembler and Timing Analyzer during compilation ; On                 ; On                 ;
; Enable compact report table                                      ; Off                ; Off                ;
; Restructure Multiplexers                                         ; Auto               ; Auto               ;
; Create Debugging Nodes for IP Cores                              ; Off                ; Off                ;
; Preserve fewer node names                                        ; On                 ; On                 ;
; Intel FPGA IP Evaluation Mode                                    ; Enable             ; Enable             ;
; Verilog Version                                                  ; Verilog_2001       ; Verilog_2001       ;
; VHDL Version                                                     ; VHDL_1993          ; VHDL_1993          ;
; State Machine Processing                                         ; Auto               ; Auto               ;
; Safe State Machine                                               ; Off                ; Off                ;
; Extract Verilog State Machines                                   ; On                 ; On                 ;
; Extract VHDL State Machines                                      ; On                 ; On                 ;
; Ignore Verilog initial constructs                                ; Off                ; Off                ;
; Iteration limit for constant Verilog loops                       ; 5000               ; 5000               ;
; Iteration limit for non-constant Verilog loops                   ; 250                ; 250                ;
; Add Pass-Through Logic to Inferred RAMs                          ; On                 ; On                 ;
; Infer RAMs from Raw Logic                                        ; On                 ; On                 ;
; Parallel Synthesis                                               ; On                 ; On                 ;
; DSP Block Balancing                                              ; Auto               ; Auto               ;
; NOT Gate Push-Back                                               ; On                 ; On                 ;
; Power-Up Don't Care                                              ; On                 ; On                 ;
; Remove Redundant Logic Cells                                     ; Off                ; Off                ;
; Remove Duplicate Registers                                       ; On                 ; On                 ;
; Ignore CARRY Buffers                                             ; Off                ; Off                ;
; Ignore CASCADE Buffers                                           ; Off                ; Off                ;
; Ignore GLOBAL Buffers                                            ; Off                ; Off                ;
; Ignore ROW GLOBAL Buffers                                        ; Off                ; Off                ;
; Ignore LCELL Buffers                                             ; Off                ; Off                ;
; Ignore SOFT Buffers                                              ; On                 ; On                 ;
; Limit AHDL Integers to 32 Bits                                   ; Off                ; Off                ;
; Optimization Technique                                           ; Balanced           ; Balanced           ;
; Carry Chain Length                                               ; 70                 ; 70                 ;
; Auto Carry Chains                                                ; On                 ; On                 ;
; Auto Open-Drain Pins                                             ; On                 ; On                 ;
; Perform WYSIWYG Primitive Resynthesis                            ; Off                ; Off                ;
; Auto ROM Replacement                                             ; On                 ; On                 ;
; Auto RAM Replacement                                             ; On                 ; On                 ;
; Auto DSP Block Replacement                                       ; On                 ; On                 ;
; Auto Shift Register Replacement                                  ; Auto               ; Auto               ;
; Allow Shift Register Merging across Hierarchies                  ; Auto               ; Auto               ;
; Auto Clock Enable Replacement                                    ; On                 ; On                 ;
; Strict RAM Replacement                                           ; Off                ; Off                ;
; Allow Synchronous Control Signals                                ; On                 ; On                 ;
; Force Use of Synchronous Clear Signals                           ; Off                ; Off                ;
; Auto RAM Block Balancing                                         ; On                 ; On                 ;
; Auto RAM to Logic Cell Conversion                                ; Off                ; Off                ;
; Auto Resource Sharing                                            ; Off                ; Off                ;
; Allow Any RAM Size For Recognition                               ; Off                ; Off                ;
; Allow Any ROM Size For Recognition                               ; Off                ; Off                ;
; Allow Any Shift Register Size For Recognition                    ; Off                ; Off                ;
; Use LogicLock Constraints during Resource Balancing              ; On                 ; On                 ;
; Ignore translate_off and synthesis_off directives                ; Off                ; Off                ;
; Timing-Driven Synthesis                                          ; On                 ; On                 ;
; Report Parameter Settings                                        ; On                 ; On                 ;
; Report Source Assignments                                        ; On                 ; On                 ;
; Report Connectivity Checks                                       ; On                 ; On                 ;
; Ignore Maximum Fan-Out Assignments                               ; Off                ; Off                ;
; Synchronization Register Chain Length                            ; 2                  ; 2                  ;
; Power Optimization During Synthesis                              ; Normal compilation ; Normal compilation ;
; HDL message level                                                ; Level2             ; Level2             ;
; Suppress Register Optimization Related Messages                  ; Off                ; Off                ;
; Number of Removed Registers Reported in Synthesis Report         ; 5000               ; 5000               ;
; Number of Swept Nodes Reported in Synthesis Report               ; 5000               ; 5000               ;
; Number of Inverted Registers Reported in Synthesis Report        ; 100                ; 100                ;
; Clock MUX Protection                                             ; On                 ; On                 ;
; Auto Gated Clock Conversion                                      ; Off                ; Off                ;
; Block Design Naming                                              ; Auto               ; Auto               ;
; SDC constraint protection                                        ; Off                ; Off                ;
; Synthesis Effort                                                 ; Auto               ; Auto               ;
; Shift Register Replacement - Allow Asynchronous Clear Signal     ; On                 ; On                 ;
; Pre-Mapping Resynthesis Optimization                             ; Off                ; Off                ;
; Analysis & Synthesis Message Level                               ; Medium             ; Medium             ;
; Disable Register Merging Across Hierarchies                      ; Auto               ; Auto               ;
; Resource Aware Inference For Block RAM                           ; On                 ; On                 ;
+------------------------------------------------------------------+--------------------+--------------------+


+------------------------------------------+
; Parallel Compilation                     ;
+----------------------------+-------------+
; Processors                 ; Number      ;
+----------------------------+-------------+
; Number detected on machine ; 12          ;
; Maximum allowed            ; 6           ;
;                            ;             ;
; Average used               ; 1.00        ;
; Maximum used               ; 6           ;
;                            ;             ;
; Usage by Processor         ; % Time Used ;
;     Processor 1            ; 100.0%      ;
;     Processor 2            ;   0.1%      ;
;     Processor 3            ;   0.1%      ;
;     Processor 4            ;   0.1%      ;
;     Processor 5            ;   0.1%      ;
;     Processor 6            ;   0.1%      ;
+----------------------------+-------------+


+---------------------------------------------------------------------------------------------------------------------------------------------------------------------------------------------+
; Analysis & Synthesis Source Files Read                                                                                                                                                      ;
+-----------------------------------------+-----------------+----------------------------------------+------------------------------------------------------------------------------+---------+
; File Name with User-Entered Path        ; Used in Netlist ; File Type                              ; File Name with Absolute Path                                                 ; Library ;
+-----------------------------------------+-----------------+----------------------------------------+------------------------------------------------------------------------------+---------+
; src/pll1.vhd                            ; yes             ; User Wizard-Generated File             ; D:/Files/max1k/max1k-cpu/src/pll1.vhd                                        ;         ;
; src/wb/wb_mux_2to2.vhd                  ; yes             ; User VHDL File                         ; D:/Files/max1k/max1k-cpu/src/wb/wb_mux_2to2.vhd                              ;         ;
; src/periph/wb_mem.vhd                   ; yes             ; User VHDL File                         ; D:/Files/max1k/max1k-cpu/src/periph/wb_mem.vhd                               ;         ;
; src/periph/wb_gpio.vhd                  ; yes             ; User VHDL File                         ; D:/Files/max1k/max1k-cpu/src/periph/wb_gpio.vhd                              ;         ;
; src/wb/wb_regslice.vhd                  ; yes             ; User VHDL File                         ; D:/Files/max1k/max1k-cpu/src/wb/wb_regslice.vhd                              ;         ;
; src/wb/wb_mux_2to1.vhd                  ; yes             ; User VHDL File                         ; D:/Files/max1k/max1k-cpu/src/wb/wb_mux_2to1.vhd                              ;         ;
; src/wb/wb_mux_1to2.vhd                  ; yes             ; User VHDL File                         ; D:/Files/max1k/max1k-cpu/src/wb/wb_mux_1to2.vhd                              ;         ;
; src/cpu/regfile.vhd                     ; yes             ; User VHDL File                         ; D:/Files/max1k/max1k-cpu/src/cpu/regfile.vhd                                 ;         ;
; src/cpu/lsu.vhd                         ; yes             ; User VHDL File                         ; D:/Files/max1k/max1k-cpu/src/cpu/lsu.vhd                                     ;         ;
; src/cpu/immext.vhd                      ; yes             ; User VHDL File                         ; D:/Files/max1k/max1k-cpu/src/cpu/immext.vhd                                  ;         ;
; src/cpu/decode.vhd                      ; yes             ; User VHDL File                         ; D:/Files/max1k/max1k-cpu/src/cpu/decode.vhd                                  ;         ;
; src/cpu/cpu_pkg.vhd                     ; yes             ; User VHDL File                         ; D:/Files/max1k/max1k-cpu/src/cpu/cpu_pkg.vhd                                 ;         ;
; src/cpu/cpu.vhd                         ; yes             ; User VHDL File                         ; D:/Files/max1k/max1k-cpu/src/cpu/cpu.vhd                                     ;         ;
; src/cpu/bcond.vhd                       ; yes             ; User VHDL File                         ; D:/Files/max1k/max1k-cpu/src/cpu/bcond.vhd                                   ;         ;
; src/cpu/alu.vhd                         ; yes             ; User VHDL File                         ; D:/Files/max1k/max1k-cpu/src/cpu/alu.vhd                                     ;         ;
; src/top.vhd                             ; yes             ; User VHDL File                         ; D:/Files/max1k/max1k-cpu/src/top.vhd                                         ;         ;
; altpll.tdf                              ; yes             ; Megafunction                           ; c:/altera_lite/25.1std/quartus/libraries/megafunctions/altpll.tdf            ;         ;
; aglobal251.inc                          ; yes             ; Megafunction                           ; c:/altera_lite/25.1std/quartus/libraries/megafunctions/aglobal251.inc        ;         ;
; stratix_pll.inc                         ; yes             ; Megafunction                           ; c:/altera_lite/25.1std/quartus/libraries/megafunctions/stratix_pll.inc       ;         ;
; stratixii_pll.inc                       ; yes             ; Megafunction                           ; c:/altera_lite/25.1std/quartus/libraries/megafunctions/stratixii_pll.inc     ;         ;
; cycloneii_pll.inc                       ; yes             ; Megafunction                           ; c:/altera_lite/25.1std/quartus/libraries/megafunctions/cycloneii_pll.inc     ;         ;
; db/pll1_altpll.v                        ; yes             ; Auto-Generated Megafunction            ; D:/Files/max1k/max1k-cpu/db/pll1_altpll.v                                    ;         ;
; altsyncram.tdf                          ; yes             ; Megafunction                           ; c:/altera_lite/25.1std/quartus/libraries/megafunctions/altsyncram.tdf        ;         ;
; stratix_ram_block.inc                   ; yes             ; Megafunction                           ; c:/altera_lite/25.1std/quartus/libraries/megafunctions/stratix_ram_block.inc ;         ;
; lpm_mux.inc                             ; yes             ; Megafunction                           ; c:/altera_lite/25.1std/quartus/libraries/megafunctions/lpm_mux.inc           ;         ;
; lpm_decode.inc                          ; yes             ; Megafunction                           ; c:/altera_lite/25.1std/quartus/libraries/megafunctions/lpm_decode.inc        ;         ;
; a_rdenreg.inc                           ; yes             ; Megafunction                           ; c:/altera_lite/25.1std/quartus/libraries/megafunctions/a_rdenreg.inc         ;         ;
; altrom.inc                              ; yes             ; Megafunction                           ; c:/altera_lite/25.1std/quartus/libraries/megafunctions/altrom.inc            ;         ;
; altram.inc                              ; yes             ; Megafunction                           ; c:/altera_lite/25.1std/quartus/libraries/megafunctions/altram.inc            ;         ;
; altdpram.inc                            ; yes             ; Megafunction                           ; c:/altera_lite/25.1std/quartus/libraries/megafunctions/altdpram.inc          ;         ;
; db/altsyncram_n0v3.tdf                  ; yes             ; Auto-Generated Megafunction            ; D:/Files/max1k/max1k-cpu/db/altsyncram_n0v3.tdf                              ;         ;
; D:/Files/max1k/max1k-cpu/tb/sw/main.mif ; yes             ; Auto-Found Memory Initialization File  ; D:/Files/max1k/max1k-cpu/tb/sw/main.mif                                      ;         ;
+-----------------------------------------+-----------------+----------------------------------------+------------------------------------------------------------------------------+---------+


+-------------------------------------------------------------------------------------------------------------------------------+
; Analysis & Synthesis Resource Usage Summary                                                                                   ;
+---------------------------------------------+---------------------------------------------------------------------------------+
; Resource                                    ; Usage                                                                           ;
+---------------------------------------------+---------------------------------------------------------------------------------+
; Estimated Total logic elements              ; 3,731                                                                           ;
;                                             ;                                                                                 ;
; Total combinational functions               ; 2713                                                                            ;
; Logic element usage by number of LUT inputs ;                                                                                 ;
;     -- 4 input functions                    ; 1946                                                                            ;
;     -- 3 input functions                    ; 547                                                                             ;
;     -- <=2 input functions                  ; 220                                                                             ;
;                                             ;                                                                                 ;
; Logic elements by mode                      ;                                                                                 ;
;     -- normal mode                          ; 2560                                                                            ;
;     -- arithmetic mode                      ; 153                                                                             ;
;                                             ;                                                                                 ;
; Total registers                             ; 1421                                                                            ;
;     -- Dedicated logic registers            ; 1421                                                                            ;
;     -- I/O registers                        ; 0                                                                               ;
;                                             ;                                                                                 ;
; I/O pins                                    ; 50                                                                              ;
; Total memory bits                           ; 131072                                                                          ;
;                                             ;                                                                                 ;
; Embedded Multiplier 9-bit elements          ; 0                                                                               ;
;                                             ;                                                                                 ;
; Total PLLs                                  ; 1                                                                               ;
;     -- PLLs                                 ; 1                                                                               ;
;                                             ;                                                                                 ;
; Maximum fan-out node                        ; pll1:U_PLL1|altpll:altpll_component|pll1_altpll:auto_generated|wire_pll1_clk[0] ;
; Maximum fan-out                             ; 1487                                                                            ;
; Total fan-out                               ; 14648                                                                           ;
; Average fan-out                             ; 3.42                                                                            ;
+---------------------------------------------+---------------------------------------------------------------------------------+


+--------------------------------------------------------------------------------------------------------------------------------------------------------------------------------------------------------------------------------------------------------------------------------------------------------------------+
; Analysis & Synthesis Resource Utilization by Entity                                                                                                                                                                                                                                                                ;
+-------------------------------------------+---------------------+---------------------------+-------------+------------+--------------+---------+-----------+------+--------------+------------+----------------------------------------------------------------------------------+-----------------+--------------+
; Compilation Hierarchy Node                ; Combinational ALUTs ; Dedicated Logic Registers ; Memory Bits ; UFM Blocks ; DSP Elements ; DSP 9x9 ; DSP 18x18 ; Pins ; Virtual Pins ; ADC blocks ; Full Hierarchy Name                                                              ; Entity Name     ; Library Name ;
+-------------------------------------------+---------------------+---------------------------+-------------+------------+--------------+---------+-----------+------+--------------+------------+----------------------------------------------------------------------------------+-----------------+--------------+
; |top                                      ; 2713 (74)           ; 1421 (32)                 ; 131072      ; 0          ; 0            ; 0       ; 0         ; 50   ; 0            ; 0          ; |top                                                                             ; top             ; work         ;
;    |cpu:U_CPU|                            ; 2476 (187)          ; 1229 (71)                 ; 0           ; 0          ; 0            ; 0       ; 0         ; 0    ; 0            ; 0          ; |top|cpu:U_CPU                                                                   ; cpu             ; work         ;
;       |alu:U_ALU|                         ; 622 (622)           ; 0 (0)                     ; 0           ; 0          ; 0            ; 0       ; 0         ; 0    ; 0            ; 0          ; |top|cpu:U_CPU|alu:U_ALU                                                         ; alu             ; work         ;
;       |bcond:U_BCOND|                     ; 87 (87)             ; 1 (1)                     ; 0           ; 0          ; 0            ; 0       ; 0         ; 0    ; 0            ; 0          ; |top|cpu:U_CPU|bcond:U_BCOND                                                     ; bcond           ; work         ;
;       |decode:U_DECODE|                   ; 31 (31)             ; 33 (33)                   ; 0           ; 0          ; 0            ; 0       ; 0         ; 0    ; 0            ; 0          ; |top|cpu:U_CPU|decode:U_DECODE                                                   ; decode          ; work         ;
;       |lsu:U_LSU|                         ; 77 (77)             ; 68 (68)                   ; 0           ; 0          ; 0            ; 0       ; 0         ; 0    ; 0            ; 0          ; |top|cpu:U_CPU|lsu:U_LSU                                                         ; lsu             ; work         ;
;       |regfile:U_REGFILE|                 ; 1472 (1472)         ; 1056 (1056)               ; 0           ; 0          ; 0            ; 0       ; 0         ; 0    ; 0            ; 0          ; |top|cpu:U_CPU|regfile:U_REGFILE                                                 ; regfile         ; work         ;
;    |pll1:U_PLL1|                          ; 0 (0)               ; 0 (0)                     ; 0           ; 0          ; 0            ; 0       ; 0         ; 0    ; 0            ; 0          ; |top|pll1:U_PLL1                                                                 ; pll1            ; work         ;
;       |altpll:altpll_component|           ; 0 (0)               ; 0 (0)                     ; 0           ; 0          ; 0            ; 0       ; 0         ; 0    ; 0            ; 0          ; |top|pll1:U_PLL1|altpll:altpll_component                                         ; altpll          ; work         ;
;          |pll1_altpll:auto_generated|     ; 0 (0)               ; 0 (0)                     ; 0           ; 0          ; 0            ; 0       ; 0         ; 0    ; 0            ; 0          ; |top|pll1:U_PLL1|altpll:altpll_component|pll1_altpll:auto_generated              ; pll1_altpll     ; work         ;
;    |wb_gpio:U_GPIO|                       ; 68 (68)             ; 73 (73)                   ; 0           ; 0          ; 0            ; 0       ; 0         ; 0    ; 0            ; 0          ; |top|wb_gpio:U_GPIO                                                              ; wb_gpio         ; work         ;
;    |wb_mem:U_MEM|                         ; 3 (3)               ; 2 (2)                     ; 131072      ; 0          ; 0            ; 0       ; 0         ; 0    ; 0            ; 0          ; |top|wb_mem:U_MEM                                                                ; wb_mem          ; work         ;
;       |altsyncram:altsyncram_component|   ; 0 (0)               ; 0 (0)                     ; 131072      ; 0          ; 0            ; 0       ; 0         ; 0    ; 0            ; 0          ; |top|wb_mem:U_MEM|altsyncram:altsyncram_component                                ; altsyncram      ; work         ;
;          |altsyncram_n0v3:auto_generated| ; 0 (0)               ; 0 (0)                     ; 131072      ; 0          ; 0            ; 0       ; 0         ; 0    ; 0            ; 0          ; |top|wb_mem:U_MEM|altsyncram:altsyncram_component|altsyncram_n0v3:auto_generated ; altsyncram_n0v3 ; work         ;
;    |wb_mux_2to2:U_WBMUX|                  ; 92 (0)              ; 85 (0)                    ; 0           ; 0          ; 0            ; 0       ; 0         ; 0    ; 0            ; 0          ; |top|wb_mux_2to2:U_WBMUX                                                         ; wb_mux_2to2     ; work         ;
;       |wb_mux_1to2:U_EGRESS|              ; 32 (32)             ; 0 (0)                     ; 0           ; 0          ; 0            ; 0       ; 0         ; 0    ; 0            ; 0          ; |top|wb_mux_2to2:U_WBMUX|wb_mux_1to2:U_EGRESS                                    ; wb_mux_1to2     ; work         ;
;       |wb_mux_2to1:U_INGRESS|             ; 48 (48)             ; 1 (1)                     ; 0           ; 0          ; 0            ; 0       ; 0         ; 0    ; 0            ; 0          ; |top|wb_mux_2to2:U_WBMUX|wb_mux_2to1:U_INGRESS                                   ; wb_mux_2to1     ; work         ;
;       |wb_regslice:U_REGSLICE|            ; 12 (12)             ; 84 (84)                   ; 0           ; 0          ; 0            ; 0       ; 0         ; 0    ; 0            ; 0          ; |top|wb_mux_2to2:U_WBMUX|wb_regslice:U_REGSLICE                                  ; wb_regslice     ; work         ;
+-------------------------------------------+---------------------+---------------------------+-------------+------------+--------------+---------+-----------+------+--------------+------------+----------------------------------------------------------------------------------+-----------------+--------------+
Note: For table entries with two numbers listed, the numbers in parentheses indicate the number of resources of the given type used by the specific entity alone. The numbers listed outside of parentheses indicate the total resources of the given type used by the specific entity and all of its sub-entities in the hierarchy.


+----------------------------------------------------------------------------------------------------------------------------------------------------------------------------------------------------------------------------------+
; Analysis & Synthesis RAM Summary                                                                                                                                                                                                 ;
+----------------------------------------------------------------------------------------+------+-------------+--------------+--------------+--------------+--------------+--------+-----------------------------------------------+
; Name                                                                                   ; Type ; Mode        ; Port A Depth ; Port A Width ; Port B Depth ; Port B Width ; Size   ; MIF                                           ;
+----------------------------------------------------------------------------------------+------+-------------+--------------+--------------+--------------+--------------+--------+-----------------------------------------------+
; wb_mem:U_MEM|altsyncram:altsyncram_component|altsyncram_n0v3:auto_generated|ALTSYNCRAM ; AUTO ; Single Port ; 4096         ; 32           ; --           ; --           ; 131072 ; D:\\Files\\max1k\\max1k-cpu\\tb\\sw\\main.mif ;
+----------------------------------------------------------------------------------------+------+-------------+--------------+--------------+--------------+--------------+--------+-----------------------------------------------+


+----------------------------------------------------------------------------------------------------+
; Analysis & Synthesis IP Cores Summary                                                              ;
+--------+--------------+---------+--------------+--------------+------------------+-----------------+
; Vendor ; IP Core Name ; Version ; Release Date ; License Type ; Entity Instance  ; IP Include File ;
+--------+--------------+---------+--------------+--------------+------------------+-----------------+
; Altera ; ALTPLL       ; 25.1    ; N/A          ; N/A          ; |top|pll1:U_PLL1 ; src/pll1.vhd    ;
+--------+--------------+---------+--------------+--------------+------------------+-----------------+


Encoding Type:  One-Hot
+------------------------------------------------------------------------------------------------------------------------------------------------+
; State Machine - |top|cpu:U_CPU|state                                                                                                           ;
+-------------------+-------------------+------------------+----------------+-----------------+----------------+-----------------+---------------+
; Name              ; state.S_writeback ; state.S_memory_1 ; state.S_memory ; state.S_execute ; state.S_decode ; state.S_fetch_1 ; state.S_fetch ;
+-------------------+-------------------+------------------+----------------+-----------------+----------------+-----------------+---------------+
; state.S_fetch     ; 0                 ; 0                ; 0              ; 0               ; 0              ; 0               ; 0             ;
; state.S_fetch_1   ; 0                 ; 0                ; 0              ; 0               ; 0              ; 1               ; 1             ;
; state.S_decode    ; 0                 ; 0                ; 0              ; 0               ; 1              ; 0               ; 1             ;
; state.S_execute   ; 0                 ; 0                ; 0              ; 1               ; 0              ; 0               ; 1             ;
; state.S_memory    ; 0                 ; 0                ; 1              ; 0               ; 0              ; 0               ; 1             ;
; state.S_memory_1  ; 0                 ; 1                ; 0              ; 0               ; 0              ; 0               ; 1             ;
; state.S_writeback ; 1                 ; 0                ; 0              ; 0               ; 0              ; 0               ; 1             ;
+-------------------+-------------------+------------------+----------------+-----------------+----------------+-----------------+---------------+


+-----------------------------------------------------------------------------------------------------------------+
; Registers Removed During Synthesis                                                                              ;
+--------------------------------------------------+--------------------------------------------------------------+
; Register name                                    ; Reason for Removal                                           ;
+--------------------------------------------------+--------------------------------------------------------------+
; cpu:U_CPU|regfile:U_REGFILE|regs[0][0]           ; Stuck at GND due to stuck port data_in                       ;
; cpu:U_CPU|regfile:U_REGFILE|regs[0][1]           ; Stuck at GND due to stuck port data_in                       ;
; cpu:U_CPU|regfile:U_REGFILE|regs[0][2]           ; Stuck at GND due to stuck port data_in                       ;
; cpu:U_CPU|regfile:U_REGFILE|regs[0][3]           ; Stuck at GND due to stuck port data_in                       ;
; cpu:U_CPU|regfile:U_REGFILE|regs[0][4]           ; Stuck at GND due to stuck port data_in                       ;
; cpu:U_CPU|regfile:U_REGFILE|regs[0][5]           ; Stuck at GND due to stuck port data_in                       ;
; cpu:U_CPU|regfile:U_REGFILE|regs[0][6]           ; Stuck at GND due to stuck port data_in                       ;
; cpu:U_CPU|regfile:U_REGFILE|regs[0][7]           ; Stuck at GND due to stuck port data_in                       ;
; cpu:U_CPU|regfile:U_REGFILE|regs[0][8]           ; Stuck at GND due to stuck port data_in                       ;
; cpu:U_CPU|regfile:U_REGFILE|regs[0][9]           ; Stuck at GND due to stuck port data_in                       ;
; cpu:U_CPU|regfile:U_REGFILE|regs[0][10]          ; Stuck at GND due to stuck port data_in                       ;
; cpu:U_CPU|regfile:U_REGFILE|regs[0][11]          ; Stuck at GND due to stuck port data_in                       ;
; cpu:U_CPU|regfile:U_REGFILE|regs[0][12]          ; Stuck at GND due to stuck port data_in                       ;
; cpu:U_CPU|regfile:U_REGFILE|regs[0][13]          ; Stuck at GND due to stuck port data_in                       ;
; cpu:U_CPU|regfile:U_REGFILE|regs[0][14]          ; Stuck at GND due to stuck port data_in                       ;
; cpu:U_CPU|regfile:U_REGFILE|regs[0][15]          ; Stuck at GND due to stuck port data_in                       ;
; cpu:U_CPU|regfile:U_REGFILE|regs[0][16]          ; Stuck at GND due to stuck port data_in                       ;
; cpu:U_CPU|regfile:U_REGFILE|regs[0][17]          ; Stuck at GND due to stuck port data_in                       ;
; cpu:U_CPU|regfile:U_REGFILE|regs[0][18]          ; Stuck at GND due to stuck port data_in                       ;
; cpu:U_CPU|regfile:U_REGFILE|regs[0][19]          ; Stuck at GND due to stuck port data_in                       ;
; cpu:U_CPU|regfile:U_REGFILE|regs[0][20]          ; Stuck at GND due to stuck port data_in                       ;
; cpu:U_CPU|regfile:U_REGFILE|regs[0][21]          ; Stuck at GND due to stuck port data_in                       ;
; cpu:U_CPU|regfile:U_REGFILE|regs[0][22]          ; Stuck at GND due to stuck port data_in                       ;
; cpu:U_CPU|regfile:U_REGFILE|regs[0][23]          ; Stuck at GND due to stuck port data_in                       ;
; cpu:U_CPU|regfile:U_REGFILE|regs[0][24]          ; Stuck at GND due to stuck port data_in                       ;
; cpu:U_CPU|regfile:U_REGFILE|regs[0][25]          ; Stuck at GND due to stuck port data_in                       ;
; cpu:U_CPU|regfile:U_REGFILE|regs[0][26]          ; Stuck at GND due to stuck port data_in                       ;
; cpu:U_CPU|regfile:U_REGFILE|regs[0][27]          ; Stuck at GND due to stuck port data_in                       ;
; cpu:U_CPU|regfile:U_REGFILE|regs[0][28]          ; Stuck at GND due to stuck port data_in                       ;
; cpu:U_CPU|regfile:U_REGFILE|regs[0][29]          ; Stuck at GND due to stuck port data_in                       ;
; cpu:U_CPU|regfile:U_REGFILE|regs[0][30]          ; Stuck at GND due to stuck port data_in                       ;
; cpu:U_CPU|regfile:U_REGFILE|regs[0][31]          ; Stuck at GND due to stuck port data_in                       ;
; wb_mux_2to2:U_WBMUX|wb_regslice:U_REGSLICE|m_stb ; Merged with wb_mux_2to2:U_WBMUX|wb_regslice:U_REGSLICE|state ;
; wb_mux_2to2:U_WBMUX|wb_regslice:U_REGSLICE|m_cyc ; Merged with wb_mux_2to2:U_WBMUX|wb_regslice:U_REGSLICE|state ;
; cpu:U_CPU|decode:U_DECODE|b_ovr                  ; Merged with cpu:U_CPU|decode:U_DECODE|rd_src[0]              ;
; cpu:U_CPU|i_stb                                  ; Merged with cpu:U_CPU|i_cyc                                  ;
; cpu:U_CPU|d_stb                                  ; Merged with cpu:U_CPU|d_cyc                                  ;
; cpu:U_CPU|decode:U_DECODE|alu_shsrc[0]           ; Merged with cpu:U_CPU|decode:U_DECODE|alu_ysrc[0]            ;
; Total Number of Removed Registers = 38           ;                                                              ;
+--------------------------------------------------+--------------------------------------------------------------+


+------------------------------------------------------+
; General Register Statistics                          ;
+----------------------------------------------+-------+
; Statistic                                    ; Value ;
+----------------------------------------------+-------+
; Total registers                              ; 1421  ;
; Number of registers using Synchronous Clear  ; 36    ;
; Number of registers using Synchronous Load   ; 23    ;
; Number of registers using Asynchronous Clear ; 0     ;
; Number of registers using Asynchronous Load  ; 0     ;
; Number of registers using Clock Enable       ; 1275  ;
; Number of registers using Preset             ; 0     ;
+----------------------------------------------+-------+


+--------------------------------------------------+
; Inverted Register Statistics                     ;
+----------------------------------------+---------+
; Inverted Register                      ; Fan out ;
+----------------------------------------+---------+
; reset                                  ; 204     ;
; reset_ctr[7]                           ; 2       ;
; reset_ctr[6]                           ; 2       ;
; reset_ctr[5]                           ; 2       ;
; reset_ctr[3]                           ; 2       ;
; reset_ctr[8]                           ; 2       ;
; reset_ctr[9]                           ; 2       ;
; Total number of inverted registers = 7 ;         ;
+----------------------------------------+---------+


+-------------------------------------------------------------------------------------------------------------------------------------------------------------+
; Multiplexer Restructuring Statistics (Restructuring Performed)                                                                                              ;
+--------------------+-----------+---------------+----------------------+------------------------+------------+-----------------------------------------------+
; Multiplexer Inputs ; Bus Width ; Baseline Area ; Area if Restructured ; Saving if Restructured ; Registered ; Example Multiplexer Output                    ;
+--------------------+-----------+---------------+----------------------+------------------------+------------+-----------------------------------------------+
; 3:1                ; 8 bits    ; 16 LEs        ; 8 LEs                ; 8 LEs                  ; Yes        ; |top|wb_gpio:U_GPIO|io_o[2]                   ;
; 3:1                ; 2 bits    ; 4 LEs         ; 2 LEs                ; 2 LEs                  ; Yes        ; |top|cpu:U_CPU|pc[1]                          ;
; 3:1                ; 32 bits   ; 64 LEs        ; 32 LEs               ; 32 LEs                 ; Yes        ; |top|cpu:U_CPU|regfile:U_REGFILE|regs[1][27]  ;
; 3:1                ; 32 bits   ; 64 LEs        ; 32 LEs               ; 32 LEs                 ; Yes        ; |top|cpu:U_CPU|regfile:U_REGFILE|regs[2][23]  ;
; 3:1                ; 32 bits   ; 64 LEs        ; 32 LEs               ; 32 LEs                 ; Yes        ; |top|cpu:U_CPU|regfile:U_REGFILE|regs[3][23]  ;
; 3:1                ; 32 bits   ; 64 LEs        ; 32 LEs               ; 32 LEs                 ; Yes        ; |top|cpu:U_CPU|regfile:U_REGFILE|regs[4][23]  ;
; 3:1                ; 32 bits   ; 64 LEs        ; 32 LEs               ; 32 LEs                 ; Yes        ; |top|cpu:U_CPU|regfile:U_REGFILE|regs[5][23]  ;
; 3:1                ; 32 bits   ; 64 LEs        ; 32 LEs               ; 32 LEs                 ; Yes        ; |top|cpu:U_CPU|regfile:U_REGFILE|regs[6][23]  ;
; 3:1                ; 32 bits   ; 64 LEs        ; 32 LEs               ; 32 LEs                 ; Yes        ; |top|cpu:U_CPU|regfile:U_REGFILE|regs[7][23]  ;
; 3:1                ; 32 bits   ; 64 LEs        ; 32 LEs               ; 32 LEs                 ; Yes        ; |top|cpu:U_CPU|regfile:U_REGFILE|regs[8][23]  ;
; 3:1                ; 32 bits   ; 64 LEs        ; 32 LEs               ; 32 LEs                 ; Yes        ; |top|cpu:U_CPU|regfile:U_REGFILE|regs[9][23]  ;
; 3:1                ; 32 bits   ; 64 LEs        ; 32 LEs               ; 32 LEs                 ; Yes        ; |top|cpu:U_CPU|regfile:U_REGFILE|regs[10][23] ;
; 3:1                ; 32 bits   ; 64 LEs        ; 32 LEs               ; 32 LEs                 ; Yes        ; |top|cpu:U_CPU|regfile:U_REGFILE|regs[11][28] ;
; 3:1                ; 32 bits   ; 64 LEs        ; 32 LEs               ; 32 LEs                 ; Yes        ; |top|cpu:U_CPU|regfile:U_REGFILE|regs[12][22] ;
; 3:1                ; 32 bits   ; 64 LEs        ; 32 LEs               ; 32 LEs                 ; Yes        ; |top|cpu:U_CPU|regfile:U_REGFILE|regs[13][13] ;
; 3:1                ; 32 bits   ; 64 LEs        ; 32 LEs               ; 32 LEs                 ; Yes        ; |top|cpu:U_CPU|regfile:U_REGFILE|regs[14][8]  ;
; 3:1                ; 32 bits   ; 64 LEs        ; 32 LEs               ; 32 LEs                 ; Yes        ; |top|cpu:U_CPU|regfile:U_REGFILE|regs[15][14] ;
; 3:1                ; 32 bits   ; 64 LEs        ; 32 LEs               ; 32 LEs                 ; Yes        ; |top|cpu:U_CPU|regfile:U_REGFILE|regs[16][6]  ;
; 3:1                ; 32 bits   ; 64 LEs        ; 32 LEs               ; 32 LEs                 ; Yes        ; |top|cpu:U_CPU|regfile:U_REGFILE|regs[17][6]  ;
; 3:1                ; 32 bits   ; 64 LEs        ; 32 LEs               ; 32 LEs                 ; Yes        ; |top|cpu:U_CPU|regfile:U_REGFILE|regs[18][22] ;
; 3:1                ; 32 bits   ; 64 LEs        ; 32 LEs               ; 32 LEs                 ; Yes        ; |top|cpu:U_CPU|regfile:U_REGFILE|regs[19][19] ;
; 3:1                ; 32 bits   ; 64 LEs        ; 32 LEs               ; 32 LEs                 ; Yes        ; |top|cpu:U_CPU|regfile:U_REGFILE|regs[20][12] ;
; 3:1                ; 32 bits   ; 64 LEs        ; 32 LEs               ; 32 LEs                 ; Yes        ; |top|cpu:U_CPU|regfile:U_REGFILE|regs[21][24] ;
; 3:1                ; 32 bits   ; 64 LEs        ; 32 LEs               ; 32 LEs                 ; Yes        ; |top|cpu:U_CPU|regfile:U_REGFILE|regs[22][1]  ;
; 3:1                ; 32 bits   ; 64 LEs        ; 32 LEs               ; 32 LEs                 ; Yes        ; |top|cpu:U_CPU|regfile:U_REGFILE|regs[23][1]  ;
; 3:1                ; 32 bits   ; 64 LEs        ; 32 LEs               ; 32 LEs                 ; Yes        ; |top|cpu:U_CPU|regfile:U_REGFILE|regs[24][1]  ;
; 3:1                ; 32 bits   ; 64 LEs        ; 32 LEs               ; 32 LEs                 ; Yes        ; |top|cpu:U_CPU|regfile:U_REGFILE|regs[25][8]  ;
; 3:1                ; 32 bits   ; 64 LEs        ; 32 LEs               ; 32 LEs                 ; Yes        ; |top|cpu:U_CPU|regfile:U_REGFILE|regs[26][8]  ;
; 3:1                ; 32 bits   ; 64 LEs        ; 32 LEs               ; 32 LEs                 ; Yes        ; |top|cpu:U_CPU|regfile:U_REGFILE|regs[27][8]  ;
; 3:1                ; 32 bits   ; 64 LEs        ; 32 LEs               ; 32 LEs                 ; Yes        ; |top|cpu:U_CPU|regfile:U_REGFILE|regs[28][11] ;
; 3:1                ; 32 bits   ; 64 LEs        ; 32 LEs               ; 32 LEs                 ; Yes        ; |top|cpu:U_CPU|regfile:U_REGFILE|regs[29][8]  ;
; 3:1                ; 32 bits   ; 64 LEs        ; 32 LEs               ; 32 LEs                 ; Yes        ; |top|cpu:U_CPU|regfile:U_REGFILE|regs[30][16] ;
; 3:1                ; 32 bits   ; 64 LEs        ; 32 LEs               ; 32 LEs                 ; Yes        ; |top|cpu:U_CPU|regfile:U_REGFILE|regs[31][5]  ;
; 3:1                ; 32 bits   ; 64 LEs        ; 32 LEs               ; 32 LEs                 ; Yes        ; |top|wb_gpio:U_GPIO|io_t[16]                  ;
; 3:1                ; 25 bits   ; 50 LEs        ; 25 LEs               ; 25 LEs                 ; Yes        ; |top|reset_ctr[11]                            ;
; 4:1                ; 30 bits   ; 60 LEs        ; 60 LEs               ; 0 LEs                  ; Yes        ; |top|cpu:U_CPU|pc[24]                         ;
; 4:1                ; 7 bits    ; 14 LEs        ; 14 LEs               ; 0 LEs                  ; Yes        ; |top|cpu:U_CPU|lsu:U_LSU|ldout[14]            ;
; 4:1                ; 32 bits   ; 64 LEs        ; 32 LEs               ; 32 LEs                 ; Yes        ; |top|wb_gpio:U_GPIO|s_dout[28]                ;
; 32:1               ; 3 bits    ; 63 LEs        ; 3 LEs                ; 60 LEs                 ; Yes        ; |top|cpu:U_CPU|decode:U_DECODE|alu_op[1]      ;
; 7:1                ; 8 bits    ; 32 LEs        ; 16 LEs               ; 16 LEs                 ; Yes        ; |top|cpu:U_CPU|lsu:U_LSU|ldout[5]             ;
; 32:1               ; 32 bits   ; 672 LEs       ; 672 LEs              ; 0 LEs                  ; Yes        ; |top|cpu:U_CPU|regfile:U_REGFILE|rs1_dout[22] ;
; 32:1               ; 32 bits   ; 672 LEs       ; 672 LEs              ; 0 LEs                  ; Yes        ; |top|cpu:U_CPU|regfile:U_REGFILE|rs2_dout[26] ;
; 6:1                ; 4 bits    ; 16 LEs        ; 8 LEs                ; 8 LEs                  ; Yes        ; |top|cpu:U_CPU|lsu:U_LSU|sstrb[1]             ;
; 3:1                ; 6 bits    ; 12 LEs        ; 6 LEs                ; 6 LEs                  ; Yes        ; |top|reset_ctr[9]                             ;
; 3:1                ; 32 bits   ; 64 LEs        ; 64 LEs               ; 0 LEs                  ; No         ; |top|cpu:U_CPU|Mux25                          ;
; 5:1                ; 6 bits    ; 18 LEs        ; 12 LEs               ; 6 LEs                  ; No         ; |top|cpu:U_CPU|alu_y[8]                       ;
; 5:1                ; 11 bits   ; 33 LEs        ; 22 LEs               ; 11 LEs                 ; No         ; |top|cpu:U_CPU|alu_y[27]                      ;
; 5:1                ; 8 bits    ; 24 LEs        ; 16 LEs               ; 8 LEs                  ; No         ; |top|cpu:U_CPU|alu_y[14]                      ;
; 7:1                ; 2 bits    ; 8 LEs         ; 6 LEs                ; 2 LEs                  ; No         ; |top|cpu:U_CPU|state                          ;
; 6:1                ; 4 bits    ; 16 LEs        ; 8 LEs                ; 8 LEs                  ; No         ; |top|cpu:U_CPU|alu_y[1]                       ;
; 13:1               ; 7 bits    ; 56 LEs        ; 42 LEs               ; 14 LEs                 ; No         ; |top|cpu:U_CPU|alu:U_ALU|Mux23                ;
; 14:1               ; 7 bits    ; 63 LEs        ; 42 LEs               ; 21 LEs                 ; No         ; |top|cpu:U_CPU|alu:U_ALU|Mux14                ;
; 14:1               ; 4 bits    ; 36 LEs        ; 32 LEs               ; 4 LEs                  ; No         ; |top|cpu:U_CPU|alu:U_ALU|Mux26                ;
; 15:1               ; 4 bits    ; 40 LEs        ; 28 LEs               ; 12 LEs                 ; No         ; |top|cpu:U_CPU|alu:U_ALU|Mux7                 ;
; 15:1               ; 2 bits    ; 20 LEs        ; 16 LEs               ; 4 LEs                  ; No         ; |top|cpu:U_CPU|alu:U_ALU|Mux28                ;
; 16:1               ; 2 bits    ; 20 LEs        ; 16 LEs               ; 4 LEs                  ; No         ; |top|cpu:U_CPU|alu:U_ALU|Mux2                 ;
+--------------------+-----------+---------------+----------------------+------------------------+------------+-----------------------------------------------+


+----------------------------------------------------------------------------------------------------+
; Source assignments for wb_mem:U_MEM|altsyncram:altsyncram_component|altsyncram_n0v3:auto_generated ;
+---------------------------------+--------------------+------+--------------------------------------+
; Assignment                      ; Value              ; From ; To                                   ;
+---------------------------------+--------------------+------+--------------------------------------+
; OPTIMIZE_POWER_DURING_SYNTHESIS ; NORMAL_COMPILATION ; -    ; -                                    ;
+---------------------------------+--------------------+------+--------------------------------------+


+----------------------------------------------------------------------------------+
; Parameter Settings for User Entity Instance: pll1:U_PLL1|altpll:altpll_component ;
+-------------------------------+------------------------+-------------------------+
; Parameter Name                ; Value                  ; Type                    ;
+-------------------------------+------------------------+-------------------------+
; OPERATION_MODE                ; NORMAL                 ; Untyped                 ;
; PLL_TYPE                      ; AUTO                   ; Untyped                 ;
; LPM_HINT                      ; CBX_MODULE_PREFIX=pll1 ; Untyped                 ;
; QUALIFY_CONF_DONE             ; OFF                    ; Untyped                 ;
; COMPENSATE_CLOCK              ; CLK0                   ; Untyped                 ;
; SCAN_CHAIN                    ; LONG                   ; Untyped                 ;
; PRIMARY_CLOCK                 ; INCLK0                 ; Untyped                 ;
; INCLK0_INPUT_FREQUENCY        ; 83333                  ; Signed Integer          ;
; INCLK1_INPUT_FREQUENCY        ; 0                      ; Untyped                 ;
; GATE_LOCK_SIGNAL              ; NO                     ; Untyped                 ;
; GATE_LOCK_COUNTER             ; 0                      ; Untyped                 ;
; LOCK_HIGH                     ; 1                      ; Untyped                 ;
; LOCK_LOW                      ; 1                      ; Untyped                 ;
; VALID_LOCK_MULTIPLIER         ; 1                      ; Untyped                 ;
; INVALID_LOCK_MULTIPLIER       ; 5                      ; Untyped                 ;
; SWITCH_OVER_ON_LOSSCLK        ; OFF                    ; Untyped                 ;
; SWITCH_OVER_ON_GATED_LOCK     ; OFF                    ; Untyped                 ;
; ENABLE_SWITCH_OVER_COUNTER    ; OFF                    ; Untyped                 ;
; SKIP_VCO                      ; OFF                    ; Untyped                 ;
; SWITCH_OVER_COUNTER           ; 0                      ; Untyped                 ;
; SWITCH_OVER_TYPE              ; AUTO                   ; Untyped                 ;
; FEEDBACK_SOURCE               ; EXTCLK0                ; Untyped                 ;
; BANDWIDTH                     ; 0                      ; Untyped                 ;
; BANDWIDTH_TYPE                ; AUTO                   ; Untyped                 ;
; SPREAD_FREQUENCY              ; 0                      ; Untyped                 ;
; DOWN_SPREAD                   ; 0                      ; Untyped                 ;
; SELF_RESET_ON_GATED_LOSS_LOCK ; OFF                    ; Untyped                 ;
; SELF_RESET_ON_LOSS_LOCK       ; OFF                    ; Untyped                 ;
; CLK9_MULTIPLY_BY              ; 0                      ; Untyped                 ;
; CLK8_MULTIPLY_BY              ; 0                      ; Untyped                 ;
; CLK7_MULTIPLY_BY              ; 0                      ; Untyped                 ;
; CLK6_MULTIPLY_BY              ; 0                      ; Untyped                 ;
; CLK5_MULTIPLY_BY              ; 1                      ; Untyped                 ;
; CLK4_MULTIPLY_BY              ; 1                      ; Untyped                 ;
; CLK3_MULTIPLY_BY              ; 1                      ; Untyped                 ;
; CLK2_MULTIPLY_BY              ; 1                      ; Untyped                 ;
; CLK1_MULTIPLY_BY              ; 25                     ; Signed Integer          ;
; CLK0_MULTIPLY_BY              ; 25                     ; Signed Integer          ;
; CLK9_DIVIDE_BY                ; 0                      ; Untyped                 ;
; CLK8_DIVIDE_BY                ; 0                      ; Untyped                 ;
; CLK7_DIVIDE_BY                ; 0                      ; Untyped                 ;
; CLK6_DIVIDE_BY                ; 0                      ; Untyped                 ;
; CLK5_DIVIDE_BY                ; 1                      ; Untyped                 ;
; CLK4_DIVIDE_BY                ; 1                      ; Untyped                 ;
; CLK3_DIVIDE_BY                ; 1                      ; Untyped                 ;
; CLK2_DIVIDE_BY                ; 1                      ; Untyped                 ;
; CLK1_DIVIDE_BY                ; 3                      ; Signed Integer          ;
; CLK0_DIVIDE_BY                ; 6                      ; Signed Integer          ;
; CLK9_PHASE_SHIFT              ; 0                      ; Untyped                 ;
; CLK8_PHASE_SHIFT              ; 0                      ; Untyped                 ;
; CLK7_PHASE_SHIFT              ; 0                      ; Untyped                 ;
; CLK6_PHASE_SHIFT              ; 0                      ; Untyped                 ;
; CLK5_PHASE_SHIFT              ; 0                      ; Untyped                 ;
; CLK4_PHASE_SHIFT              ; 0                      ; Untyped                 ;
; CLK3_PHASE_SHIFT              ; 0                      ; Untyped                 ;
; CLK2_PHASE_SHIFT              ; 0                      ; Untyped                 ;
; CLK1_PHASE_SHIFT              ; 7500                   ; Untyped                 ;
; CLK0_PHASE_SHIFT              ; 0                      ; Untyped                 ;
; CLK5_TIME_DELAY               ; 0                      ; Untyped                 ;
; CLK4_TIME_DELAY               ; 0                      ; Untyped                 ;
; CLK3_TIME_DELAY               ; 0                      ; Untyped                 ;
; CLK2_TIME_DELAY               ; 0                      ; Untyped                 ;
; CLK1_TIME_DELAY               ; 0                      ; Untyped                 ;
; CLK0_TIME_DELAY               ; 0                      ; Untyped                 ;
; CLK9_DUTY_CYCLE               ; 50                     ; Untyped                 ;
; CLK8_DUTY_CYCLE               ; 50                     ; Untyped                 ;
; CLK7_DUTY_CYCLE               ; 50                     ; Untyped                 ;
; CLK6_DUTY_CYCLE               ; 50                     ; Untyped                 ;
; CLK5_DUTY_CYCLE               ; 50                     ; Untyped                 ;
; CLK4_DUTY_CYCLE               ; 50                     ; Untyped                 ;
; CLK3_DUTY_CYCLE               ; 50                     ; Untyped                 ;
; CLK2_DUTY_CYCLE               ; 50                     ; Untyped                 ;
; CLK1_DUTY_CYCLE               ; 50                     ; Signed Integer          ;
; CLK0_DUTY_CYCLE               ; 50                     ; Signed Integer          ;
; CLK9_USE_EVEN_COUNTER_MODE    ; OFF                    ; Untyped                 ;
; CLK8_USE_EVEN_COUNTER_MODE    ; OFF                    ; Untyped                 ;
; CLK7_USE_EVEN_COUNTER_MODE    ; OFF                    ; Untyped                 ;
; CLK6_USE_EVEN_COUNTER_MODE    ; OFF                    ; Untyped                 ;
; CLK5_USE_EVEN_COUNTER_MODE    ; OFF                    ; Untyped                 ;
; CLK4_USE_EVEN_COUNTER_MODE    ; OFF                    ; Untyped                 ;
; CLK3_USE_EVEN_COUNTER_MODE    ; OFF                    ; Untyped                 ;
; CLK2_USE_EVEN_COUNTER_MODE    ; OFF                    ; Untyped                 ;
; CLK1_USE_EVEN_COUNTER_MODE    ; OFF                    ; Untyped                 ;
; CLK0_USE_EVEN_COUNTER_MODE    ; OFF                    ; Untyped                 ;
; CLK9_USE_EVEN_COUNTER_VALUE   ; OFF                    ; Untyped                 ;
; CLK8_USE_EVEN_COUNTER_VALUE   ; OFF                    ; Untyped                 ;
; CLK7_USE_EVEN_COUNTER_VALUE   ; OFF                    ; Untyped                 ;
; CLK6_USE_EVEN_COUNTER_VALUE   ; OFF                    ; Untyped                 ;
; CLK5_USE_EVEN_COUNTER_VALUE   ; OFF                    ; Untyped                 ;
; CLK4_USE_EVEN_COUNTER_VALUE   ; OFF                    ; Untyped                 ;
; CLK3_USE_EVEN_COUNTER_VALUE   ; OFF                    ; Untyped                 ;
; CLK2_USE_EVEN_COUNTER_VALUE   ; OFF                    ; Untyped                 ;
; CLK1_USE_EVEN_COUNTER_VALUE   ; OFF                    ; Untyped                 ;
; CLK0_USE_EVEN_COUNTER_VALUE   ; OFF                    ; Untyped                 ;
; LOCK_WINDOW_UI                ;  0.05                  ; Untyped                 ;
; LOCK_WINDOW_UI_BITS           ; UNUSED                 ; Untyped                 ;
; VCO_RANGE_DETECTOR_LOW_BITS   ; UNUSED                 ; Untyped                 ;
; VCO_RANGE_DETECTOR_HIGH_BITS  ; UNUSED                 ; Untyped                 ;
; DPA_MULTIPLY_BY               ; 0                      ; Untyped                 ;
; DPA_DIVIDE_BY                 ; 1                      ; Untyped                 ;
; DPA_DIVIDER                   ; 0                      ; Untyped                 ;
; EXTCLK3_MULTIPLY_BY           ; 1                      ; Untyped                 ;
; EXTCLK2_MULTIPLY_BY           ; 1                      ; Untyped                 ;
; EXTCLK1_MULTIPLY_BY           ; 1                      ; Untyped                 ;
; EXTCLK0_MULTIPLY_BY           ; 1                      ; Untyped                 ;
; EXTCLK3_DIVIDE_BY             ; 1                      ; Untyped                 ;
; EXTCLK2_DIVIDE_BY             ; 1                      ; Untyped                 ;
; EXTCLK1_DIVIDE_BY             ; 1                      ; Untyped                 ;
; EXTCLK0_DIVIDE_BY             ; 1                      ; Untyped                 ;
; EXTCLK3_PHASE_SHIFT           ; 0                      ; Untyped                 ;
; EXTCLK2_PHASE_SHIFT           ; 0                      ; Untyped                 ;
; EXTCLK1_PHASE_SHIFT           ; 0                      ; Untyped                 ;
; EXTCLK0_PHASE_SHIFT           ; 0                      ; Untyped                 ;
; EXTCLK3_TIME_DELAY            ; 0                      ; Untyped                 ;
; EXTCLK2_TIME_DELAY            ; 0                      ; Untyped                 ;
; EXTCLK1_TIME_DELAY            ; 0                      ; Untyped                 ;
; EXTCLK0_TIME_DELAY            ; 0                      ; Untyped                 ;
; EXTCLK3_DUTY_CYCLE            ; 50                     ; Untyped                 ;
; EXTCLK2_DUTY_CYCLE            ; 50                     ; Untyped                 ;
; EXTCLK1_DUTY_CYCLE            ; 50                     ; Untyped                 ;
; EXTCLK0_DUTY_CYCLE            ; 50                     ; Untyped                 ;
; VCO_MULTIPLY_BY               ; 0                      ; Untyped                 ;
; VCO_DIVIDE_BY                 ; 0                      ; Untyped                 ;
; SCLKOUT0_PHASE_SHIFT          ; 0                      ; Untyped                 ;
; SCLKOUT1_PHASE_SHIFT          ; 0                      ; Untyped                 ;
; VCO_MIN                       ; 0                      ; Untyped                 ;
; VCO_MAX                       ; 0                      ; Untyped                 ;
; VCO_CENTER                    ; 0                      ; Untyped                 ;
; PFD_MIN                       ; 0                      ; Untyped                 ;
; PFD_MAX                       ; 0                      ; Untyped                 ;
; M_INITIAL                     ; 0                      ; Untyped                 ;
; M                             ; 0                      ; Untyped                 ;
; N                             ; 1                      ; Untyped                 ;
; M2                            ; 1                      ; Untyped                 ;
; N2                            ; 1                      ; Untyped                 ;
; SS                            ; 1                      ; Untyped                 ;
; C0_HIGH                       ; 0                      ; Untyped                 ;
; C1_HIGH                       ; 0                      ; Untyped                 ;
; C2_HIGH                       ; 0                      ; Untyped                 ;
; C3_HIGH                       ; 0                      ; Untyped                 ;
; C4_HIGH                       ; 0                      ; Untyped                 ;
; C5_HIGH                       ; 0                      ; Untyped                 ;
; C6_HIGH                       ; 0                      ; Untyped                 ;
; C7_HIGH                       ; 0                      ; Untyped                 ;
; C8_HIGH                       ; 0                      ; Untyped                 ;
; C9_HIGH                       ; 0                      ; Untyped                 ;
; C0_LOW                        ; 0                      ; Untyped                 ;
; C1_LOW                        ; 0                      ; Untyped                 ;
; C2_LOW                        ; 0                      ; Untyped                 ;
; C3_LOW                        ; 0                      ; Untyped                 ;
; C4_LOW                        ; 0                      ; Untyped                 ;
; C5_LOW                        ; 0                      ; Untyped                 ;
; C6_LOW                        ; 0                      ; Untyped                 ;
; C7_LOW                        ; 0                      ; Untyped                 ;
; C8_LOW                        ; 0                      ; Untyped                 ;
; C9_LOW                        ; 0                      ; Untyped                 ;
; C0_INITIAL                    ; 0                      ; Untyped                 ;
; C1_INITIAL                    ; 0                      ; Untyped                 ;
; C2_INITIAL                    ; 0                      ; Untyped                 ;
; C3_INITIAL                    ; 0                      ; Untyped                 ;
; C4_INITIAL                    ; 0                      ; Untyped                 ;
; C5_INITIAL                    ; 0                      ; Untyped                 ;
; C6_INITIAL                    ; 0                      ; Untyped                 ;
; C7_INITIAL                    ; 0                      ; Untyped                 ;
; C8_INITIAL                    ; 0                      ; Untyped                 ;
; C9_INITIAL                    ; 0                      ; Untyped                 ;
; C0_MODE                       ; BYPASS                 ; Untyped                 ;
; C1_MODE                       ; BYPASS                 ; Untyped                 ;
; C2_MODE                       ; BYPASS                 ; Untyped                 ;
; C3_MODE                       ; BYPASS                 ; Untyped                 ;
; C4_MODE                       ; BYPASS                 ; Untyped                 ;
; C5_MODE                       ; BYPASS                 ; Untyped                 ;
; C6_MODE                       ; BYPASS                 ; Untyped                 ;
; C7_MODE                       ; BYPASS                 ; Untyped                 ;
; C8_MODE                       ; BYPASS                 ; Untyped                 ;
; C9_MODE                       ; BYPASS                 ; Untyped                 ;
; C0_PH                         ; 0                      ; Untyped                 ;
; C1_PH                         ; 0                      ; Untyped                 ;
; C2_PH                         ; 0                      ; Untyped                 ;
; C3_PH                         ; 0                      ; Untyped                 ;
; C4_PH                         ; 0                      ; Untyped                 ;
; C5_PH                         ; 0                      ; Untyped                 ;
; C6_PH                         ; 0                      ; Untyped                 ;
; C7_PH                         ; 0                      ; Untyped                 ;
; C8_PH                         ; 0                      ; Untyped                 ;
; C9_PH                         ; 0                      ; Untyped                 ;
; L0_HIGH                       ; 1                      ; Untyped                 ;
; L1_HIGH                       ; 1                      ; Untyped                 ;
; G0_HIGH                       ; 1                      ; Untyped                 ;
; G1_HIGH                       ; 1                      ; Untyped                 ;
; G2_HIGH                       ; 1                      ; Untyped                 ;
; G3_HIGH                       ; 1                      ; Untyped                 ;
; E0_HIGH                       ; 1                      ; Untyped                 ;
; E1_HIGH                       ; 1                      ; Untyped                 ;
; E2_HIGH                       ; 1                      ; Untyped                 ;
; E3_HIGH                       ; 1                      ; Untyped                 ;
; L0_LOW                        ; 1                      ; Untyped                 ;
; L1_LOW                        ; 1                      ; Untyped                 ;
; G0_LOW                        ; 1                      ; Untyped                 ;
; G1_LOW                        ; 1                      ; Untyped                 ;
; G2_LOW                        ; 1                      ; Untyped                 ;
; G3_LOW                        ; 1                      ; Untyped                 ;
; E0_LOW                        ; 1                      ; Untyped                 ;
; E1_LOW                        ; 1                      ; Untyped                 ;
; E2_LOW                        ; 1                      ; Untyped                 ;
; E3_LOW                        ; 1                      ; Untyped                 ;
; L0_INITIAL                    ; 1                      ; Untyped                 ;
; L1_INITIAL                    ; 1                      ; Untyped                 ;
; G0_INITIAL                    ; 1                      ; Untyped                 ;
; G1_INITIAL                    ; 1                      ; Untyped                 ;
; G2_INITIAL                    ; 1                      ; Untyped                 ;
; G3_INITIAL                    ; 1                      ; Untyped                 ;
; E0_INITIAL                    ; 1                      ; Untyped                 ;
; E1_INITIAL                    ; 1                      ; Untyped                 ;
; E2_INITIAL                    ; 1                      ; Untyped                 ;
; E3_INITIAL                    ; 1                      ; Untyped                 ;
; L0_MODE                       ; BYPASS                 ; Untyped                 ;
; L1_MODE                       ; BYPASS                 ; Untyped                 ;
; G0_MODE                       ; BYPASS                 ; Untyped                 ;
; G1_MODE                       ; BYPASS                 ; Untyped                 ;
; G2_MODE                       ; BYPASS                 ; Untyped                 ;
; G3_MODE                       ; BYPASS                 ; Untyped                 ;
; E0_MODE                       ; BYPASS                 ; Untyped                 ;
; E1_MODE                       ; BYPASS                 ; Untyped                 ;
; E2_MODE                       ; BYPASS                 ; Untyped                 ;
; E3_MODE                       ; BYPASS                 ; Untyped                 ;
; L0_PH                         ; 0                      ; Untyped                 ;
; L1_PH                         ; 0                      ; Untyped                 ;
; G0_PH                         ; 0                      ; Untyped                 ;
; G1_PH                         ; 0                      ; Untyped                 ;
; G2_PH                         ; 0                      ; Untyped                 ;
; G3_PH                         ; 0                      ; Untyped                 ;
; E0_PH                         ; 0                      ; Untyped                 ;
; E1_PH                         ; 0                      ; Untyped                 ;
; E2_PH                         ; 0                      ; Untyped                 ;
; E3_PH                         ; 0                      ; Untyped                 ;
; M_PH                          ; 0                      ; Untyped                 ;
; C1_USE_CASC_IN                ; OFF                    ; Untyped                 ;
; C2_USE_CASC_IN                ; OFF                    ; Untyped                 ;
; C3_USE_CASC_IN                ; OFF                    ; Untyped                 ;
; C4_USE_CASC_IN                ; OFF                    ; Untyped                 ;
; C5_USE_CASC_IN                ; OFF                    ; Untyped                 ;
; C6_USE_CASC_IN                ; OFF                    ; Untyped                 ;
; C7_USE_CASC_IN                ; OFF                    ; Untyped                 ;
; C8_USE_CASC_IN                ; OFF                    ; Untyped                 ;
; C9_USE_CASC_IN                ; OFF                    ; Untyped                 ;
; CLK0_COUNTER                  ; G0                     ; Untyped                 ;
; CLK1_COUNTER                  ; G0                     ; Untyped                 ;
; CLK2_COUNTER                  ; G0                     ; Untyped                 ;
; CLK3_COUNTER                  ; G0                     ; Untyped                 ;
; CLK4_COUNTER                  ; G0                     ; Untyped                 ;
; CLK5_COUNTER                  ; G0                     ; Untyped                 ;
; CLK6_COUNTER                  ; E0                     ; Untyped                 ;
; CLK7_COUNTER                  ; E1                     ; Untyped                 ;
; CLK8_COUNTER                  ; E2                     ; Untyped                 ;
; CLK9_COUNTER                  ; E3                     ; Untyped                 ;
; L0_TIME_DELAY                 ; 0                      ; Untyped                 ;
; L1_TIME_DELAY                 ; 0                      ; Untyped                 ;
; G0_TIME_DELAY                 ; 0                      ; Untyped                 ;
; G1_TIME_DELAY                 ; 0                      ; Untyped                 ;
; G2_TIME_DELAY                 ; 0                      ; Untyped                 ;
; G3_TIME_DELAY                 ; 0                      ; Untyped                 ;
; E0_TIME_DELAY                 ; 0                      ; Untyped                 ;
; E1_TIME_DELAY                 ; 0                      ; Untyped                 ;
; E2_TIME_DELAY                 ; 0                      ; Untyped                 ;
; E3_TIME_DELAY                 ; 0                      ; Untyped                 ;
; M_TIME_DELAY                  ; 0                      ; Untyped                 ;
; N_TIME_DELAY                  ; 0                      ; Untyped                 ;
; EXTCLK3_COUNTER               ; E3                     ; Untyped                 ;
; EXTCLK2_COUNTER               ; E2                     ; Untyped                 ;
; EXTCLK1_COUNTER               ; E1                     ; Untyped                 ;
; EXTCLK0_COUNTER               ; E0                     ; Untyped                 ;
; ENABLE0_COUNTER               ; L0                     ; Untyped                 ;
; ENABLE1_COUNTER               ; L0                     ; Untyped                 ;
; CHARGE_PUMP_CURRENT           ; 2                      ; Untyped                 ;
; LOOP_FILTER_R                 ;  1.000000              ; Untyped                 ;
; LOOP_FILTER_C                 ; 5                      ; Untyped                 ;
; CHARGE_PUMP_CURRENT_BITS      ; 9999                   ; Untyped                 ;
; LOOP_FILTER_R_BITS            ; 9999                   ; Untyped                 ;
; LOOP_FILTER_C_BITS            ; 9999                   ; Untyped                 ;
; VCO_POST_SCALE                ; 0                      ; Untyped                 ;
; CLK2_OUTPUT_FREQUENCY         ; 0                      ; Untyped                 ;
; CLK1_OUTPUT_FREQUENCY         ; 0                      ; Untyped                 ;
; CLK0_OUTPUT_FREQUENCY         ; 0                      ; Untyped                 ;
; INTENDED_DEVICE_FAMILY        ; MAX 10                 ; Untyped                 ;
; PORT_CLKENA0                  ; PORT_UNUSED            ; Untyped                 ;
; PORT_CLKENA1                  ; PORT_UNUSED            ; Untyped                 ;
; PORT_CLKENA2                  ; PORT_UNUSED            ; Untyped                 ;
; PORT_CLKENA3                  ; PORT_UNUSED            ; Untyped                 ;
; PORT_CLKENA4                  ; PORT_UNUSED            ; Untyped                 ;
; PORT_CLKENA5                  ; PORT_UNUSED            ; Untyped                 ;
; PORT_EXTCLKENA0               ; PORT_CONNECTIVITY      ; Untyped                 ;
; PORT_EXTCLKENA1               ; PORT_CONNECTIVITY      ; Untyped                 ;
; PORT_EXTCLKENA2               ; PORT_CONNECTIVITY      ; Untyped                 ;
; PORT_EXTCLKENA3               ; PORT_CONNECTIVITY      ; Untyped                 ;
; PORT_EXTCLK0                  ; PORT_UNUSED            ; Untyped                 ;
; PORT_EXTCLK1                  ; PORT_UNUSED            ; Untyped                 ;
; PORT_EXTCLK2                  ; PORT_UNUSED            ; Untyped                 ;
; PORT_EXTCLK3                  ; PORT_UNUSED            ; Untyped                 ;
; PORT_CLKBAD0                  ; PORT_UNUSED            ; Untyped                 ;
; PORT_CLKBAD1                  ; PORT_UNUSED            ; Untyped                 ;
; PORT_CLK0                     ; PORT_USED              ; Untyped                 ;
; PORT_CLK1                     ; PORT_USED              ; Untyped                 ;
; PORT_CLK2                     ; PORT_UNUSED            ; Untyped                 ;
; PORT_CLK3                     ; PORT_UNUSED            ; Untyped                 ;
; PORT_CLK4                     ; PORT_UNUSED            ; Untyped                 ;
; PORT_CLK5                     ; PORT_UNUSED            ; Untyped                 ;
; PORT_CLK6                     ; PORT_UNUSED            ; Untyped                 ;
; PORT_CLK7                     ; PORT_UNUSED            ; Untyped                 ;
; PORT_CLK8                     ; PORT_UNUSED            ; Untyped                 ;
; PORT_CLK9                     ; PORT_UNUSED            ; Untyped                 ;
; PORT_SCANDATA                 ; PORT_UNUSED            ; Untyped                 ;
; PORT_SCANDATAOUT              ; PORT_UNUSED            ; Untyped                 ;
; PORT_SCANDONE                 ; PORT_UNUSED            ; Untyped                 ;
; PORT_SCLKOUT1                 ; PORT_CONNECTIVITY      ; Untyped                 ;
; PORT_SCLKOUT0                 ; PORT_CONNECTIVITY      ; Untyped                 ;
; PORT_ACTIVECLOCK              ; PORT_UNUSED            ; Untyped                 ;
; PORT_CLKLOSS                  ; PORT_UNUSED            ; Untyped                 ;
; PORT_INCLK1                   ; PORT_UNUSED            ; Untyped                 ;
; PORT_INCLK0                   ; PORT_USED              ; Untyped                 ;
; PORT_FBIN                     ; PORT_UNUSED            ; Untyped                 ;
; PORT_PLLENA                   ; PORT_UNUSED            ; Untyped                 ;
; PORT_CLKSWITCH                ; PORT_UNUSED            ; Untyped                 ;
; PORT_ARESET                   ; PORT_UNUSED            ; Untyped                 ;
; PORT_PFDENA                   ; PORT_UNUSED            ; Untyped                 ;
; PORT_SCANCLK                  ; PORT_UNUSED            ; Untyped                 ;
; PORT_SCANACLR                 ; PORT_UNUSED            ; Untyped                 ;
; PORT_SCANREAD                 ; PORT_UNUSED            ; Untyped                 ;
; PORT_SCANWRITE                ; PORT_UNUSED            ; Untyped                 ;
; PORT_ENABLE0                  ; PORT_CONNECTIVITY      ; Untyped                 ;
; PORT_ENABLE1                  ; PORT_CONNECTIVITY      ; Untyped                 ;
; PORT_LOCKED                   ; PORT_USED              ; Untyped                 ;
; PORT_CONFIGUPDATE             ; PORT_UNUSED            ; Untyped                 ;
; PORT_FBOUT                    ; PORT_CONNECTIVITY      ; Untyped                 ;
; PORT_PHASEDONE                ; PORT_UNUSED            ; Untyped                 ;
; PORT_PHASESTEP                ; PORT_UNUSED            ; Untyped                 ;
; PORT_PHASEUPDOWN              ; PORT_UNUSED            ; Untyped                 ;
; PORT_SCANCLKENA               ; PORT_UNUSED            ; Untyped                 ;
; PORT_PHASECOUNTERSELECT       ; PORT_UNUSED            ; Untyped                 ;
; PORT_VCOOVERRANGE             ; PORT_CONNECTIVITY      ; Untyped                 ;
; PORT_VCOUNDERRANGE            ; PORT_CONNECTIVITY      ; Untyped                 ;
; M_TEST_SOURCE                 ; 5                      ; Untyped                 ;
; C0_TEST_SOURCE                ; 5                      ; Untyped                 ;
; C1_TEST_SOURCE                ; 5                      ; Untyped                 ;
; C2_TEST_SOURCE                ; 5                      ; Untyped                 ;
; C3_TEST_SOURCE                ; 5                      ; Untyped                 ;
; C4_TEST_SOURCE                ; 5                      ; Untyped                 ;
; C5_TEST_SOURCE                ; 5                      ; Untyped                 ;
; C6_TEST_SOURCE                ; 5                      ; Untyped                 ;
; C7_TEST_SOURCE                ; 5                      ; Untyped                 ;
; C8_TEST_SOURCE                ; 5                      ; Untyped                 ;
; C9_TEST_SOURCE                ; 5                      ; Untyped                 ;
; CBXI_PARAMETER                ; pll1_altpll            ; Untyped                 ;
; VCO_FREQUENCY_CONTROL         ; AUTO                   ; Untyped                 ;
; VCO_PHASE_SHIFT_STEP          ; 0                      ; Untyped                 ;
; WIDTH_CLOCK                   ; 5                      ; Signed Integer          ;
; WIDTH_PHASECOUNTERSELECT      ; 4                      ; Untyped                 ;
; USING_FBMIMICBIDIR_PORT       ; OFF                    ; Untyped                 ;
; DEVICE_FAMILY                 ; MAX 10                 ; Untyped                 ;
; SCAN_CHAIN_MIF_FILE           ; UNUSED                 ; Untyped                 ;
; SIM_GATE_LOCK_DEVICE_BEHAVIOR ; OFF                    ; Untyped                 ;
; AUTO_CARRY_CHAINS             ; ON                     ; AUTO_CARRY              ;
; IGNORE_CARRY_BUFFERS          ; OFF                    ; IGNORE_CARRY            ;
; AUTO_CASCADE_CHAINS           ; ON                     ; AUTO_CASCADE            ;
; IGNORE_CASCADE_BUFFERS        ; OFF                    ; IGNORE_CASCADE          ;
+-------------------------------+------------------------+-------------------------+
Note: In order to hide this table in the UI and the text report file, please set the "Show Parameter Settings in Synthesis Report" option in "Analysis and Synthesis Settings -> More Settings" to "Off".


+---------------------------------------------------------------------+
; Parameter Settings for User Entity Instance: cpu:U_CPU              ;
+----------------+----------------------------------+-----------------+
; Parameter Name ; Value                            ; Type            ;
+----------------+----------------------------------+-----------------+
; g_reset_vec    ; 00000000000000000000000000000000 ; Unsigned Binary ;
+----------------+----------------------------------+-----------------+
Note: In order to hide this table in the UI and the text report file, please set the "Show Parameter Settings in Synthesis Report" option in "Analysis and Synthesis Settings -> More Settings" to "Off".


+-------------------------------------------------------------------------+
; Parameter Settings for User Entity Instance: wb_mem:U_MEM               ;
+----------------+-----------------------------------------------+--------+
; Parameter Name ; Value                                         ; Type   ;
+----------------+-----------------------------------------------+--------+
; g_init_file    ; D:\\Files\\max1k\\max1k-cpu\\tb\\sw\\main.mif ; String ;
+----------------+-----------------------------------------------+--------+
Note: In order to hide this table in the UI and the text report file, please set the "Show Parameter Settings in Synthesis Report" option in "Analysis and Synthesis Settings -> More Settings" to "Off".


+-----------------------------------------------------------------------------------------------------+
; Parameter Settings for User Entity Instance: wb_mem:U_MEM|altsyncram:altsyncram_component           ;
+------------------------------------+-----------------------------------------------+----------------+
; Parameter Name                     ; Value                                         ; Type           ;
+------------------------------------+-----------------------------------------------+----------------+
; BYTE_SIZE_BLOCK                    ; 8                                             ; Untyped        ;
; AUTO_CARRY_CHAINS                  ; ON                                            ; AUTO_CARRY     ;
; IGNORE_CARRY_BUFFERS               ; OFF                                           ; IGNORE_CARRY   ;
; AUTO_CASCADE_CHAINS                ; ON                                            ; AUTO_CASCADE   ;
; IGNORE_CASCADE_BUFFERS             ; OFF                                           ; IGNORE_CASCADE ;
; WIDTH_BYTEENA                      ; 1                                             ; Untyped        ;
; OPERATION_MODE                     ; SINGLE_PORT                                   ; Untyped        ;
; WIDTH_A                            ; 32                                            ; Signed Integer ;
; WIDTHAD_A                          ; 12                                            ; Signed Integer ;
; NUMWORDS_A                         ; 4096                                          ; Signed Integer ;
; OUTDATA_REG_A                      ; CLOCK0                                        ; Untyped        ;
; ADDRESS_ACLR_A                     ; NONE                                          ; Untyped        ;
; OUTDATA_ACLR_A                     ; NONE                                          ; Untyped        ;
; WRCONTROL_ACLR_A                   ; NONE                                          ; Untyped        ;
; INDATA_ACLR_A                      ; NONE                                          ; Untyped        ;
; BYTEENA_ACLR_A                     ; NONE                                          ; Untyped        ;
; WIDTH_B                            ; 1                                             ; Signed Integer ;
; WIDTHAD_B                          ; 1                                             ; Signed Integer ;
; NUMWORDS_B                         ; 0                                             ; Signed Integer ;
; INDATA_REG_B                       ; CLOCK1                                        ; Untyped        ;
; WRCONTROL_WRADDRESS_REG_B          ; CLOCK1                                        ; Untyped        ;
; RDCONTROL_REG_B                    ; CLOCK1                                        ; Untyped        ;
; ADDRESS_REG_B                      ; CLOCK1                                        ; Untyped        ;
; OUTDATA_REG_B                      ; UNREGISTERED                                  ; Untyped        ;
; BYTEENA_REG_B                      ; CLOCK1                                        ; Untyped        ;
; INDATA_ACLR_B                      ; NONE                                          ; Untyped        ;
; WRCONTROL_ACLR_B                   ; NONE                                          ; Untyped        ;
; ADDRESS_ACLR_B                     ; NONE                                          ; Untyped        ;
; OUTDATA_ACLR_B                     ; NONE                                          ; Untyped        ;
; RDCONTROL_ACLR_B                   ; NONE                                          ; Untyped        ;
; BYTEENA_ACLR_B                     ; NONE                                          ; Untyped        ;
; WIDTH_BYTEENA_A                    ; 4                                             ; Signed Integer ;
; WIDTH_BYTEENA_B                    ; 1                                             ; Signed Integer ;
; RAM_BLOCK_TYPE                     ; AUTO                                          ; Untyped        ;
; BYTE_SIZE                          ; 8                                             ; Signed Integer ;
; READ_DURING_WRITE_MODE_MIXED_PORTS ; DONT_CARE                                     ; Untyped        ;
; READ_DURING_WRITE_MODE_PORT_A      ; NEW_DATA_NO_NBE_READ                          ; Untyped        ;
; READ_DURING_WRITE_MODE_PORT_B      ; NEW_DATA_NO_NBE_READ                          ; Untyped        ;
; INIT_FILE                          ; D:\\Files\\max1k\\max1k-cpu\\tb\\sw\\main.mif ; Untyped        ;
; INIT_FILE_LAYOUT                   ; PORT_A                                        ; Untyped        ;
; MAXIMUM_DEPTH                      ; 0                                             ; Signed Integer ;
; CLOCK_ENABLE_INPUT_A               ; BYPASS                                        ; Untyped        ;
; CLOCK_ENABLE_INPUT_B               ; NORMAL                                        ; Untyped        ;
; CLOCK_ENABLE_OUTPUT_A              ; BYPASS                                        ; Untyped        ;
; CLOCK_ENABLE_OUTPUT_B              ; NORMAL                                        ; Untyped        ;
; CLOCK_ENABLE_CORE_A                ; USE_INPUT_CLKEN                               ; Untyped        ;
; CLOCK_ENABLE_CORE_B                ; USE_INPUT_CLKEN                               ; Untyped        ;
; ENABLE_ECC                         ; FALSE                                         ; Untyped        ;
; ECC_PIPELINE_STAGE_ENABLED         ; FALSE                                         ; Untyped        ;
; WIDTH_ECCSTATUS                    ; 3                                             ; Signed Integer ;
; DEVICE_FAMILY                      ; MAX 10                                        ; Untyped        ;
; CBXI_PARAMETER                     ; altsyncram_n0v3                               ; Untyped        ;
+------------------------------------+-----------------------------------------------+----------------+
Note: In order to hide this table in the UI and the text report file, please set the "Show Parameter Settings in Synthesis Report" option in "Analysis and Synthesis Settings -> More Settings" to "Off".


+---------------------------------------------------------------------+
; altpll Parameter Settings by Entity Instance                        ;
+-------------------------------+-------------------------------------+
; Name                          ; Value                               ;
+-------------------------------+-------------------------------------+
; Number of entity instances    ; 1                                   ;
; Entity Instance               ; pll1:U_PLL1|altpll:altpll_component ;
;     -- OPERATION_MODE         ; NORMAL                              ;
;     -- PLL_TYPE               ; AUTO                                ;
;     -- PRIMARY_CLOCK          ; INCLK0                              ;
;     -- INCLK0_INPUT_FREQUENCY ; 83333                               ;
;     -- INCLK1_INPUT_FREQUENCY ; 0                                   ;
;     -- VCO_MULTIPLY_BY        ; 0                                   ;
;     -- VCO_DIVIDE_BY          ; 0                                   ;
+-------------------------------+-------------------------------------+


+------------------------------------------------------------------------------------------+
; altsyncram Parameter Settings by Entity Instance                                         ;
+-------------------------------------------+----------------------------------------------+
; Name                                      ; Value                                        ;
+-------------------------------------------+----------------------------------------------+
; Number of entity instances                ; 1                                            ;
; Entity Instance                           ; wb_mem:U_MEM|altsyncram:altsyncram_component ;
;     -- OPERATION_MODE                     ; SINGLE_PORT                                  ;
;     -- WIDTH_A                            ; 32                                           ;
;     -- NUMWORDS_A                         ; 4096                                         ;
;     -- OUTDATA_REG_A                      ; CLOCK0                                       ;
;     -- WIDTH_B                            ; 1                                            ;
;     -- NUMWORDS_B                         ; 0                                            ;
;     -- ADDRESS_REG_B                      ; CLOCK1                                       ;
;     -- OUTDATA_REG_B                      ; UNREGISTERED                                 ;
;     -- RAM_BLOCK_TYPE                     ; AUTO                                         ;
;     -- READ_DURING_WRITE_MODE_MIXED_PORTS ; DONT_CARE                                    ;
+-------------------------------------------+----------------------------------------------+


+-----------------------------------------------------------------------------------------------------------------------+
; Port Connectivity Checks: "wb_gpio:U_GPIO"                                                                            ;
+-------------+--------+----------+-------------------------------------------------------------------------------------+
; Port        ; Type   ; Severity ; Details                                                                             ;
+-------------+--------+----------+-------------------------------------------------------------------------------------+
; io_o[31..8] ; Output ; Info     ; Connected to dangling logic. Logic that only feeds a dangling port will be removed. ;
; io_t        ; Output ; Info     ; Connected to dangling logic. Logic that only feeds a dangling port will be removed. ;
+-------------+--------+----------+-------------------------------------------------------------------------------------+


+-------------------------------------------------+
; Port Connectivity Checks: "wb_mux_2to2:U_WBMUX" ;
+--------+-------+----------+---------------------+
; Port   ; Type  ; Severity ; Details             ;
+--------+-------+----------+---------------------+
; s0_we  ; Input ; Info     ; Stuck at GND        ;
; s0_sel ; Input ; Info     ; Stuck at GND        ;
; s0_din ; Input ; Info     ; Stuck at GND        ;
+--------+-------+----------+---------------------+


+----------------------------------------------------------------------------------------------------------------+
; Port Connectivity Checks: "pll1:U_PLL1"                                                                        ;
+------+--------+----------+-------------------------------------------------------------------------------------+
; Port ; Type   ; Severity ; Details                                                                             ;
+------+--------+----------+-------------------------------------------------------------------------------------+
; c1   ; Output ; Info     ; Connected to dangling logic. Logic that only feeds a dangling port will be removed. ;
+------+--------+----------+-------------------------------------------------------------------------------------+


+-----------------------------------------------------+
; Post-Synthesis Netlist Statistics for Top Partition ;
+-----------------------+-----------------------------+
; Type                  ; Count                       ;
+-----------------------+-----------------------------+
; boundary_port         ; 50                          ;
; cycloneiii_ff         ; 1421                        ;
;     ENA               ; 1239                        ;
;     ENA SCLR          ; 30                          ;
;     ENA SLD           ; 6                           ;
;     SCLR              ; 6                           ;
;     SLD               ; 17                          ;
;     plain             ; 123                         ;
; cycloneiii_io_obuf    ; 16                          ;
; cycloneiii_lcell_comb ; 2714                        ;
;     arith             ; 153                         ;
;         2 data inputs ; 60                          ;
;         3 data inputs ; 93                          ;
;     normal            ; 2561                        ;
;         0 data inputs ; 1                           ;
;         1 data inputs ; 4                           ;
;         2 data inputs ; 156                         ;
;         3 data inputs ; 454                         ;
;         4 data inputs ; 1946                        ;
; cycloneiii_pll        ; 1                           ;
; cycloneiii_ram_block  ; 32                          ;
;                       ;                             ;
; Max LUT depth         ; 15.10                       ;
; Average LUT depth     ; 6.67                        ;
+-----------------------+-----------------------------+


+-------------------------------+
; Elapsed Time Per Partition    ;
+----------------+--------------+
; Partition Name ; Elapsed Time ;
+----------------+--------------+
; Top            ; 00:00:06     ;
+----------------+--------------+


+-------------------------------+
; Analysis & Synthesis Messages ;
+-------------------------------+
Info: *******************************************************************
Info: Running Quartus Prime Analysis & Synthesis
    Info: Version 25.1std.0 Build 1129 10/21/2025 Patches 0.02std SC Lite Edition
    Info: Processing started: Mon Aug  3 21:36:43 2026
Info: Command: quartus_map --read_settings_files=on --write_settings_files=off max1k-cpu -c project_template
Warning (18236): Number of processors has not been specified which may cause overloading on shared machines.  Set the global assignment NUM_PARALLEL_PROCESSORS in your QSF to an appropriate value for best performance.
Info (20030): Parallel compilation is enabled and will use 6 of the 6 processors detected
Info (12021): Found 2 design units, including 1 entities, in source file src/pll1.vhd
    Info (12022): Found design unit 1: pll1-SYN File: D:/Files/max1k/max1k-cpu/src/pll1.vhd Line: 54
    Info (12023): Found entity 1: pll1 File: D:/Files/max1k/max1k-cpu/src/pll1.vhd Line: 43
Info (12021): Found 2 design units, including 1 entities, in source file src/wb/wb_mux_2to2.vhd
    Info (12022): Found design unit 1: wb_mux_2to2-rtl File: D:/Files/max1k/max1k-cpu/src/wb/wb_mux_2to2.vhd Line: 49
    Info (12023): Found entity 1: wb_mux_2to2 File: D:/Files/max1k/max1k-cpu/src/wb/wb_mux_2to2.vhd Line: 6
Info (12021): Found 2 design units, including 1 entities, in source file src/periph/wb_mem.vhd
    Info (12022): Found design unit 1: wb_mem-rtl File: D:/Files/max1k/max1k-cpu/src/periph/wb_mem.vhd Line: 27
    Info (12023): Found entity 1: wb_mem File: D:/Files/max1k/max1k-cpu/src/periph/wb_mem.vhd Line: 9
Info (12021): Found 2 design units, including 1 entities, in source file src/periph/wb_gpio.vhd
    Info (12022): Found design unit 1: wb_gpio-rtl File: D:/Files/max1k/max1k-cpu/src/periph/wb_gpio.vhd Line: 26
    Info (12023): Found entity 1: wb_gpio File: D:/Files/max1k/max1k-cpu/src/periph/wb_gpio.vhd Line: 6
Info (12021): Found 2 design units, including 1 entities, in source file src/wb/wb_regslice.vhd
    Info (12022): Found design unit 1: wb_regslice-rtl File: D:/Files/max1k/max1k-cpu/src/wb/wb_regslice.vhd Line: 31
    Info (12023): Found entity 1: wb_regslice File: D:/Files/max1k/max1k-cpu/src/wb/wb_regslice.vhd Line: 6
Info (12021): Found 2 design units, including 1 entities, in source file src/wb/wb_mux_2to1.vhd
    Info (12022): Found design unit 1: wb_mux_2to1-rtl File: D:/Files/max1k/max1k-cpu/src/wb/wb_mux_2to1.vhd Line: 40
    Info (12023): Found entity 1: wb_mux_2to1 File: D:/Files/max1k/max1k-cpu/src/wb/wb_mux_2to1.vhd Line: 6
Info (12021): Found 2 design units, including 1 entities, in source file src/wb/wb_mux_1to2.vhd
    Info (12022): Found design unit 1: wb_mux_1to2-rtl File: D:/Files/max1k/max1k-cpu/src/wb/wb_mux_1to2.vhd Line: 42
    Info (12023): Found entity 1: wb_mux_1to2 File: D:/Files/max1k/max1k-cpu/src/wb/wb_mux_1to2.vhd Line: 6
Info (12021): Found 2 design units, including 1 entities, in source file src/cpu/regfile.vhd
    Info (12022): Found design unit 1: regfile-rtl File: D:/Files/max1k/max1k-cpu/src/cpu/regfile.vhd Line: 23
    Info (12023): Found entity 1: regfile File: D:/Files/max1k/max1k-cpu/src/cpu/regfile.vhd Line: 6
Info (12021): Found 2 design units, including 1 entities, in source file src/cpu/lsu.vhd
    Info (12022): Found design unit 1: lsu-rtl File: D:/Files/max1k/max1k-cpu/src/cpu/lsu.vhd Line: 24
    Info (12023): Found entity 1: lsu File: D:/Files/max1k/max1k-cpu/src/cpu/lsu.vhd Line: 8
Info (12021): Found 2 design units, including 1 entities, in source file src/cpu/immext.vhd
    Info (12022): Found design unit 1: immext-rtl File: D:/Files/max1k/max1k-cpu/src/cpu/immext.vhd Line: 17
    Info (12023): Found entity 1: immext File: D:/Files/max1k/max1k-cpu/src/cpu/immext.vhd Line: 8
Info (12021): Found 2 design units, including 1 entities, in source file src/cpu/decode.vhd
    Info (12022): Found design unit 1: decode-rtl File: D:/Files/max1k/max1k-cpu/src/cpu/decode.vhd Line: 33
    Info (12023): Found entity 1: decode File: D:/Files/max1k/max1k-cpu/src/cpu/decode.vhd Line: 8
Info (12021): Found 1 design units, including 0 entities, in source file src/cpu/cpu_pkg.vhd
    Info (12022): Found design unit 1: cpu_pkg File: D:/Files/max1k/max1k-cpu/src/cpu/cpu_pkg.vhd Line: 6
Info (12021): Found 2 design units, including 1 entities, in source file src/cpu/cpu.vhd
    Info (12022): Found design unit 1: cpu-rtl File: D:/Files/max1k/max1k-cpu/src/cpu/cpu.vhd Line: 35
    Info (12023): Found entity 1: cpu File: D:/Files/max1k/max1k-cpu/src/cpu/cpu.vhd Line: 8
Info (12021): Found 2 design units, including 1 entities, in source file src/cpu/bcond.vhd
    Info (12022): Found design unit 1: bcond-rtl File: D:/Files/max1k/max1k-cpu/src/cpu/bcond.vhd Line: 20
    Info (12023): Found entity 1: bcond File: D:/Files/max1k/max1k-cpu/src/cpu/bcond.vhd Line: 8
Info (12021): Found 2 design units, including 1 entities, in source file src/cpu/alu.vhd
    Info (12022): Found design unit 1: alu-rtl File: D:/Files/max1k/max1k-cpu/src/cpu/alu.vhd Line: 19
    Info (12023): Found entity 1: alu File: D:/Files/max1k/max1k-cpu/src/cpu/alu.vhd Line: 8
Info (12021): Found 2 design units, including 1 entities, in source file src/sdram_ctl.vhd
    Info (12022): Found design unit 1: sdram_ctl-rtl File: D:/Files/max1k/max1k-cpu/src/sdram_ctl.vhd Line: 36
    Info (12023): Found entity 1: sdram_ctl File: D:/Files/max1k/max1k-cpu/src/sdram_ctl.vhd Line: 6
Info (12021): Found 2 design units, including 1 entities, in source file src/uart_tx.vhd
    Info (12022): Found design unit 1: uart_tx-rtl File: D:/Files/max1k/max1k-cpu/src/uart_tx.vhd Line: 22
    Info (12023): Found entity 1: uart_tx File: D:/Files/max1k/max1k-cpu/src/uart_tx.vhd Line: 6
Info (12021): Found 2 design units, including 1 entities, in source file src/uart_rx.vhd
    Info (12022): Found design unit 1: uart_rx-rtl File: D:/Files/max1k/max1k-cpu/src/uart_rx.vhd Line: 22
    Info (12023): Found entity 1: uart_rx File: D:/Files/max1k/max1k-cpu/src/uart_rx.vhd Line: 6
Info (12021): Found 2 design units, including 1 entities, in source file src/top.vhd
    Info (12022): Found design unit 1: top-rtl File: D:/Files/max1k/max1k-cpu/src/top.vhd Line: 26
    Info (12023): Found entity 1: top File: D:/Files/max1k/max1k-cpu/src/top.vhd Line: 6
Info (12127): Elaborating entity "top" for the top level hierarchy
Warning (10541): VHDL Signal Declaration warning at top.vhd(11): used implicit default value for signal "SDRAM_A" because signal was never assigned a value or an explicit default value. Use of implicit default value may introduce unintended design optimizations. File: D:/Files/max1k/max1k-cpu/src/top.vhd Line: 11
Warning (10541): VHDL Signal Declaration warning at top.vhd(12): used implicit default value for signal "SDRAM_BA" because signal was never assigned a value or an explicit default value. Use of implicit default value may introduce unintended design optimizations. File: D:/Files/max1k/max1k-cpu/src/top.vhd Line: 12
Warning (10541): VHDL Signal Declaration warning at top.vhd(13): used implicit default value for signal "SDRAM_CLK" because signal was never assigned a value or an explicit default value. Use of implicit default value may introduce unintended design optimizations. File: D:/Files/max1k/max1k-cpu/src/top.vhd Line: 13
Warning (10541): VHDL Signal Declaration warning at top.vhd(14): used implicit default value for signal "SDRAM_CKE" because signal was never assigned a value or an explicit default value. Use of implicit default value may introduce unintended design optimizations. File: D:/Files/max1k/max1k-cpu/src/top.vhd Line: 14
Warning (10541): VHDL Signal Declaration warning at top.vhd(15): used implicit default value for signal "SDRAM_CAS" because signal was never assigned a value or an explicit default value. Use of implicit default value may introduce unintended design optimizations. File: D:/Files/max1k/max1k-cpu/src/top.vhd Line: 15
Warning (10541): VHDL Signal Declaration warning at top.vhd(16): used implicit default value for signal "SDRAM_CS" because signal was never assigned a value or an explicit default value. Use of implicit default value may introduce unintended design optimizations. File: D:/Files/max1k/max1k-cpu/src/top.vhd Line: 16
Warning (10541): VHDL Signal Declaration warning at top.vhd(17): used implicit default value for signal "SDRAM_RAS" because signal was never assigned a value or an explicit default value. Use of implicit default value may introduce unintended design optimizations. File: D:/Files/max1k/max1k-cpu/src/top.vhd Line: 17
Warning (10541): VHDL Signal Declaration warning at top.vhd(18): used implicit default value for signal "SDRAM_WE" because signal was never assigned a value or an explicit default value. Use of implicit default value may introduce unintended design optimizations. File: D:/Files/max1k/max1k-cpu/src/top.vhd Line: 18
Warning (10541): VHDL Signal Declaration warning at top.vhd(19): used implicit default value for signal "SDRAM_DQM" because signal was never assigned a value or an explicit default value. Use of implicit default value may introduce unintended design optimizations. File: D:/Files/max1k/max1k-cpu/src/top.vhd Line: 19
Warning (10541): VHDL Signal Declaration warning at top.vhd(21): used implicit default value for signal "FT2232H_RX" because signal was never assigned a value or an explicit default value. Use of implicit default value may introduce unintended design optimizations. File: D:/Files/max1k/max1k-cpu/src/top.vhd Line: 21
Warning (10541): VHDL Signal Declaration warning at top.vhd(79): used implicit default value for signal "io_i" because signal was never assigned a value or an explicit default value. Use of implicit default value may introduce unintended design optimizations. File: D:/Files/max1k/max1k-cpu/src/top.vhd Line: 79
Warning (10036): Verilog HDL or VHDL warning at top.vhd(81): object "io_t" assigned a value but never read File: D:/Files/max1k/max1k-cpu/src/top.vhd Line: 81
Info (12128): Elaborating entity "pll1" for hierarchy "pll1:U_PLL1" File: D:/Files/max1k/max1k-cpu/src/top.vhd Line: 86
Info (12128): Elaborating entity "altpll" for hierarchy "pll1:U_PLL1|altpll:altpll_component" File: D:/Files/max1k/max1k-cpu/src/pll1.vhd Line: 147
Info (12130): Elaborated megafunction instantiation "pll1:U_PLL1|altpll:altpll_component" File: D:/Files/max1k/max1k-cpu/src/pll1.vhd Line: 147
Info (12133): Instantiated megafunction "pll1:U_PLL1|altpll:altpll_component" with the following parameter: File: D:/Files/max1k/max1k-cpu/src/pll1.vhd Line: 147
    Info (12134): Parameter "bandwidth_type" = "AUTO"
    Info (12134): Parameter "clk0_divide_by" = "6"
    Info (12134): Parameter "clk0_duty_cycle" = "50"
    Info (12134): Parameter "clk0_multiply_by" = "25"
    Info (12134): Parameter "clk0_phase_shift" = "0"
    Info (12134): Parameter "clk1_divide_by" = "3"
    Info (12134): Parameter "clk1_duty_cycle" = "50"
    Info (12134): Parameter "clk1_multiply_by" = "25"
    Info (12134): Parameter "clk1_phase_shift" = "7500"
    Info (12134): Parameter "compensate_clock" = "CLK0"
    Info (12134): Parameter "inclk0_input_frequency" = "83333"
    Info (12134): Parameter "intended_device_family" = "MAX 10"
    Info (12134): Parameter "lpm_hint" = "CBX_MODULE_PREFIX=pll1"
    Info (12134): Parameter "lpm_type" = "altpll"
    Info (12134): Parameter "operation_mode" = "NORMAL"
    Info (12134): Parameter "pll_type" = "AUTO"
    Info (12134): Parameter "port_activeclock" = "PORT_UNUSED"
    Info (12134): Parameter "port_areset" = "PORT_UNUSED"
    Info (12134): Parameter "port_clkbad0" = "PORT_UNUSED"
    Info (12134): Parameter "port_clkbad1" = "PORT_UNUSED"
    Info (12134): Parameter "port_clkloss" = "PORT_UNUSED"
    Info (12134): Parameter "port_clkswitch" = "PORT_UNUSED"
    Info (12134): Parameter "port_configupdate" = "PORT_UNUSED"
    Info (12134): Parameter "port_fbin" = "PORT_UNUSED"
    Info (12134): Parameter "port_inclk0" = "PORT_USED"
    Info (12134): Parameter "port_inclk1" = "PORT_UNUSED"
    Info (12134): Parameter "port_locked" = "PORT_USED"
    Info (12134): Parameter "port_pfdena" = "PORT_UNUSED"
    Info (12134): Parameter "port_phasecounterselect" = "PORT_UNUSED"
    Info (12134): Parameter "port_phasedone" = "PORT_UNUSED"
    Info (12134): Parameter "port_phasestep" = "PORT_UNUSED"
    Info (12134): Parameter "port_phaseupdown" = "PORT_UNUSED"
    Info (12134): Parameter "port_pllena" = "PORT_UNUSED"
    Info (12134): Parameter "port_scanaclr" = "PORT_UNUSED"
    Info (12134): Parameter "port_scanclk" = "PORT_UNUSED"
    Info (12134): Parameter "port_scanclkena" = "PORT_UNUSED"
    Info (12134): Parameter "port_scandata" = "PORT_UNUSED"
    Info (12134): Parameter "port_scandataout" = "PORT_UNUSED"
    Info (12134): Parameter "port_scandone" = "PORT_UNUSED"
    Info (12134): Parameter "port_scanread" = "PORT_UNUSED"
    Info (12134): Parameter "port_scanwrite" = "PORT_UNUSED"
    Info (12134): Parameter "port_clk0" = "PORT_USED"
    Info (12134): Parameter "port_clk1" = "PORT_USED"
    Info (12134): Parameter "port_clk2" = "PORT_UNUSED"
    Info (12134): Parameter "port_clk3" = "PORT_UNUSED"
    Info (12134): Parameter "port_clk4" = "PORT_UNUSED"
    Info (12134): Parameter "port_clk5" = "PORT_UNUSED"
    Info (12134): Parameter "port_clkena0" = "PORT_UNUSED"
    Info (12134): Parameter "port_clkena1" = "PORT_UNUSED"
    Info (12134): Parameter "port_clkena2" = "PORT_UNUSED"
    Info (12134): Parameter "port_clkena3" = "PORT_UNUSED"
    Info (12134): Parameter "port_clkena4" = "PORT_UNUSED"
    Info (12134): Parameter "port_clkena5" = "PORT_UNUSED"
    Info (12134): Parameter "port_extclk0" = "PORT_UNUSED"
    Info (12134): Parameter "port_extclk1" = "PORT_UNUSED"
    Info (12134): Parameter "port_extclk2" = "PORT_UNUSED"
    Info (12134): Parameter "port_extclk3" = "PORT_UNUSED"
    Info (12134): Parameter "self_reset_on_loss_lock" = "OFF"
    Info (12134): Parameter "width_clock" = "5"
Info (12021): Found 1 design units, including 1 entities, in source file db/pll1_altpll.v
    Info (12023): Found entity 1: pll1_altpll File: D:/Files/max1k/max1k-cpu/db/pll1_altpll.v Line: 30
Info (12128): Elaborating entity "pll1_altpll" for hierarchy "pll1:U_PLL1|altpll:altpll_component|pll1_altpll:auto_generated" File: c:/altera_lite/25.1std/quartus/libraries/megafunctions/altpll.tdf Line: 898
Info (12128): Elaborating entity "cpu" for hierarchy "cpu:U_CPU" File: D:/Files/max1k/max1k-cpu/src/top.vhd Line: 111
Info (12128): Elaborating entity "decode" for hierarchy "cpu:U_CPU|decode:U_DECODE" File: D:/Files/max1k/max1k-cpu/src/cpu/cpu.vhd Line: 104
Info (12128): Elaborating entity "immext" for hierarchy "cpu:U_CPU|immext:U_IMMEXT" File: D:/Files/max1k/max1k-cpu/src/cpu/cpu.vhd Line: 127
Info (12128): Elaborating entity "regfile" for hierarchy "cpu:U_CPU|regfile:U_REGFILE" File: D:/Files/max1k/max1k-cpu/src/cpu/cpu.vhd Line: 152
Info (12128): Elaborating entity "bcond" for hierarchy "cpu:U_CPU|bcond:U_BCOND" File: D:/Files/max1k/max1k-cpu/src/cpu/cpu.vhd Line: 167
Info (12128): Elaborating entity "alu" for hierarchy "cpu:U_CPU|alu:U_ALU" File: D:/Files/max1k/max1k-cpu/src/cpu/cpu.vhd Line: 216
Info (12128): Elaborating entity "lsu" for hierarchy "cpu:U_CPU|lsu:U_LSU" File: D:/Files/max1k/max1k-cpu/src/cpu/cpu.vhd Line: 227
Info (12128): Elaborating entity "wb_mux_2to2" for hierarchy "wb_mux_2to2:U_WBMUX" File: D:/Files/max1k/max1k-cpu/src/top.vhd Line: 136
Info (12128): Elaborating entity "wb_mux_2to1" for hierarchy "wb_mux_2to2:U_WBMUX|wb_mux_2to1:U_INGRESS" File: D:/Files/max1k/max1k-cpu/src/wb/wb_mux_2to2.vhd Line: 71
Warning (10492): VHDL Process Statement warning at wb_mux_2to1.vhd(50): signal "s1_cyc" is read inside the Process Statement but isn't in the Process Statement's sensitivity list File: D:/Files/max1k/max1k-cpu/src/wb/wb_mux_2to1.vhd Line: 50
Warning (10492): VHDL Process Statement warning at wb_mux_2to1.vhd(50): signal "s0_cyc" is read inside the Process Statement but isn't in the Process Statement's sensitivity list File: D:/Files/max1k/max1k-cpu/src/wb/wb_mux_2to1.vhd Line: 50
Warning (10492): VHDL Process Statement warning at wb_mux_2to1.vhd(59): signal "toggle" is read inside the Process Statement but isn't in the Process Statement's sensitivity list File: D:/Files/max1k/max1k-cpu/src/wb/wb_mux_2to1.vhd Line: 59
Warning (10492): VHDL Process Statement warning at wb_mux_2to1.vhd(64): signal "sel" is read inside the Process Statement but isn't in the Process Statement's sensitivity list File: D:/Files/max1k/max1k-cpu/src/wb/wb_mux_2to1.vhd Line: 64
Warning (10492): VHDL Process Statement warning at wb_mux_2to1.vhd(65): signal "s0_cyc" is read inside the Process Statement but isn't in the Process Statement's sensitivity list File: D:/Files/max1k/max1k-cpu/src/wb/wb_mux_2to1.vhd Line: 65
Warning (10492): VHDL Process Statement warning at wb_mux_2to1.vhd(66): signal "s0_stb" is read inside the Process Statement but isn't in the Process Statement's sensitivity list File: D:/Files/max1k/max1k-cpu/src/wb/wb_mux_2to1.vhd Line: 66
Warning (10492): VHDL Process Statement warning at wb_mux_2to1.vhd(67): signal "s0_adr" is read inside the Process Statement but isn't in the Process Statement's sensitivity list File: D:/Files/max1k/max1k-cpu/src/wb/wb_mux_2to1.vhd Line: 67
Warning (10492): VHDL Process Statement warning at wb_mux_2to1.vhd(68): signal "s0_we" is read inside the Process Statement but isn't in the Process Statement's sensitivity list File: D:/Files/max1k/max1k-cpu/src/wb/wb_mux_2to1.vhd Line: 68
Warning (10492): VHDL Process Statement warning at wb_mux_2to1.vhd(69): signal "s0_sel" is read inside the Process Statement but isn't in the Process Statement's sensitivity list File: D:/Files/max1k/max1k-cpu/src/wb/wb_mux_2to1.vhd Line: 69
Warning (10492): VHDL Process Statement warning at wb_mux_2to1.vhd(70): signal "s0_din" is read inside the Process Statement but isn't in the Process Statement's sensitivity list File: D:/Files/max1k/max1k-cpu/src/wb/wb_mux_2to1.vhd Line: 70
Warning (10492): VHDL Process Statement warning at wb_mux_2to1.vhd(72): signal "s1_cyc" is read inside the Process Statement but isn't in the Process Statement's sensitivity list File: D:/Files/max1k/max1k-cpu/src/wb/wb_mux_2to1.vhd Line: 72
Warning (10492): VHDL Process Statement warning at wb_mux_2to1.vhd(73): signal "s1_stb" is read inside the Process Statement but isn't in the Process Statement's sensitivity list File: D:/Files/max1k/max1k-cpu/src/wb/wb_mux_2to1.vhd Line: 73
Warning (10492): VHDL Process Statement warning at wb_mux_2to1.vhd(74): signal "s1_adr" is read inside the Process Statement but isn't in the Process Statement's sensitivity list File: D:/Files/max1k/max1k-cpu/src/wb/wb_mux_2to1.vhd Line: 74
Warning (10492): VHDL Process Statement warning at wb_mux_2to1.vhd(75): signal "s1_we" is read inside the Process Statement but isn't in the Process Statement's sensitivity list File: D:/Files/max1k/max1k-cpu/src/wb/wb_mux_2to1.vhd Line: 75
Warning (10492): VHDL Process Statement warning at wb_mux_2to1.vhd(76): signal "s1_sel" is read inside the Process Statement but isn't in the Process Statement's sensitivity list File: D:/Files/max1k/max1k-cpu/src/wb/wb_mux_2to1.vhd Line: 76
Warning (10492): VHDL Process Statement warning at wb_mux_2to1.vhd(77): signal "s1_din" is read inside the Process Statement but isn't in the Process Statement's sensitivity list File: D:/Files/max1k/max1k-cpu/src/wb/wb_mux_2to1.vhd Line: 77
Warning (10492): VHDL Process Statement warning at wb_mux_2to1.vhd(80): signal "m_din" is read inside the Process Statement but isn't in the Process Statement's sensitivity list File: D:/Files/max1k/max1k-cpu/src/wb/wb_mux_2to1.vhd Line: 80
Warning (10492): VHDL Process Statement warning at wb_mux_2to1.vhd(81): signal "m_din" is read inside the Process Statement but isn't in the Process Statement's sensitivity list File: D:/Files/max1k/max1k-cpu/src/wb/wb_mux_2to1.vhd Line: 81
Warning (10492): VHDL Process Statement warning at wb_mux_2to1.vhd(83): signal "sel" is read inside the Process Statement but isn't in the Process Statement's sensitivity list File: D:/Files/max1k/max1k-cpu/src/wb/wb_mux_2to1.vhd Line: 83
Warning (10492): VHDL Process Statement warning at wb_mux_2to1.vhd(83): signal "m_ack" is read inside the Process Statement but isn't in the Process Statement's sensitivity list File: D:/Files/max1k/max1k-cpu/src/wb/wb_mux_2to1.vhd Line: 83
Warning (10492): VHDL Process Statement warning at wb_mux_2to1.vhd(84): signal "sel" is read inside the Process Statement but isn't in the Process Statement's sensitivity list File: D:/Files/max1k/max1k-cpu/src/wb/wb_mux_2to1.vhd Line: 84
Warning (10492): VHDL Process Statement warning at wb_mux_2to1.vhd(84): signal "m_ack" is read inside the Process Statement but isn't in the Process Statement's sensitivity list File: D:/Files/max1k/max1k-cpu/src/wb/wb_mux_2to1.vhd Line: 84
Info (12128): Elaborating entity "wb_regslice" for hierarchy "wb_mux_2to2:U_WBMUX|wb_regslice:U_REGSLICE" File: D:/Files/max1k/max1k-cpu/src/wb/wb_mux_2to2.vhd Line: 105
Info (12128): Elaborating entity "wb_mux_1to2" for hierarchy "wb_mux_2to2:U_WBMUX|wb_mux_1to2:U_EGRESS" File: D:/Files/max1k/max1k-cpu/src/wb/wb_mux_2to2.vhd Line: 130
Info (12128): Elaborating entity "wb_mem" for hierarchy "wb_mem:U_MEM" File: D:/Files/max1k/max1k-cpu/src/top.vhd Line: 179
Info (12128): Elaborating entity "altsyncram" for hierarchy "wb_mem:U_MEM|altsyncram:altsyncram_component" File: D:/Files/max1k/max1k-cpu/src/periph/wb_mem.vhd Line: 31
Info (12130): Elaborated megafunction instantiation "wb_mem:U_MEM|altsyncram:altsyncram_component" File: D:/Files/max1k/max1k-cpu/src/periph/wb_mem.vhd Line: 31
Info (12133): Instantiated megafunction "wb_mem:U_MEM|altsyncram:altsyncram_component" with the following parameter: File: D:/Files/max1k/max1k-cpu/src/periph/wb_mem.vhd Line: 31
    Info (12134): Parameter "address_aclr_a" = "UNUSED"
    Info (12134): Parameter "address_aclr_b" = "NONE"
    Info (12134): Parameter "address_reg_b" = "CLOCK1"
    Info (12134): Parameter "byte_size" = "8"
    Info (12134): Parameter "byteena_aclr_a" = "UNUSED"
    Info (12134): Parameter "byteena_aclr_b" = "NONE"
    Info (12134): Parameter "byteena_reg_b" = "CLOCK1"
    Info (12134): Parameter "clock_enable_core_a" = "USE_INPUT_CLKEN"
    Info (12134): Parameter "clock_enable_core_b" = "USE_INPUT_CLKEN"
    Info (12134): Parameter "clock_enable_input_a" = "BYPASS"
    Info (12134): Parameter "clock_enable_input_b" = "NORMAL"
    Info (12134): Parameter "clock_enable_output_a" = "BYPASS"
    Info (12134): Parameter "clock_enable_output_b" = "NORMAL"
    Info (12134): Parameter "intended_device_family" = "MAX 10"
    Info (12134): Parameter "ecc_pipeline_stage_enabled" = "FALSE"
    Info (12134): Parameter "enable_ecc" = "FALSE"
    Info (12134): Parameter "implement_in_les" = "OFF"
    Info (12134): Parameter "indata_aclr_a" = "UNUSED"
    Info (12134): Parameter "indata_aclr_b" = "NONE"
    Info (12134): Parameter "indata_reg_b" = "CLOCK1"
    Info (12134): Parameter "init_file" = "D:\\Files\\max1k\\max1k-cpu\\tb\\sw\\main.mif"
    Info (12134): Parameter "init_file_layout" = "PORT_A"
    Info (12134): Parameter "maximum_depth" = "0"
    Info (12134): Parameter "numwords_a" = "4096"
    Info (12134): Parameter "numwords_b" = "0"
    Info (12134): Parameter "operation_mode" = "SINGLE_PORT"
    Info (12134): Parameter "outdata_aclr_a" = "NONE"
    Info (12134): Parameter "outdata_aclr_b" = "NONE"
    Info (12134): Parameter "outdata_reg_a" = "CLOCK0"
    Info (12134): Parameter "outdata_reg_b" = "UNREGISTERED"
    Info (12134): Parameter "power_up_uninitialized" = "FALSE"
    Info (12134): Parameter "ram_block_type" = "AUTO"
    Info (12134): Parameter "rdcontrol_aclr_b" = "NONE"
    Info (12134): Parameter "rdcontrol_reg_b" = "CLOCK1"
    Info (12134): Parameter "read_during_write_mode_mixed_ports" = "DONT_CARE"
    Info (12134): Parameter "read_during_write_mode_port_a" = "NEW_DATA_NO_NBE_READ"
    Info (12134): Parameter "read_during_write_mode_port_b" = "NEW_DATA_NO_NBE_READ"
    Info (12134): Parameter "stratixiv_m144k_allow_dual_clocks" = "ON"
    Info (12134): Parameter "width_a" = "32"
    Info (12134): Parameter "width_b" = "1"
    Info (12134): Parameter "width_byteena_a" = "4"
    Info (12134): Parameter "width_byteena_b" = "1"
    Info (12134): Parameter "width_eccstatus" = "3"
    Info (12134): Parameter "widthad_a" = "12"
    Info (12134): Parameter "widthad_b" = "1"
    Info (12134): Parameter "wrcontrol_aclr_a" = "UNUSED"
    Info (12134): Parameter "wrcontrol_aclr_b" = "NONE"
    Info (12134): Parameter "wrcontrol_wraddress_reg_b" = "CLOCK1"
    Info (12134): Parameter "lpm_hint" = "ENABLE_RUNTIME_MOD=NO"
    Info (12134): Parameter "lpm_type" = "altsyncram"
Info (12021): Found 1 design units, including 1 entities, in source file db/altsyncram_n0v3.tdf
    Info (12023): Found entity 1: altsyncram_n0v3 File: D:/Files/max1k/max1k-cpu/db/altsyncram_n0v3.tdf Line: 28
Info (12128): Elaborating entity "altsyncram_n0v3" for hierarchy "wb_mem:U_MEM|altsyncram:altsyncram_component|altsyncram_n0v3:auto_generated" File: c:/altera_lite/25.1std/quartus/libraries/megafunctions/altsyncram.tdf Line: 792
Warning (113028): 992 out of 1024 addresses are uninitialized. The Quartus Prime software will initialize them to "0". There are 1 warnings found, and 1 warnings are reported. File: D:/Files/max1k/max1k-cpu/tb/sw/main.mif Line: 1
    Warning (113027): Addresses ranging from 32 to 1023 are not initialized File: D:/Files/max1k/max1k-cpu/tb/sw/main.mif Line: 1
Critical Warning (127005): Memory depth (4096) in the design file differs from memory depth (1024) in the Memory Initialization File "D:/Files/max1k/max1k-cpu/tb/sw/main.mif" -- setting initial value for remaining addresses to 0 File: D:/Files/max1k/max1k-cpu/src/periph/wb_mem.vhd Line: 31
Info (12128): Elaborating entity "wb_gpio" for hierarchy "wb_gpio:U_GPIO" File: D:/Files/max1k/max1k-cpu/src/top.vhd Line: 194
Warning (13039): The following bidirectional pins have no drivers
    Warning (13040): bidirectional pin "SDRAM_DQ[0]" has no driver File: D:/Files/max1k/max1k-cpu/src/top.vhd Line: 20
    Warning (13040): bidirectional pin "SDRAM_DQ[1]" has no driver File: D:/Files/max1k/max1k-cpu/src/top.vhd Line: 20
    Warning (13040): bidirectional pin "SDRAM_DQ[2]" has no driver File: D:/Files/max1k/max1k-cpu/src/top.vhd Line: 20
    Warning (13040): bidirectional pin "SDRAM_DQ[3]" has no driver File: D:/Files/max1k/max1k-cpu/src/top.vhd Line: 20
    Warning (13040): bidirectional pin "SDRAM_DQ[4]" has no driver File: D:/Files/max1k/max1k-cpu/src/top.vhd Line: 20
    Warning (13040): bidirectional pin "SDRAM_DQ[5]" has no driver File: D:/Files/max1k/max1k-cpu/src/top.vhd Line: 20
    Warning (13040): bidirectional pin "SDRAM_DQ[6]" has no driver File: D:/Files/max1k/max1k-cpu/src/top.vhd Line: 20
    Warning (13040): bidirectional pin "SDRAM_DQ[7]" has no driver File: D:/Files/max1k/max1k-cpu/src/top.vhd Line: 20
    Warning (13040): bidirectional pin "SDRAM_DQ[8]" has no driver File: D:/Files/max1k/max1k-cpu/src/top.vhd Line: 20
    Warning (13040): bidirectional pin "SDRAM_DQ[9]" has no driver File: D:/Files/max1k/max1k-cpu/src/top.vhd Line: 20
    Warning (13040): bidirectional pin "SDRAM_DQ[10]" has no driver File: D:/Files/max1k/max1k-cpu/src/top.vhd Line: 20
    Warning (13040): bidirectional pin "SDRAM_DQ[11]" has no driver File: D:/Files/max1k/max1k-cpu/src/top.vhd Line: 20
    Warning (13040): bidirectional pin "SDRAM_DQ[12]" has no driver File: D:/Files/max1k/max1k-cpu/src/top.vhd Line: 20
    Warning (13040): bidirectional pin "SDRAM_DQ[13]" has no driver File: D:/Files/max1k/max1k-cpu/src/top.vhd Line: 20
    Warning (13040): bidirectional pin "SDRAM_DQ[14]" has no driver File: D:/Files/max1k/max1k-cpu/src/top.vhd Line: 20
    Warning (13040): bidirectional pin "SDRAM_DQ[15]" has no driver File: D:/Files/max1k/max1k-cpu/src/top.vhd Line: 20
Warning (13024): Output pins are stuck at VCC or GND
    Warning (13410): Pin "SDRAM_A[0]" is stuck at GND File: D:/Files/max1k/max1k-cpu/src/top.vhd Line: 11
    Warning (13410): Pin "SDRAM_A[1]" is stuck at GND File: D:/Files/max1k/max1k-cpu/src/top.vhd Line: 11
    Warning (13410): Pin "SDRAM_A[2]" is stuck at GND File: D:/Files/max1k/max1k-cpu/src/top.vhd Line: 11
    Warning (13410): Pin "SDRAM_A[3]" is stuck at GND File: D:/Files/max1k/max1k-cpu/src/top.vhd Line: 11
    Warning (13410): Pin "SDRAM_A[4]" is stuck at GND File: D:/Files/max1k/max1k-cpu/src/top.vhd Line: 11
    Warning (13410): Pin "SDRAM_A[5]" is stuck at GND File: D:/Files/max1k/max1k-cpu/src/top.vhd Line: 11
    Warning (13410): Pin "SDRAM_A[6]" is stuck at GND File: D:/Files/max1k/max1k-cpu/src/top.vhd Line: 11
    Warning (13410): Pin "SDRAM_A[7]" is stuck at GND File: D:/Files/max1k/max1k-cpu/src/top.vhd Line: 11
    Warning (13410): Pin "SDRAM_A[8]" is stuck at GND File: D:/Files/max1k/max1k-cpu/src/top.vhd Line: 11
    Warning (13410): Pin "SDRAM_A[9]" is stuck at GND File: D:/Files/max1k/max1k-cpu/src/top.vhd Line: 11
    Warning (13410): Pin "SDRAM_A[10]" is stuck at GND File: D:/Files/max1k/max1k-cpu/src/top.vhd Line: 11
    Warning (13410): Pin "SDRAM_A[11]" is stuck at GND File: D:/Files/max1k/max1k-cpu/src/top.vhd Line: 11
    Warning (13410): Pin "SDRAM_BA[0]" is stuck at GND File: D:/Files/max1k/max1k-cpu/src/top.vhd Line: 12
    Warning (13410): Pin "SDRAM_BA[1]" is stuck at GND File: D:/Files/max1k/max1k-cpu/src/top.vhd Line: 12
    Warning (13410): Pin "SDRAM_CLK" is stuck at GND File: D:/Files/max1k/max1k-cpu/src/top.vhd Line: 13
    Warning (13410): Pin "SDRAM_CKE" is stuck at GND File: D:/Files/max1k/max1k-cpu/src/top.vhd Line: 14
    Warning (13410): Pin "SDRAM_CAS" is stuck at GND File: D:/Files/max1k/max1k-cpu/src/top.vhd Line: 15
    Warning (13410): Pin "SDRAM_CS" is stuck at GND File: D:/Files/max1k/max1k-cpu/src/top.vhd Line: 16
    Warning (13410): Pin "SDRAM_RAS" is stuck at GND File: D:/Files/max1k/max1k-cpu/src/top.vhd Line: 17
    Warning (13410): Pin "SDRAM_WE" is stuck at GND File: D:/Files/max1k/max1k-cpu/src/top.vhd Line: 18
    Warning (13410): Pin "SDRAM_DQM[0]" is stuck at GND File: D:/Files/max1k/max1k-cpu/src/top.vhd Line: 19
    Warning (13410): Pin "SDRAM_DQM[1]" is stuck at GND File: D:/Files/max1k/max1k-cpu/src/top.vhd Line: 19
    Warning (13410): Pin "FT2232H_RX" is stuck at GND File: D:/Files/max1k/max1k-cpu/src/top.vhd Line: 21
Info (286030): Timing-Driven Synthesis is running
Info (16010): Generating hard_block partition "hard_block:auto_generated_inst"
    Info (16011): Adding 1 node(s), including 0 DDIO, 1 PLL, 0 transceiver and 0 LCELL
Warning (15899): PLL "pll1:U_PLL1|altpll:altpll_component|pll1_altpll:auto_generated|pll1" has parameters clk1_multiply_by and clk1_divide_by specified but port CLK[1] is not connected File: D:/Files/max1k/max1k-cpu/db/pll1_altpll.v Line: 46
Warning (21074): Design contains 2 input pin(s) that do not drive logic
    Warning (15610): No output dependent on input pin "USER_BTN" File: D:/Files/max1k/max1k-cpu/src/top.vhd Line: 10
    Warning (15610): No output dependent on input pin "FT2232H_TX" File: D:/Files/max1k/max1k-cpu/src/top.vhd Line: 22
Info (21057): Implemented 3865 device resources after synthesis - the final resource count might be different
    Info (21058): Implemented 3 input pins
    Info (21059): Implemented 31 output pins
    Info (21060): Implemented 16 bidirectional pins
    Info (21061): Implemented 3782 logic cells
    Info (21064): Implemented 32 RAM segments
    Info (21065): Implemented 1 PLLs
Info: Quartus Prime Analysis & Synthesis was successful. 0 errors, 83 warnings
    Info: Peak virtual memory: 4849 megabytes
    Info: Processing ended: Mon Aug  3 21:36:57 2026
    Info: Elapsed time: 00:00:14
    Info: Total CPU time (on all processors): 00:00:24


