Fitter report for project_template
Sat Aug  1 23:23:28 2026
Quartus Prime Version 25.1std.0 Build 1129 10/21/2025 Patches 0.02std SC Lite Edition


---------------------
; Table of Contents ;
---------------------
  1. Legal Notice
  2. Fitter Summary
  3. Fitter Settings
  4. Parallel Compilation
  5. Ignored Assignments
  6. Incremental Compilation Preservation Summary
  7. Incremental Compilation Partition Settings
  8. Incremental Compilation Placement Preservation
  9. Pin-Out File
 10. Fitter Resource Usage Summary
 11. Fitter Partition Statistics
 12. Input Pins
 13. Output Pins
 14. Bidir Pins
 15. Dual Purpose and Dedicated Pins
 16. I/O Bank Usage
 17. All Package Pins
 18. PLL Summary
 19. PLL Usage
 20. I/O Assignment Warnings
 21. Fitter Resource Utilization by Entity
 22. Delay Chain Summary
 23. Pad To Core Delay Chain Fanout
 24. Control Signals
 25. Global & Other Fast Signals
 26. Fitter RAM Summary
 27. |top|mem:mem|altsyncram:U_MEM|altsyncram_4ot3:auto_generated|ALTSYNCRAM
 28. Routing Usage Summary
 29. LAB Logic Elements
 30. LAB-wide Signals
 31. LAB Signals Sourced
 32. LAB Signals Sourced Out
 33. LAB Distinct Inputs
 34. I/O Rules Summary
 35. I/O Rules Details
 36. I/O Rules Matrix
 37. Fitter Device Options
 38. Operating Settings and Conditions
 39. Fitter Messages
 40. Fitter Suppressed Messages



----------------
; Legal Notice ;
----------------
Copyright (C) 2025  Altera Corporation. All rights reserved.
Your use of Altera Corporation's design tools, logic functions 
and other software and tools, and any partner logic 
functions, and any output files from any of the foregoing 
(including device programming or simulation files), and any 
associated documentation or information are expressly subject 
to the terms and conditions of the Altera Program License 
Subscription Agreement, the Altera Quartus Prime License Agreement,
the Altera IP License Agreement, or other applicable license
agreement, including, without limitation, that your use is for
the sole purpose of programming logic devices manufactured by
Altera and sold by Altera or its authorized distributors.  Please
refer to the Altera Software License Subscription Agreements 
on the Quartus Prime software download page.



+------------------------------------------------------------------------------------------------------+
; Fitter Summary                                                                                       ;
+------------------------------------+-----------------------------------------------------------------+
; Fitter Status                      ; Successful - Sat Aug  1 23:23:28 2026                           ;
; Quartus Prime Version              ; 25.1std.0 Build 1129 10/21/2025 Patches 0.02std SC Lite Edition ;
; Revision Name                      ; project_template                                                ;
; Top-level Entity Name              ; top                                                             ;
; Family                             ; MAX 10                                                          ;
; Device                             ; 10M08SAU169C8GES                                                ;
; Timing Models                      ; Preliminary                                                     ;
; Total logic elements               ; 2,599 / 8,064 ( 32 % )                                          ;
;     Total combinational functions  ; 2,582 / 8,064 ( 32 % )                                          ;
;     Dedicated logic registers      ; 1,260 / 8,064 ( 16 % )                                          ;
; Total registers                    ; 1260                                                            ;
; Total pins                         ; 50 / 130 ( 38 % )                                               ;
; Total virtual pins                 ; 0                                                               ;
; Total memory bits                  ; 32,768 / 387,072 ( 8 % )                                        ;
; Embedded Multiplier 9-bit elements ; 0 / 48 ( 0 % )                                                  ;
; Total PLLs                         ; 1 / 1 ( 100 % )                                                 ;
; UFM blocks                         ; 0 / 1 ( 0 % )                                                   ;
; ADC blocks                         ; 0 / 1 ( 0 % )                                                   ;
+------------------------------------+-----------------------------------------------------------------+


+----------------------------------------------------------------------------------------------------------------------------------------------------+
; Fitter Settings                                                                                                                                    ;
+--------------------------------------------------------------------+---------------------------------------+---------------------------------------+
; Option                                                             ; Setting                               ; Default Value                         ;
+--------------------------------------------------------------------+---------------------------------------+---------------------------------------+
; Device                                                             ; 10M08SAU169C8GES                      ;                                       ;
; Minimum Core Junction Temperature                                  ; 0                                     ;                                       ;
; Maximum Core Junction Temperature                                  ; 85                                    ;                                       ;
; Fit Attempts to Skip                                               ; 0                                     ; 0.0                                   ;
; Device I/O Standard                                                ; 3.3-V LVTTL                           ;                                       ;
; Use smart compilation                                              ; Off                                   ; Off                                   ;
; Enable parallel Assembler and Timing Analyzer during compilation   ; On                                    ; On                                    ;
; Enable compact report table                                        ; Off                                   ; Off                                   ;
; Auto Merge PLLs                                                    ; On                                    ; On                                    ;
; Router Timing Optimization Level                                   ; Normal                                ; Normal                                ;
; Perform Clocking Topology Analysis During Routing                  ; Off                                   ; Off                                   ;
; Placement Effort Multiplier                                        ; 1.0                                   ; 1.0                                   ;
; Router Effort Multiplier                                           ; 1.0                                   ; 1.0                                   ;
; Optimize Hold Timing                                               ; All Paths                             ; All Paths                             ;
; Optimize Multi-Corner Timing                                       ; On                                    ; On                                    ;
; Power Optimization During Fitting                                  ; Normal compilation                    ; Normal compilation                    ;
; SSN Optimization                                                   ; Off                                   ; Off                                   ;
; Optimize Timing                                                    ; Normal compilation                    ; Normal compilation                    ;
; Optimize Timing for ECOs                                           ; Off                                   ; Off                                   ;
; Regenerate Full Fit Report During ECO Compiles                     ; Off                                   ; Off                                   ;
; Optimize IOC Register Placement for Timing                         ; Normal                                ; Normal                                ;
; Final Placement Optimizations                                      ; Automatically                         ; Automatically                         ;
; Fitter Initial Placement Seed                                      ; 1                                     ; 1                                     ;
; Periphery to Core Placement and Routing Optimization               ; Off                                   ; Off                                   ;
; PCI I/O                                                            ; Off                                   ; Off                                   ;
; Weak Pull-Up Resistor                                              ; Off                                   ; Off                                   ;
; Enable Bus-Hold Circuitry                                          ; Off                                   ; Off                                   ;
; Auto Packed Registers                                              ; Auto                                  ; Auto                                  ;
; Auto Delay Chains                                                  ; On                                    ; On                                    ;
; Auto Delay Chains for High Fanout Input Pins                       ; Off                                   ; Off                                   ;
; Allow Single-ended Buffer for Differential-XSTL Input              ; Off                                   ; Off                                   ;
; Treat Bidirectional Pin as Output Pin                              ; Off                                   ; Off                                   ;
; Perform Physical Synthesis for Combinational Logic for Fitting     ; Off                                   ; Off                                   ;
; Perform Physical Synthesis for Combinational Logic for Performance ; Off                                   ; Off                                   ;
; Perform Register Duplication for Performance                       ; Off                                   ; Off                                   ;
; Perform Logic to Memory Mapping for Fitting                        ; Off                                   ; Off                                   ;
; Perform Register Retiming for Performance                          ; Off                                   ; Off                                   ;
; Perform Asynchronous Signal Pipelining                             ; Off                                   ; Off                                   ;
; Fitter Effort                                                      ; Auto Fit                              ; Auto Fit                              ;
; Physical Synthesis Effort Level                                    ; Normal                                ; Normal                                ;
; Logic Cell Insertion - Logic Duplication                           ; Auto                                  ; Auto                                  ;
; Auto Register Duplication                                          ; Auto                                  ; Auto                                  ;
; Auto Global Clock                                                  ; On                                    ; On                                    ;
; Auto Global Register Control Signals                               ; On                                    ; On                                    ;
; Reserve all unused pins                                            ; As input tri-stated with weak pull-up ; As input tri-stated with weak pull-up ;
; Synchronizer Identification                                        ; Auto                                  ; Auto                                  ;
; Enable Beneficial Skew Optimization                                ; On                                    ; On                                    ;
; Optimize Design for Metastability                                  ; On                                    ; On                                    ;
; Force Fitter to Avoid Periphery Placement Warnings                 ; Off                                   ; Off                                   ;
; Enable input tri-state on active configuration pins in user mode   ; Off                                   ; Off                                   ;
+--------------------------------------------------------------------+---------------------------------------+---------------------------------------+


+------------------------------------------+
; Parallel Compilation                     ;
+----------------------------+-------------+
; Processors                 ; Number      ;
+----------------------------+-------------+
; Number detected on machine ; 12          ;
; Maximum allowed            ; 6           ;
;                            ;             ;
; Average used               ; 1.64        ;
; Maximum used               ; 6           ;
;                            ;             ;
; Usage by Processor         ; % Time Used ;
;     Processor 1            ; 100.0%      ;
;     Processor 2            ;  13.0%      ;
;     Processor 3            ;  12.9%      ;
;     Processor 4            ;  12.8%      ;
;     Processor 5            ;  12.7%      ;
;     Processor 6            ;  12.7%      ;
+----------------------------+-------------+


+------------------------------------------------------------------------------------------+
; Ignored Assignments                                                                      ;
+----------+----------------+--------------+--------------+---------------+----------------+
; Name     ; Ignored Entity ; Ignored From ; Ignored To   ; Ignored Value ; Ignored Source ;
+----------+----------------+--------------+--------------+---------------+----------------+
; Location ;                ;              ; CLK_X        ; PIN_G5        ; QSF Assignment ;
; Location ;                ;              ; FLASH_CLK    ; PIN_A3        ; QSF Assignment ;
; Location ;                ;              ; FLASH_CS     ; PIN_B3        ; QSF Assignment ;
; Location ;                ;              ; FLASH_DI     ; PIN_A2        ; QSF Assignment ;
; Location ;                ;              ; FLASH_DO     ; PIN_B2        ; QSF Assignment ;
; Location ;                ;              ; PIO[0]       ; PIN_M3        ; QSF Assignment ;
; Location ;                ;              ; PIO[1]       ; PIN_L3        ; QSF Assignment ;
; Location ;                ;              ; PIO[2]       ; PIN_M2        ; QSF Assignment ;
; Location ;                ;              ; PIO[3]       ; PIN_M1        ; QSF Assignment ;
; Location ;                ;              ; PIO[4]       ; PIN_N3        ; QSF Assignment ;
; Location ;                ;              ; PIO[5]       ; PIN_N2        ; QSF Assignment ;
; Location ;                ;              ; PIO[6]       ; PIN_K2        ; QSF Assignment ;
; Location ;                ;              ; PIO[7]       ; PIN_K1        ; QSF Assignment ;
; Location ;                ;              ; SDRAM_A[12]  ; PIN_L11       ; QSF Assignment ;
; Location ;                ;              ; SDRAM_A[13]  ; PIN_M12       ; QSF Assignment ;
; Location ;                ;              ; SEN_CS       ; PIN_L5        ; QSF Assignment ;
; Location ;                ;              ; SEN_INT1     ; PIN_J5        ; QSF Assignment ;
; Location ;                ;              ; SEN_INT2     ; PIN_L4        ; QSF Assignment ;
; Location ;                ;              ; SEN_SDI      ; PIN_J7        ; QSF Assignment ;
; Location ;                ;              ; SEN_SDO      ; PIN_K5        ; QSF Assignment ;
; Location ;                ;              ; SEN_SPC      ; PIN_J6        ; QSF Assignment ;
; Location ;                ;              ; USER_DIO[0]  ; PIN_H8        ; QSF Assignment ;
; Location ;                ;              ; USER_DIO[10] ; PIN_K12       ; QSF Assignment ;
; Location ;                ;              ; USER_DIO[11] ; PIN_J10       ; QSF Assignment ;
; Location ;                ;              ; USER_DIO[12] ; PIN_H10       ; QSF Assignment ;
; Location ;                ;              ; USER_DIO[13] ; PIN_H13       ; QSF Assignment ;
; Location ;                ;              ; USER_DIO[14] ; PIN_G12       ; QSF Assignment ;
; Location ;                ;              ; USER_DIO[1]  ; PIN_K10       ; QSF Assignment ;
; Location ;                ;              ; USER_DIO[2]  ; PIN_H5        ; QSF Assignment ;
; Location ;                ;              ; USER_DIO[3]  ; PIN_H4        ; QSF Assignment ;
; Location ;                ;              ; USER_DIO[4]  ; PIN_J1        ; QSF Assignment ;
; Location ;                ;              ; USER_DIO[5]  ; PIN_J2        ; QSF Assignment ;
; Location ;                ;              ; USER_DIO[6]  ; PIN_L12       ; QSF Assignment ;
; Location ;                ;              ; USER_DIO[7]  ; PIN_J12       ; QSF Assignment ;
; Location ;                ;              ; USER_DIO[8]  ; PIN_J13       ; QSF Assignment ;
; Location ;                ;              ; USER_DIO[9]  ; PIN_K11       ; QSF Assignment ;
+----------+----------------+--------------+--------------+---------------+----------------+


+---------------------------------------------------------------------------------------------------+
; Incremental Compilation Preservation Summary                                                      ;
+---------------------+---------------------+----------------------------+--------------------------+
; Type                ; Total [A + B]       ; From Design Partitions [A] ; From Rapid Recompile [B] ;
+---------------------+---------------------+----------------------------+--------------------------+
; Placement (by node) ;                     ;                            ;                          ;
;     -- Requested    ; 0.00 % ( 0 / 3986 ) ; 0.00 % ( 0 / 3986 )        ; 0.00 % ( 0 / 3986 )      ;
;     -- Achieved     ; 0.00 % ( 0 / 3986 ) ; 0.00 % ( 0 / 3986 )        ; 0.00 % ( 0 / 3986 )      ;
;                     ;                     ;                            ;                          ;
; Routing (by net)    ;                     ;                            ;                          ;
;     -- Requested    ; 0.00 % ( 0 / 0 )    ; 0.00 % ( 0 / 0 )           ; 0.00 % ( 0 / 0 )         ;
;     -- Achieved     ; 0.00 % ( 0 / 0 )    ; 0.00 % ( 0 / 0 )           ; 0.00 % ( 0 / 0 )         ;
+---------------------+---------------------+----------------------------+--------------------------+


+----------------------------------------------------------------------------------------------------------------------------------------------------------------------------------------+
; Incremental Compilation Partition Settings                                                                                                                                             ;
+--------------------------------+----------------+-------------------+-------------------------+------------------------+------------------------------+--------------------------------+
; Partition Name                 ; Partition Type ; Netlist Type Used ; Preservation Level Used ; Netlist Type Requested ; Preservation Level Requested ; Contents                       ;
+--------------------------------+----------------+-------------------+-------------------------+------------------------+------------------------------+--------------------------------+
; Top                            ; User-created   ; Source File       ; N/A                     ; Source File            ; N/A                          ;                                ;
; hard_block:auto_generated_inst ; Auto-generated ; Source File       ; N/A                     ; Source File            ; N/A                          ; hard_block:auto_generated_inst ;
+--------------------------------+----------------+-------------------+-------------------------+------------------------+------------------------------+--------------------------------+


+------------------------------------------------------------------------------------------------------------------------------------+
; Incremental Compilation Placement Preservation                                                                                     ;
+--------------------------------+-----------------------+-------------------------+-------------------+---------------------+-------+
; Partition Name                 ; Preservation Achieved ; Preservation Level Used ; Netlist Type Used ; Preservation Method ; Notes ;
+--------------------------------+-----------------------+-------------------------+-------------------+---------------------+-------+
; Top                            ; 0.00 % ( 0 / 3968 )   ; N/A                     ; Source File       ; N/A                 ;       ;
; hard_block:auto_generated_inst ; 0.00 % ( 0 / 18 )     ; N/A                     ; Source File       ; N/A                 ;       ;
+--------------------------------+-----------------------+-------------------------+-------------------+---------------------+-------+


+--------------+
; Pin-Out File ;
+--------------+
The pin-out file can be found in D:/Files/max1k/max1k-cpu/output_files/project_template.pin.


+-------------------------------------------------------------------------+
; Fitter Resource Usage Summary                                           ;
+---------------------------------------------+---------------------------+
; Resource                                    ; Usage                     ;
+---------------------------------------------+---------------------------+
; Total logic elements                        ; 2,599 / 8,064 ( 32 % )    ;
;     -- Combinational with no register       ; 1339                      ;
;     -- Register only                        ; 17                        ;
;     -- Combinational with a register        ; 1243                      ;
;                                             ;                           ;
; Logic element usage by number of LUT inputs ;                           ;
;     -- 4 input functions                    ; 1947                      ;
;     -- 3 input functions                    ; 466                       ;
;     -- <=2 input functions                  ; 169                       ;
;     -- Register only                        ; 17                        ;
;                                             ;                           ;
; Logic elements by mode                      ;                           ;
;     -- normal mode                          ; 2429                      ;
;     -- arithmetic mode                      ; 153                       ;
;                                             ;                           ;
; Total registers*                            ; 1,260 / 8,687 ( 15 % )    ;
;     -- Dedicated logic registers            ; 1,260 / 8,064 ( 16 % )    ;
;     -- I/O registers                        ; 0 / 623 ( 0 % )           ;
;                                             ;                           ;
; Total LABs:  partially or completely used   ; 215 / 504 ( 43 % )        ;
; Virtual pins                                ; 0                         ;
; I/O pins                                    ; 50 / 130 ( 38 % )         ;
;     -- Clock pins                           ; 3 / 4 ( 75 % )            ;
;     -- Dedicated input pins                 ; 1 / 1 ( 100 % )           ;
;                                             ;                           ;
; M9Ks                                        ; 4 / 42 ( 10 % )           ;
; UFM blocks                                  ; 0 / 1 ( 0 % )             ;
; ADC blocks                                  ; 0 / 1 ( 0 % )             ;
; Total block memory bits                     ; 32,768 / 387,072 ( 8 % )  ;
; Total block memory implementation bits      ; 36,864 / 387,072 ( 10 % ) ;
; Embedded Multiplier 9-bit elements          ; 0 / 48 ( 0 % )            ;
; PLLs                                        ; 1 / 1 ( 100 % )           ;
; Global signals                              ; 1                         ;
;     -- Global clocks                        ; 1 / 10 ( 10 % )           ;
; JTAGs                                       ; 0 / 1 ( 0 % )             ;
; CRC blocks                                  ; 0 / 1 ( 0 % )             ;
; Remote update blocks                        ; 0 / 1 ( 0 % )             ;
; Oscillator blocks                           ; 0 / 1 ( 0 % )             ;
; Average interconnect usage (total/H/V)      ; 14.6% / 13.9% / 15.6%     ;
; Peak interconnect usage (total/H/V)         ; 37.6% / 35.1% / 41.0%     ;
; Maximum fan-out                             ; 1264                      ;
; Highest non-global fan-out                  ; 227                       ;
; Total fan-out                               ; 13414                     ;
; Average fan-out                             ; 3.36                      ;
+---------------------------------------------+---------------------------+
*  Register count does not include registers inside RAM blocks or DSP blocks.



+-----------------------------------------------------------------------------------------------------+
; Fitter Partition Statistics                                                                         ;
+---------------------------------------------+----------------------+--------------------------------+
; Statistic                                   ; Top                  ; hard_block:auto_generated_inst ;
+---------------------------------------------+----------------------+--------------------------------+
; Difficulty Clustering Region                ; Low                  ; Low                            ;
;                                             ;                      ;                                ;
; Total logic elements                        ; 2599 / 8064 ( 32 % ) ; 0 / 8064 ( 0 % )               ;
;     -- Combinational with no register       ; 1339                 ; 0                              ;
;     -- Register only                        ; 17                   ; 0                              ;
;     -- Combinational with a register        ; 1243                 ; 0                              ;
;                                             ;                      ;                                ;
; Logic element usage by number of LUT inputs ;                      ;                                ;
;     -- 4 input functions                    ; 1947                 ; 0                              ;
;     -- 3 input functions                    ; 466                  ; 0                              ;
;     -- <=2 input functions                  ; 169                  ; 0                              ;
;     -- Register only                        ; 17                   ; 0                              ;
;                                             ;                      ;                                ;
; Logic elements by mode                      ;                      ;                                ;
;     -- normal mode                          ; 2429                 ; 0                              ;
;     -- arithmetic mode                      ; 153                  ; 0                              ;
;                                             ;                      ;                                ;
; Total registers                             ; 1260                 ; 0                              ;
;     -- Dedicated logic registers            ; 1260 / 8064 ( 16 % ) ; 0 / 8064 ( 0 % )               ;
;     -- I/O registers                        ; 0                    ; 0                              ;
;                                             ;                      ;                                ;
; Total LABs:  partially or completely used   ; 215 / 504 ( 43 % )   ; 0 / 504 ( 0 % )                ;
;                                             ;                      ;                                ;
; Virtual pins                                ; 0                    ; 0                              ;
; I/O pins                                    ; 50                   ; 0                              ;
; Embedded Multiplier 9-bit elements          ; 0 / 48 ( 0 % )       ; 0 / 48 ( 0 % )                 ;
; Total memory bits                           ; 32768                ; 0                              ;
; Total RAM block bits                        ; 36864                ; 0                              ;
; PLL                                         ; 0 / 1 ( 0 % )        ; 1 / 1 ( 100 % )                ;
; M9K                                         ; 4 / 42 ( 9 % )       ; 0 / 42 ( 0 % )                 ;
; Clock control block                         ; 0 / 12 ( 0 % )       ; 1 / 12 ( 8 % )                 ;
; User Flash Memory                           ; 1 / 1 ( 100 % )      ; 0 / 1 ( 0 % )                  ;
; Analog-to-Digital Converter                 ; 1 / 1 ( 100 % )      ; 0 / 1 ( 0 % )                  ;
;                                             ;                      ;                                ;
; Connections                                 ;                      ;                                ;
;     -- Input Connections                    ; 1313                 ; 1                              ;
;     -- Registered Input Connections         ; 1264                 ; 0                              ;
;     -- Output Connections                   ; 17                   ; 1297                           ;
;     -- Registered Output Connections        ; 0                    ; 0                              ;
;                                             ;                      ;                                ;
; Internal Connections                        ;                      ;                                ;
;     -- Total Connections                    ; 13483                ; 1308                           ;
;     -- Registered Connections               ; 6683                 ; 0                              ;
;                                             ;                      ;                                ;
; External Connections                        ;                      ;                                ;
;     -- Top                                  ; 32                   ; 1298                           ;
;     -- hard_block:auto_generated_inst       ; 1298                 ; 0                              ;
;                                             ;                      ;                                ;
; Partition Interface                         ;                      ;                                ;
;     -- Input Ports                          ; 3                    ; 1                              ;
;     -- Output Ports                         ; 31                   ; 2                              ;
;     -- Bidir Ports                          ; 16                   ; 0                              ;
;                                             ;                      ;                                ;
; Registered Ports                            ;                      ;                                ;
;     -- Registered Input Ports               ; 0                    ; 0                              ;
;     -- Registered Output Ports              ; 0                    ; 0                              ;
;                                             ;                      ;                                ;
; Port Connectivity                           ;                      ;                                ;
;     -- Input Ports driven by GND            ; 0                    ; 0                              ;
;     -- Output Ports driven by GND           ; 0                    ; 0                              ;
;     -- Input Ports driven by VCC            ; 0                    ; 0                              ;
;     -- Output Ports driven by VCC           ; 0                    ; 0                              ;
;     -- Input Ports with no Source           ; 0                    ; 0                              ;
;     -- Output Ports with no Source          ; 0                    ; 0                              ;
;     -- Input Ports with no Fanout           ; 0                    ; 0                              ;
;     -- Output Ports with no Fanout          ; 0                    ; 0                              ;
+---------------------------------------------+----------------------+--------------------------------+


+------------------------------------------------------------------------------------------------------------------------------------------------------------------------------------------------------------------------------------------------------------------------------------------------------+
; Input Pins                                                                                                                                                                                                                                                                                           ;
+------------+-------+----------+--------------+--------------+--------------+-----------------------+--------------------+--------+----------------+---------------+-----------------+----------+--------------+-----------------------+---------------------------+----------------------+-----------+
; Name       ; Pin # ; I/O Bank ; X coordinate ; Y coordinate ; Z coordinate ; Combinational Fan-Out ; Registered Fan-Out ; Global ; Input Register ; Power Up High ; PCI I/O Enabled ; Bus Hold ; Weak Pull Up ; I/O Standard          ; Termination Control Block ; Location assigned by ; Slew Rate ;
+------------+-------+----------+--------------+--------------+--------------+-----------------------+--------------------+--------+----------------+---------------+-----------------+----------+--------------+-----------------------+---------------------------+----------------------+-----------+
; CLK12M     ; H6    ; 2        ; 0            ; 7            ; 21           ; 1                     ; 0                  ; no     ; no             ; no            ; yes             ; no       ; Off          ; 3.3-V LVTTL           ; --                        ; User                 ; 0         ;
; FT2232H_TX ; A4    ; 8        ; 6            ; 10           ; 7            ; 0                     ; 0                  ; no     ; no             ; no            ; yes             ; no       ; Off          ; 3.3-V LVTTL           ; --                        ; User                 ; 0         ;
; USER_BTN   ; E6    ; 8        ; 6            ; 10           ; 21           ; 0                     ; 0                  ; no     ; no             ; no            ; yes             ; no       ; Off          ; 3.3 V Schmitt Trigger ; --                        ; User                 ; 0         ;
+------------+-------+----------+--------------+--------------+--------------+-----------------------+--------------------+--------+----------------+---------------+-----------------+----------+--------------+-----------------------+---------------------------+----------------------+-----------+


+-----------------------------------------------------------------------------------------------------------------------------------------------------------------------------------------------------------------------------------------------------------------------------------------------------------------------------------------------------------------------------------------------------------------------------------------+
; Output Pins                                                                                                                                                                                                                                                                                                                                                                                                                             ;
+--------------+-------+----------+--------------+--------------+--------------+-----------------+------------------------+---------------+-----------+-----------------+------------+---------------+----------+--------------+--------------+------------------+-------------+---------------------------+----------------------------+-----------------------------+----------------------+----------------------+---------------------+
; Name         ; Pin # ; I/O Bank ; X coordinate ; Y coordinate ; Z coordinate ; Output Register ; Output Enable Register ; Power Up High ; Slew Rate ; PCI I/O Enabled ; Open Drain ; TRI Primitive ; Bus Hold ; Weak Pull Up ; I/O Standard ; Current Strength ; Termination ; Termination Control Block ; Output Buffer Pre-emphasis ; Voltage Output Differential ; Location assigned by ; Output Enable Source ; Output Enable Group ;
+--------------+-------+----------+--------------+--------------+--------------+-----------------+------------------------+---------------+-----------+-----------------+------------+---------------+----------+--------------+--------------+------------------+-------------+---------------------------+----------------------------+-----------------------------+----------------------+----------------------+---------------------+
; FT2232H_RX   ; B4    ; 8        ; 3            ; 10           ; 7            ; no              ; no                     ; no            ; 2         ; no              ; no         ; no            ; no       ; Off          ; 3.3-V LVTTL  ; 8mA              ; Off         ; --                        ; no                         ; no                          ; User                 ; -                    ; -                   ;
; LED[0]       ; A8    ; 8        ; 15           ; 25           ; 0            ; no              ; no                     ; no            ; 2         ; no              ; no         ; no            ; no       ; Off          ; 3.3-V LVTTL  ; 8mA              ; Off         ; --                        ; no                         ; no                          ; User                 ; -                    ; -                   ;
; LED[1]       ; A9    ; 8        ; 15           ; 25           ; 7            ; no              ; no                     ; no            ; 2         ; no              ; no         ; no            ; no       ; Off          ; 3.3-V LVTTL  ; 8mA              ; Off         ; --                        ; no                         ; no                          ; User                 ; -                    ; -                   ;
; LED[2]       ; A11   ; 8        ; 13           ; 25           ; 0            ; no              ; no                     ; no            ; 2         ; no              ; no         ; no            ; no       ; Off          ; 3.3-V LVTTL  ; 8mA              ; Off         ; --                        ; no                         ; no                          ; User                 ; -                    ; -                   ;
; LED[3]       ; A10   ; 8        ; 15           ; 25           ; 28           ; no              ; no                     ; no            ; 2         ; no              ; no         ; no            ; no       ; Off          ; 3.3-V LVTTL  ; 8mA              ; Off         ; --                        ; no                         ; no                          ; User                 ; -                    ; -                   ;
; LED[4]       ; B10   ; 8        ; 15           ; 25           ; 14           ; no              ; no                     ; no            ; 2         ; no              ; no         ; no            ; no       ; Off          ; 3.3-V LVTTL  ; 8mA              ; Off         ; --                        ; no                         ; no                          ; User                 ; -                    ; -                   ;
; LED[5]       ; C9    ; 8        ; 17           ; 25           ; 28           ; no              ; no                     ; no            ; 2         ; no              ; no         ; no            ; no       ; Off          ; 3.3-V LVTTL  ; 8mA              ; Off         ; --                        ; no                         ; no                          ; User                 ; -                    ; -                   ;
; LED[6]       ; C10   ; 8        ; 17           ; 25           ; 21           ; no              ; no                     ; no            ; 2         ; no              ; no         ; no            ; no       ; Off          ; 3.3-V LVTTL  ; 8mA              ; Off         ; --                        ; no                         ; no                          ; User                 ; -                    ; -                   ;
; LED[7]       ; D8    ; 8        ; 13           ; 25           ; 7            ; no              ; no                     ; no            ; 2         ; no              ; no         ; no            ; no       ; Off          ; 3.3-V LVTTL  ; 8mA              ; Off         ; --                        ; no                         ; no                          ; User                 ; -                    ; -                   ;
; SDRAM_A[0]   ; K6    ; 3        ; 11           ; 0            ; 28           ; no              ; no                     ; no            ; 2         ; no              ; no         ; no            ; no       ; Off          ; 3.3-V LVTTL  ; 8mA              ; Off         ; --                        ; no                         ; no                          ; User                 ; -                    ; -                   ;
; SDRAM_A[10]  ; N4    ; 3        ; 3            ; 0            ; 0            ; no              ; no                     ; no            ; 2         ; no              ; no         ; no            ; no       ; Off          ; 3.3-V LVTTL  ; 8mA              ; Off         ; --                        ; no                         ; no                          ; User                 ; -                    ; -                   ;
; SDRAM_A[11]  ; M10   ; 3        ; 17           ; 0            ; 0            ; no              ; no                     ; no            ; 2         ; no              ; no         ; no            ; no       ; Off          ; 3.3-V LVTTL  ; 8mA              ; Off         ; --                        ; no                         ; no                          ; User                 ; -                    ; -                   ;
; SDRAM_A[1]   ; M5    ; 3        ; 3            ; 0            ; 21           ; no              ; no                     ; no            ; 2         ; no              ; no         ; no            ; no       ; Off          ; 3.3-V LVTTL  ; 8mA              ; Off         ; --                        ; no                         ; no                          ; User                 ; -                    ; -                   ;
; SDRAM_A[2]   ; N5    ; 3        ; 6            ; 0            ; 28           ; no              ; no                     ; no            ; 2         ; no              ; no         ; no            ; no       ; Off          ; 3.3-V LVTTL  ; 8mA              ; Off         ; --                        ; no                         ; no                          ; User                 ; -                    ; -                   ;
; SDRAM_A[3]   ; J8    ; 3        ; 17           ; 0            ; 28           ; no              ; no                     ; no            ; 2         ; no              ; no         ; no            ; no       ; Off          ; 3.3-V LVTTL  ; 8mA              ; Off         ; --                        ; no                         ; no                          ; User                 ; -                    ; -                   ;
; SDRAM_A[4]   ; N10   ; 3        ; 13           ; 0            ; 28           ; no              ; no                     ; no            ; 2         ; no              ; no         ; no            ; no       ; Off          ; 3.3-V LVTTL  ; 8mA              ; Off         ; --                        ; no                         ; no                          ; User                 ; -                    ; -                   ;
; SDRAM_A[5]   ; M11   ; 3        ; 15           ; 0            ; 21           ; no              ; no                     ; no            ; 2         ; no              ; no         ; no            ; no       ; Off          ; 3.3-V LVTTL  ; 8mA              ; Off         ; --                        ; no                         ; no                          ; User                 ; -                    ; -                   ;
; SDRAM_A[6]   ; N9    ; 3        ; 13           ; 0            ; 21           ; no              ; no                     ; no            ; 2         ; no              ; no         ; no            ; no       ; Off          ; 3.3-V LVTTL  ; 8mA              ; Off         ; --                        ; no                         ; no                          ; User                 ; -                    ; -                   ;
; SDRAM_A[7]   ; L10   ; 3        ; 19           ; 0            ; 28           ; no              ; no                     ; no            ; 2         ; no              ; no         ; no            ; no       ; Off          ; 3.3-V LVTTL  ; 8mA              ; Off         ; --                        ; no                         ; no                          ; User                 ; -                    ; -                   ;
; SDRAM_A[8]   ; M13   ; 3        ; 13           ; 0            ; 14           ; no              ; no                     ; no            ; 2         ; no              ; no         ; no            ; no       ; Off          ; 3.3-V LVTTL  ; 8mA              ; Off         ; --                        ; no                         ; no                          ; User                 ; -                    ; -                   ;
; SDRAM_A[9]   ; N8    ; 3        ; 6            ; 0            ; 0            ; no              ; no                     ; no            ; 2         ; no              ; no         ; no            ; no       ; Off          ; 3.3-V LVTTL  ; 8mA              ; Off         ; --                        ; no                         ; no                          ; User                 ; -                    ; -                   ;
; SDRAM_BA[0]  ; N6    ; 3        ; 9            ; 0            ; 28           ; no              ; no                     ; no            ; 2         ; no              ; no         ; no            ; no       ; Off          ; 3.3-V LVTTL  ; 8mA              ; Off         ; --                        ; no                         ; no                          ; User                 ; -                    ; -                   ;
; SDRAM_BA[1]  ; K8    ; 3        ; 17           ; 0            ; 21           ; no              ; no                     ; no            ; 2         ; no              ; no         ; no            ; no       ; Off          ; 3.3-V LVTTL  ; 8mA              ; Off         ; --                        ; no                         ; no                          ; User                 ; -                    ; -                   ;
; SDRAM_CAS    ; N7    ; 3        ; 6            ; 0            ; 7            ; no              ; no                     ; no            ; 2         ; no              ; no         ; no            ; no       ; Off          ; 3.3-V LVTTL  ; 8mA              ; Off         ; --                        ; no                         ; no                          ; User                 ; -                    ; -                   ;
; SDRAM_CKE    ; M8    ; 3        ; 9            ; 0            ; 14           ; no              ; no                     ; no            ; 2         ; no              ; no         ; no            ; no       ; Off          ; 3.3-V LVTTL  ; 8mA              ; Off         ; --                        ; no                         ; no                          ; User                 ; -                    ; -                   ;
; SDRAM_CLK    ; M9    ; 3        ; 9            ; 0            ; 7            ; no              ; no                     ; no            ; 2         ; no              ; no         ; no            ; no       ; Off          ; 3.3-V LVTTL  ; 8mA              ; Off         ; --                        ; no                         ; no                          ; User                 ; -                    ; -                   ;
; SDRAM_CS     ; M4    ; 3        ; 3            ; 0            ; 28           ; no              ; no                     ; no            ; 2         ; no              ; no         ; no            ; no       ; Off          ; 3.3-V LVTTL  ; 8mA              ; Off         ; --                        ; no                         ; no                          ; User                 ; -                    ; -                   ;
; SDRAM_DQM[0] ; E9    ; 6        ; 31           ; 19           ; 14           ; no              ; no                     ; no            ; 2         ; no              ; no         ; no            ; no       ; Off          ; 3.3-V LVTTL  ; 8mA              ; Off         ; --                        ; no                         ; no                          ; User                 ; -                    ; -                   ;
; SDRAM_DQM[1] ; F12   ; 6        ; 31           ; 12           ; 21           ; no              ; no                     ; no            ; 2         ; no              ; no         ; no            ; no       ; Off          ; 3.3-V LVTTL  ; 8mA              ; Off         ; --                        ; no                         ; no                          ; User                 ; -                    ; -                   ;
; SDRAM_RAS    ; M7    ; 3        ; 9            ; 0            ; 21           ; no              ; no                     ; no            ; 2         ; no              ; no         ; no            ; no       ; Off          ; 3.3-V LVTTL  ; 8mA              ; Off         ; --                        ; no                         ; no                          ; User                 ; -                    ; -                   ;
; SDRAM_WE     ; K7    ; 3        ; 11           ; 0            ; 0            ; no              ; no                     ; no            ; 2         ; no              ; no         ; no            ; no       ; Off          ; 3.3-V LVTTL  ; 8mA              ; Off         ; --                        ; no                         ; no                          ; User                 ; -                    ; -                   ;
+--------------+-------+----------+--------------+--------------+--------------+-----------------+------------------------+---------------+-----------+-----------------+------------+---------------+----------+--------------+--------------+------------------+-------------+---------------------------+----------------------------+-----------------------------+----------------------+----------------------+---------------------+


+-------------------------------------------------------------------------------------------------------------------------------------------------------------------------------------------------------------------------------------------------------------------------------------------------------------------------------------------------------------------------------------------------------------------------------------------------------------------------+
; Bidir Pins                                                                                                                                                                                                                                                                                                                                                                                                                                                              ;
+--------------+-------+----------+--------------+--------------+--------------+-----------------------+--------------------+--------+----------------+-----------------+------------------------+---------------+-----------+-----------------+------------+----------+--------------+--------------+------------------+--------------------+---------------------------+----------------------------+----------------------+----------------------+---------------------+
; Name         ; Pin # ; I/O Bank ; X coordinate ; Y coordinate ; Z coordinate ; Combinational Fan-Out ; Registered Fan-Out ; Global ; Input Register ; Output Register ; Output Enable Register ; Power Up High ; Slew Rate ; PCI I/O Enabled ; Open Drain ; Bus Hold ; Weak Pull Up ; I/O Standard ; Current Strength ; Output Termination ; Termination Control Block ; Output Buffer Pre-emphasis ; Location assigned by ; Output Enable Source ; Output Enable Group ;
+--------------+-------+----------+--------------+--------------+--------------+-----------------------+--------------------+--------+----------------+-----------------+------------------------+---------------+-----------+-----------------+------------+----------+--------------+--------------+------------------+--------------------+---------------------------+----------------------------+----------------------+----------------------+---------------------+
; SDRAM_DQ[0]  ; D11   ; 6        ; 31           ; 22           ; 14           ; 0                     ; 0                  ; no     ; no             ; no              ; no                     ; no            ; 2         ; yes             ; yes        ; no       ; Off          ; 3.3-V LVTTL  ; 8mA              ; Off                ; --                        ; no                         ; User                 ; 0 pF                 ; -                   ;
; SDRAM_DQ[10] ; E13   ; 6        ; 31           ; 11           ; 14           ; 0                     ; 0                  ; no     ; no             ; no              ; no                     ; no            ; 2         ; yes             ; yes        ; no       ; Off          ; 3.3-V LVTTL  ; 8mA              ; Off                ; --                        ; no                         ; User                 ; 0 pF                 ; -                   ;
; SDRAM_DQ[11] ; D12   ; 6        ; 31           ; 22           ; 21           ; 0                     ; 0                  ; no     ; no             ; no              ; no                     ; no            ; 2         ; yes             ; yes        ; no       ; Off          ; 3.3-V LVTTL  ; 8mA              ; Off                ; --                        ; no                         ; User                 ; 0 pF                 ; -                   ;
; SDRAM_DQ[12] ; C12   ; 6        ; 31           ; 20           ; 21           ; 0                     ; 0                  ; no     ; no             ; no              ; no                     ; no            ; 2         ; yes             ; yes        ; no       ; Off          ; 3.3-V LVTTL  ; 8mA              ; Off                ; --                        ; no                         ; User                 ; 0 pF                 ; -                   ;
; SDRAM_DQ[13] ; B12   ; 6        ; 31           ; 19           ; 7            ; 0                     ; 0                  ; no     ; no             ; no              ; no                     ; no            ; 2         ; yes             ; yes        ; no       ; Off          ; 3.3-V LVTTL  ; 8mA              ; Off                ; --                        ; no                         ; User                 ; 0 pF                 ; -                   ;
; SDRAM_DQ[14] ; B13   ; 6        ; 31           ; 20           ; 7            ; 0                     ; 0                  ; no     ; no             ; no              ; no                     ; no            ; 2         ; yes             ; yes        ; no       ; Off          ; 3.3-V LVTTL  ; 8mA              ; Off                ; --                        ; no                         ; User                 ; 0 pF                 ; -                   ;
; SDRAM_DQ[15] ; A12   ; 6        ; 31           ; 20           ; 0            ; 0                     ; 0                  ; no     ; no             ; no              ; no                     ; no            ; 2         ; yes             ; yes        ; no       ; Off          ; 3.3-V LVTTL  ; 8mA              ; Off                ; --                        ; no                         ; User                 ; 0 pF                 ; -                   ;
; SDRAM_DQ[1]  ; G10   ; 6        ; 31           ; 9            ; 14           ; 0                     ; 0                  ; no     ; no             ; no              ; no                     ; no            ; 2         ; yes             ; yes        ; no       ; Off          ; 3.3-V LVTTL  ; 8mA              ; Off                ; --                        ; no                         ; User                 ; 0 pF                 ; -                   ;
; SDRAM_DQ[2]  ; F10   ; 6        ; 31           ; 17           ; 14           ; 0                     ; 0                  ; no     ; no             ; no              ; no                     ; no            ; 2         ; yes             ; yes        ; no       ; Off          ; 3.3-V LVTTL  ; 8mA              ; Off                ; --                        ; no                         ; User                 ; 0 pF                 ; -                   ;
; SDRAM_DQ[3]  ; F9    ; 6        ; 31           ; 17           ; 21           ; 0                     ; 0                  ; no     ; no             ; no              ; no                     ; no            ; 2         ; yes             ; yes        ; no       ; Off          ; 3.3-V LVTTL  ; 8mA              ; Off                ; --                        ; no                         ; User                 ; 0 pF                 ; -                   ;
; SDRAM_DQ[4]  ; E10   ; 6        ; 31           ; 21           ; 21           ; 0                     ; 0                  ; no     ; no             ; no              ; no                     ; no            ; 2         ; yes             ; yes        ; no       ; Off          ; 3.3-V LVTTL  ; 8mA              ; Off                ; --                        ; no                         ; User                 ; 0 pF                 ; -                   ;
; SDRAM_DQ[5]  ; D9    ; 6        ; 31           ; 21           ; 14           ; 0                     ; 0                  ; no     ; no             ; no              ; no                     ; no            ; 2         ; yes             ; yes        ; no       ; Off          ; 3.3-V LVTTL  ; 8mA              ; Off                ; --                        ; no                         ; User                 ; 0 pF                 ; -                   ;
; SDRAM_DQ[6]  ; G9    ; 6        ; 31           ; 9            ; 21           ; 0                     ; 0                  ; no     ; no             ; no              ; no                     ; no            ; 2         ; yes             ; yes        ; no       ; Off          ; 3.3-V LVTTL  ; 8mA              ; Off                ; --                        ; no                         ; User                 ; 0 pF                 ; -                   ;
; SDRAM_DQ[7]  ; F8    ; 6        ; 31           ; 19           ; 21           ; 0                     ; 0                  ; no     ; no             ; no              ; no                     ; no            ; 2         ; yes             ; yes        ; no       ; Off          ; 3.3-V LVTTL  ; 8mA              ; Off                ; --                        ; no                         ; User                 ; 0 pF                 ; -                   ;
; SDRAM_DQ[8]  ; F13   ; 6        ; 31           ; 11           ; 21           ; 0                     ; 0                  ; no     ; no             ; no              ; no                     ; no            ; 2         ; yes             ; yes        ; no       ; Off          ; 3.3-V LVTTL  ; 8mA              ; Off                ; --                        ; no                         ; User                 ; 0 pF                 ; -                   ;
; SDRAM_DQ[9]  ; E12   ; 6        ; 31           ; 12           ; 14           ; 0                     ; 0                  ; no     ; no             ; no              ; no                     ; no            ; 2         ; yes             ; yes        ; no       ; Off          ; 3.3-V LVTTL  ; 8mA              ; Off                ; --                        ; no                         ; User                 ; 0 pF                 ; -                   ;
+--------------+-------+----------+--------------+--------------+--------------+-----------------------+--------------------+--------+----------------+-----------------+------------------------+---------------+-----------+-----------------+------------+----------+--------------+--------------+------------------+--------------------+---------------------------+----------------------------+----------------------+----------------------+---------------------+


+-----------------------------------------------------------------------------------------------------------------------------------------+
; Dual Purpose and Dedicated Pins                                                                                                         ;
+----------+----------------------------------------------------+--------------------------------+---------------------+------------------+
; Location ; Pin Name                                           ; Reserved As                    ; User Signal Name    ; Pin Type         ;
+----------+----------------------------------------------------+--------------------------------+---------------------+------------------+
; G1       ; DIFFIO_RX_L11n, DIFFOUT_L11n, TMS, Low_Speed       ; Reserved as secondary function ; ~ALTERA_TMS~        ; Dual Purpose Pin ;
; G2       ; DIFFIO_RX_L11p, DIFFOUT_L11p, TCK, Low_Speed       ; Reserved as secondary function ; ~ALTERA_TCK~        ; Dual Purpose Pin ;
; F5       ; DIFFIO_RX_L12n, DIFFOUT_L12n, TDI, Low_Speed       ; Reserved as secondary function ; ~ALTERA_TDI~        ; Dual Purpose Pin ;
; F6       ; DIFFIO_RX_L12p, DIFFOUT_L12p, TDO, Low_Speed       ; Reserved as secondary function ; ~ALTERA_TDO~        ; Dual Purpose Pin ;
; D8       ; DIFFIO_RX_T18p, DIFFOUT_T18p, DEV_OE, Low_Speed    ; Use as regular IO              ; LED[7]              ; Dual Purpose Pin ;
; D7       ; CONFIG_SEL, Low_Speed                              ; Reserved as secondary function ; ~ALTERA_CONFIG_SEL~ ; Dual Purpose Pin ;
; E7       ; nCONFIG, Low_Speed                                 ; Reserved as secondary function ; ~ALTERA_nCONFIG~    ; Dual Purpose Pin ;
; C4       ; DIFFIO_RX_T24p, DIFFOUT_T24p, nSTATUS, Low_Speed   ; Reserved as secondary function ; ~ALTERA_nSTATUS~    ; Dual Purpose Pin ;
; C5       ; DIFFIO_RX_T24n, DIFFOUT_T24n, CONF_DONE, Low_Speed ; Reserved as secondary function ; ~ALTERA_CONF_DONE~  ; Dual Purpose Pin ;
+----------+----------------------------------------------------+--------------------------------+---------------------+------------------+


+------------------------------------------------------------+
; I/O Bank Usage                                             ;
+----------+------------------+---------------+--------------+
; I/O Bank ; Usage            ; VCCIO Voltage ; VREF Voltage ;
+----------+------------------+---------------+--------------+
; 1A       ; 0 / 8 ( 0 % )    ; 3.3V          ; --           ;
; 1B       ; 4 / 10 ( 40 % )  ; 3.3V          ; --           ;
; 2        ; 1 / 16 ( 6 % )   ; 3.3V          ; --           ;
; 3        ; 20 / 30 ( 67 % ) ; 3.3V          ; --           ;
; 5        ; 0 / 16 ( 0 % )   ; 3.3V          ; --           ;
; 6        ; 18 / 22 ( 82 % ) ; 3.3V          ; --           ;
; 8        ; 15 / 28 ( 54 % ) ; 3.3V          ; --           ;
+----------+------------------+---------------+--------------+


+-----------------------------------------------------------------------------------------------------------------------------------------------------------------------------------------+
; All Package Pins                                                                                                                                                                        ;
+----------+------------+----------+------------------------------------------------+--------+-----------------------+-----------+------------+-----------------+----------+--------------+
; Location ; Pad Number ; I/O Bank ; Pin Name/Usage                                 ; Dir.   ; I/O Standard          ; Voltage   ; I/O Type   ; User Assignment ; Bus Hold ; Weak Pull Up ;
+----------+------------+----------+------------------------------------------------+--------+-----------------------+-----------+------------+-----------------+----------+--------------+
; A1       ;            ;          ; GND                                            ; gnd    ;                       ;           ; --         ;                 ; --       ; --           ;
; A2       ; 248        ; 8        ; RESERVED_INPUT_WITH_WEAK_PULLUP                ;        ;                       ;           ; Column I/O ;                 ; no       ; On           ;
; A3       ; 239        ; 8        ; RESERVED_INPUT_WITH_WEAK_PULLUP                ;        ;                       ;           ; Column I/O ;                 ; no       ; On           ;
; A4       ; 237        ; 8        ; FT2232H_TX                                     ; input  ; 3.3-V LVTTL           ;           ; Column I/O ; Y               ; no       ; Off          ;
; A5       ; 245        ; 8        ; RESERVED_INPUT_WITH_WEAK_PULLUP                ;        ;                       ;           ; Column I/O ;                 ; no       ; On           ;
; A6       ; 235        ; 8        ; RESERVED_INPUT_WITH_WEAK_PULLUP                ;        ;                       ;           ; Column I/O ;                 ; no       ; On           ;
; A7       ; 233        ; 8        ; RESERVED_INPUT_WITH_WEAK_PULLUP                ;        ;                       ;           ; Column I/O ;                 ; no       ; On           ;
; A8       ; 221        ; 8        ; LED[0]                                         ; output ; 3.3-V LVTTL           ;           ; Column I/O ; Y               ; no       ; Off          ;
; A9       ; 223        ; 8        ; LED[1]                                         ; output ; 3.3-V LVTTL           ;           ; Column I/O ; Y               ; no       ; Off          ;
; A10      ; 225        ; 8        ; LED[3]                                         ; output ; 3.3-V LVTTL           ;           ; Column I/O ; Y               ; no       ; Off          ;
; A11      ; 227        ; 8        ; LED[2]                                         ; output ; 3.3-V LVTTL           ;           ; Column I/O ; Y               ; no       ; Off          ;
; A12      ; 183        ; 6        ; SDRAM_DQ[15]                                   ; bidir  ; 3.3-V LVTTL           ;           ; Row I/O    ; Y               ; no       ; Off          ;
; A13      ;            ;          ; GND                                            ; gnd    ;                       ;           ; --         ;                 ; --       ; --           ;
; B1       ; 10         ; 1A       ; RESERVED_INPUT_WITH_WEAK_PULLUP                ;        ;                       ;           ; Row I/O    ;                 ; no       ; On           ;
; B2       ; 250        ; 8        ; RESERVED_INPUT_WITH_WEAK_PULLUP                ;        ;                       ;           ; Column I/O ;                 ; no       ; On           ;
; B3       ; 241        ; 8        ; RESERVED_INPUT_WITH_WEAK_PULLUP                ;        ;                       ;           ; Column I/O ;                 ; no       ; On           ;
; B4       ; 243        ; 8        ; FT2232H_RX                                     ; output ; 3.3-V LVTTL           ;           ; Column I/O ; Y               ; no       ; Off          ;
; B5       ; 238        ; 8        ; RESERVED_INPUT_WITH_WEAK_PULLUP                ;        ;                       ;           ; Column I/O ;                 ; no       ; On           ;
; B6       ; 236        ; 8        ; RESERVED_INPUT_WITH_WEAK_PULLUP                ;        ;                       ;           ; Column I/O ;                 ; no       ; On           ;
; B7       ; 231        ; 8        ; RESERVED_INPUT_WITH_WEAK_PULLUP                ;        ;                       ;           ; Column I/O ;                 ; --       ; --           ;
; B8       ;            ;          ; GND                                            ; gnd    ;                       ;           ; --         ;                 ; --       ; --           ;
; B9       ; 226        ; 8        ; RESERVED_INPUT_WITH_WEAK_PULLUP                ;        ;                       ;           ; Column I/O ;                 ; no       ; On           ;
; B10      ; 224        ; 8        ; LED[4]                                         ; output ; 3.3-V LVTTL           ;           ; Column I/O ; Y               ; no       ; Off          ;
; B11      ; 179        ; 6        ; RESERVED_INPUT_WITH_WEAK_PULLUP                ;        ;                       ;           ; Row I/O    ;                 ; no       ; On           ;
; B12      ; 177        ; 6        ; SDRAM_DQ[13]                                   ; bidir  ; 3.3-V LVTTL           ;           ; Row I/O    ; Y               ; no       ; Off          ;
; B13      ; 181        ; 6        ; SDRAM_DQ[14]                                   ; bidir  ; 3.3-V LVTTL           ;           ; Row I/O    ; Y               ; no       ; Off          ;
; C1       ; 8          ; 1A       ; RESERVED_INPUT_WITH_WEAK_PULLUP                ;        ;                       ;           ; Row I/O    ;                 ; no       ; On           ;
; C2       ; 2          ; 1A       ; RESERVED_INPUT_WITH_WEAK_PULLUP                ;        ;                       ;           ; Row I/O    ;                 ; no       ; On           ;
; C3       ;            ;          ; GND                                            ; gnd    ;                       ;           ; --         ;                 ; --       ; --           ;
; C4       ; 244        ; 8        ; ~ALTERA_nSTATUS~ / RESERVED_INPUT              ; input  ; 3.3 V Schmitt Trigger ;           ; Column I/O ; N               ; no       ; Off          ;
; C5       ; 246        ; 8        ; ~ALTERA_CONF_DONE~ / RESERVED_INPUT            ; input  ; 3.3 V Schmitt Trigger ;           ; Column I/O ; N               ; no       ; Off          ;
; C6       ;            ; 8        ; VCCIO8                                         ; power  ;                       ; 3.3V      ; --         ;                 ; --       ; --           ;
; C7       ;            ; 8        ; VCCIO8                                         ; power  ;                       ; 3.3V      ; --         ;                 ; --       ; --           ;
; C8       ;            ; 8        ; VCCIO8                                         ; power  ;                       ; 3.3V      ; --         ;                 ; --       ; --           ;
; C9       ; 222        ; 8        ; LED[5]                                         ; output ; 3.3-V LVTTL           ;           ; Column I/O ; Y               ; no       ; Off          ;
; C10      ; 220        ; 8        ; LED[6]                                         ; output ; 3.3-V LVTTL           ;           ; Column I/O ; Y               ; no       ; Off          ;
; C11      ; 182        ; 6        ; RESERVED_INPUT_WITH_WEAK_PULLUP                ;        ;                       ;           ; Row I/O    ;                 ; no       ; On           ;
; C12      ; 180        ; 6        ; SDRAM_DQ[12]                                   ; bidir  ; 3.3-V LVTTL           ;           ; Row I/O    ; Y               ; no       ; Off          ;
; C13      ; 175        ; 6        ; RESERVED_INPUT_WITH_WEAK_PULLUP                ;        ;                       ;           ; Row I/O    ;                 ; no       ; On           ;
; D1       ; 0          ; 1A       ; RESERVED_INPUT_WITH_WEAK_PULLUP                ;        ;                       ;           ; Row I/O    ;                 ; no       ; On           ;
; D2       ;            ;          ; ANAIN1                                         ;        ;                       ;           ; --         ;                 ; --       ; --           ;
; D3       ;            ;          ; ADC_VREF                                       ;        ;                       ;           ; --         ;                 ; --       ; --           ;
; D4       ;            ; --       ; VCCA3                                          ; power  ;                       ; 3.0V/3.3V ; --         ;                 ; --       ; --           ;
; D5       ;            ;          ; GND                                            ; gnd    ;                       ;           ; --         ;                 ; --       ; --           ;
; D6       ; 242        ; 8        ; RESERVED_INPUT_WITH_WEAK_PULLUP                ;        ;                       ;           ; Column I/O ;                 ; no       ; On           ;
; D7       ; 232        ; 8        ; ~ALTERA_CONFIG_SEL~ / RESERVED_INPUT           ; input  ; 3.3-V LVTTL           ;           ; Column I/O ; N               ; no       ; Off          ;
; D8       ; 228        ; 8        ; LED[7]                                         ; output ; 3.3-V LVTTL           ;           ; Column I/O ; Y               ; no       ; Off          ;
; D9       ; 186        ; 6        ; SDRAM_DQ[5]                                    ; bidir  ; 3.3-V LVTTL           ;           ; Row I/O    ; Y               ; no       ; Off          ;
; D10      ;            ; --       ; VCCA2                                          ; power  ;                       ; 3.0V/3.3V ; --         ;                 ; --       ; --           ;
; D11      ; 190        ; 6        ; SDRAM_DQ[0]                                    ; bidir  ; 3.3-V LVTTL           ;           ; Row I/O    ; Y               ; no       ; Off          ;
; D12      ; 188        ; 6        ; SDRAM_DQ[11]                                   ; bidir  ; 3.3-V LVTTL           ;           ; Row I/O    ; Y               ; no       ; Off          ;
; D13      ; 173        ; 6        ; RESERVED_INPUT_WITH_WEAK_PULLUP                ;        ;                       ;           ; Row I/O    ;                 ; --       ; --           ;
; E1       ; 14         ; 1A       ; RESERVED_INPUT_WITH_WEAK_PULLUP                ;        ;                       ;           ; Row I/O    ;                 ; no       ; On           ;
; E2       ;            ;          ; REFGND                                         ;        ;                       ;           ; --         ;                 ; --       ; --           ;
; E3       ; 4          ; 1A       ; RESERVED_INPUT_WITH_WEAK_PULLUP                ;        ;                       ;           ; Row I/O    ;                 ; no       ; On           ;
; E4       ; 6          ; 1A       ; RESERVED_INPUT_WITH_WEAK_PULLUP                ;        ;                       ;           ; Row I/O    ;                 ; no       ; On           ;
; E5       ; 18         ; 1B       ; RESERVED_INPUT_WITH_WEAK_PULLUP                ;        ;                       ;           ; Row I/O    ;                 ; no       ; On           ;
; E6       ; 240        ; 8        ; USER_BTN                                       ; input  ; 3.3 V Schmitt Trigger ;           ; Column I/O ; Y               ; no       ; Off          ;
; E7       ; 234        ; 8        ; ~ALTERA_nCONFIG~ / RESERVED_INPUT              ; input  ; 3.3 V Schmitt Trigger ;           ; Column I/O ; N               ; no       ; Off          ;
; E8       ; 230        ; 8        ; RESERVED_INPUT_WITH_WEAK_PULLUP                ;        ;                       ;           ; Column I/O ;                 ; no       ; On           ;
; E9       ; 178        ; 6        ; SDRAM_DQM[0]                                   ; output ; 3.3-V LVTTL           ;           ; Row I/O    ; Y               ; no       ; Off          ;
; E10      ; 184        ; 6        ; SDRAM_DQ[4]                                    ; bidir  ; 3.3-V LVTTL           ;           ; Row I/O    ; Y               ; no       ; Off          ;
; E11      ;            ;          ; GND                                            ; gnd    ;                       ;           ; --         ;                 ; --       ; --           ;
; E12      ; 158        ; 6        ; SDRAM_DQ[9]                                    ; bidir  ; 3.3-V LVTTL           ;           ; Row I/O    ; Y               ; no       ; Off          ;
; E13      ; 154        ; 6        ; SDRAM_DQ[10]                                   ; bidir  ; 3.3-V LVTTL           ;           ; Row I/O    ; Y               ; no       ; Off          ;
; F1       ; 12         ; 1A       ; RESERVED_INPUT_WITH_WEAK_PULLUP                ;        ;                       ;           ; Row I/O    ;                 ; no       ; On           ;
; F2       ;            ; 1A       ; VCCIO1A                                        ; power  ;                       ; 3.3V      ; --         ;                 ; --       ; --           ;
; F3       ;            ;          ; GND                                            ; gnd    ;                       ;           ; --         ;                 ; --       ; --           ;
; F4       ; 28         ; 1B       ; RESERVED_INPUT_WITH_WEAK_PULLUP                ;        ;                       ;           ; Row I/O    ;                 ; no       ; On           ;
; F5       ; 24         ; 1B       ; ~ALTERA_TDI~ / RESERVED_INPUT_WITH_WEAK_PULLUP ; input  ; 3.3 V Schmitt Trigger ;           ; Row I/O    ; N               ; no       ; On           ;
; F6       ; 26         ; 1B       ; ~ALTERA_TDO~                                   ; output ; 3.3-V LVTTL           ;           ; Row I/O    ; N               ; no       ; Off          ;
; F7       ;            ; --       ; VCC_ONE                                        ; power  ;                       ; 3.0V/3.3V ; --         ;                 ; --       ; --           ;
; F8       ; 176        ; 6        ; SDRAM_DQ[7]                                    ; bidir  ; 3.3-V LVTTL           ;           ; Row I/O    ; Y               ; no       ; Off          ;
; F9       ; 172        ; 6        ; SDRAM_DQ[3]                                    ; bidir  ; 3.3-V LVTTL           ;           ; Row I/O    ; Y               ; no       ; Off          ;
; F10      ; 174        ; 6        ; SDRAM_DQ[2]                                    ; bidir  ; 3.3-V LVTTL           ;           ; Row I/O    ; Y               ; no       ; Off          ;
; F11      ;            ; 6        ; VCCIO6                                         ; power  ;                       ; 3.3V      ; --         ;                 ; --       ; --           ;
; F12      ; 156        ; 6        ; SDRAM_DQM[1]                                   ; output ; 3.3-V LVTTL           ;           ; Row I/O    ; Y               ; no       ; Off          ;
; F13      ; 152        ; 6        ; SDRAM_DQ[8]                                    ; bidir  ; 3.3-V LVTTL           ;           ; Row I/O    ; Y               ; no       ; Off          ;
; G1       ; 20         ; 1B       ; ~ALTERA_TMS~ / RESERVED_INPUT_WITH_WEAK_PULLUP ; input  ; 3.3 V Schmitt Trigger ;           ; Row I/O    ; N               ; no       ; On           ;
; G2       ; 22         ; 1B       ; ~ALTERA_TCK~ / RESERVED_INPUT                  ; input  ; 3.3 V Schmitt Trigger ;           ; Row I/O    ; N               ; no       ; Off          ;
; G3       ;            ; 1B       ; VCCIO1B                                        ; power  ;                       ; 3.3V      ; --         ;                 ; --       ; --           ;
; G4       ; 30         ; 1B       ; RESERVED_INPUT_WITH_WEAK_PULLUP                ;        ;                       ;           ; Row I/O    ;                 ; no       ; On           ;
; G5       ; 36         ; 2        ; RESERVED_INPUT_WITH_WEAK_PULLUP                ;        ;                       ;           ; Row I/O    ;                 ; no       ; On           ;
; G6       ;            ; --       ; VCC_ONE                                        ; power  ;                       ; 3.0V/3.3V ; --         ;                 ; --       ; --           ;
; G7       ;            ;          ; GND                                            ; gnd    ;                       ;           ; --         ;                 ; --       ; --           ;
; G8       ;            ; --       ; VCC_ONE                                        ; power  ;                       ; 3.0V/3.3V ; --         ;                 ; --       ; --           ;
; G9       ; 148        ; 6        ; SDRAM_DQ[6]                                    ; bidir  ; 3.3-V LVTTL           ;           ; Row I/O    ; Y               ; no       ; Off          ;
; G10      ; 150        ; 6        ; SDRAM_DQ[1]                                    ; bidir  ; 3.3-V LVTTL           ;           ; Row I/O    ; Y               ; no       ; Off          ;
; G11      ;            ; 6        ; VCCIO6                                         ; power  ;                       ; 3.3V      ; --         ;                 ; --       ; --           ;
; G12      ; 143        ; 5        ; RESERVED_INPUT_WITH_WEAK_PULLUP                ;        ;                       ;           ; Row I/O    ;                 ; no       ; On           ;
; G13      ; 141        ; 5        ; RESERVED_INPUT_WITH_WEAK_PULLUP                ;        ;                       ;           ; Row I/O    ;                 ; no       ; On           ;
; H1       ; 21         ; 1B       ; RESERVED_INPUT_WITH_WEAK_PULLUP                ;        ;                       ;           ; Row I/O    ;                 ; --       ; --           ;
; H2       ; 32         ; 1B       ; RESERVED_INPUT_WITH_WEAK_PULLUP                ;        ;                       ;           ; Row I/O    ;                 ; no       ; On           ;
; H3       ; 34         ; 1B       ; RESERVED_INPUT_WITH_WEAK_PULLUP                ;        ;                       ;           ; Row I/O    ;                 ; no       ; On           ;
; H4       ; 42         ; 2        ; RESERVED_INPUT_WITH_WEAK_PULLUP                ;        ;                       ;           ; Row I/O    ;                 ; no       ; On           ;
; H5       ; 40         ; 2        ; RESERVED_INPUT_WITH_WEAK_PULLUP                ;        ;                       ;           ; Row I/O    ;                 ; no       ; On           ;
; H6       ; 38         ; 2        ; CLK12M                                         ; input  ; 3.3-V LVTTL           ;           ; Row I/O    ; Y               ; no       ; Off          ;
; H7       ;            ; --       ; VCC_ONE                                        ; power  ;                       ; 3.0V/3.3V ; --         ;                 ; --       ; --           ;
; H8       ; 142        ; 5        ; RESERVED_INPUT_WITH_WEAK_PULLUP                ;        ;                       ;           ; Row I/O    ;                 ; no       ; On           ;
; H9       ; 140        ; 5        ; RESERVED_INPUT_WITH_WEAK_PULLUP                ;        ;                       ;           ; Row I/O    ;                 ; no       ; On           ;
; H10      ; 138        ; 5        ; RESERVED_INPUT_WITH_WEAK_PULLUP                ;        ;                       ;           ; Row I/O    ;                 ; no       ; On           ;
; H11      ;            ; 5        ; VCCIO5                                         ; power  ;                       ; 3.3V      ; --         ;                 ; --       ; --           ;
; H12      ;            ;          ; GND                                            ; gnd    ;                       ;           ; --         ;                 ; --       ; --           ;
; H13      ; 139        ; 5        ; RESERVED_INPUT_WITH_WEAK_PULLUP                ;        ;                       ;           ; Row I/O    ;                 ; no       ; On           ;
; J1       ; 37         ; 2        ; RESERVED_INPUT_WITH_WEAK_PULLUP                ;        ;                       ;           ; Row I/O    ;                 ; no       ; On           ;
; J2       ; 39         ; 2        ; RESERVED_INPUT_WITH_WEAK_PULLUP                ;        ;                       ;           ; Row I/O    ;                 ; no       ; On           ;
; J3       ;            ; 2        ; VCCIO2                                         ; power  ;                       ; 3.3V      ; --         ;                 ; --       ; --           ;
; J4       ;            ;          ; GND                                            ; gnd    ;                       ;           ; --         ;                 ; --       ; --           ;
; J5       ; 66         ; 3        ; RESERVED_INPUT_WITH_WEAK_PULLUP                ;        ;                       ;           ; Column I/O ;                 ; no       ; On           ;
; J6       ; 72         ; 3        ; RESERVED_INPUT_WITH_WEAK_PULLUP                ;        ;                       ;           ; Column I/O ;                 ; no       ; On           ;
; J7       ; 76         ; 3        ; RESERVED_INPUT_WITH_WEAK_PULLUP                ;        ;                       ;           ; Column I/O ;                 ; no       ; On           ;
; J8       ; 88         ; 3        ; SDRAM_A[3]                                     ; output ; 3.3-V LVTTL           ;           ; Column I/O ; Y               ; no       ; Off          ;
; J9       ; 136        ; 5        ; RESERVED_INPUT_WITH_WEAK_PULLUP                ;        ;                       ;           ; Row I/O    ;                 ; no       ; On           ;
; J10      ; 122        ; 5        ; RESERVED_INPUT_WITH_WEAK_PULLUP                ;        ;                       ;           ; Row I/O    ;                 ; no       ; On           ;
; J11      ;            ; 5        ; VCCIO5                                         ; power  ;                       ; 3.3V      ; --         ;                 ; --       ; --           ;
; J12      ; 134        ; 5        ; RESERVED_INPUT_WITH_WEAK_PULLUP                ;        ;                       ;           ; Row I/O    ;                 ; no       ; On           ;
; J13      ; 137        ; 5        ; RESERVED_INPUT_WITH_WEAK_PULLUP                ;        ;                       ;           ; Row I/O    ;                 ; no       ; On           ;
; K1       ; 57         ; 2        ; RESERVED_INPUT_WITH_WEAK_PULLUP                ;        ;                       ;           ; Row I/O    ;                 ; no       ; On           ;
; K2       ; 59         ; 2        ; RESERVED_INPUT_WITH_WEAK_PULLUP                ;        ;                       ;           ; Row I/O    ;                 ; no       ; On           ;
; K3       ;            ; 2        ; VCCIO2                                         ; power  ;                       ; 3.3V      ; --         ;                 ; --       ; --           ;
; K4       ;            ; --       ; VCCA1                                          ; power  ;                       ; 3.0V/3.3V ; --         ;                 ; --       ; --           ;
; K5       ; 64         ; 3        ; RESERVED_INPUT_WITH_WEAK_PULLUP                ;        ;                       ;           ; Column I/O ;                 ; no       ; On           ;
; K6       ; 74         ; 3        ; SDRAM_A[0]                                     ; output ; 3.3-V LVTTL           ;           ; Column I/O ; Y               ; no       ; Off          ;
; K7       ; 78         ; 3        ; SDRAM_WE                                       ; output ; 3.3-V LVTTL           ;           ; Column I/O ; Y               ; no       ; Off          ;
; K8       ; 90         ; 3        ; SDRAM_BA[1]                                    ; output ; 3.3-V LVTTL           ;           ; Column I/O ; Y               ; no       ; Off          ;
; K9       ;            ; --       ; VCCA4                                          ; power  ;                       ; 3.0V/3.3V ; --         ;                 ; --       ; --           ;
; K10      ; 120        ; 5        ; RESERVED_INPUT_WITH_WEAK_PULLUP                ;        ;                       ;           ; Row I/O    ;                 ; no       ; On           ;
; K11      ; 121        ; 5        ; RESERVED_INPUT_WITH_WEAK_PULLUP                ;        ;                       ;           ; Row I/O    ;                 ; no       ; On           ;
; K12      ; 132        ; 5        ; RESERVED_INPUT_WITH_WEAK_PULLUP                ;        ;                       ;           ; Row I/O    ;                 ; no       ; On           ;
; K13      ; 135        ; 5        ; RESERVED_INPUT_WITH_WEAK_PULLUP                ;        ;                       ;           ; Row I/O    ;                 ; --       ; --           ;
; L1       ; 45         ; 2        ; RESERVED_INPUT_WITH_WEAK_PULLUP                ;        ;                       ;           ; Row I/O    ;                 ; --       ; --           ;
; L2       ; 47         ; 2        ; RESERVED_INPUT_WITH_WEAK_PULLUP                ;        ;                       ;           ; Row I/O    ;                 ; no       ; On           ;
; L3       ; 58         ; 2        ; RESERVED_INPUT_WITH_WEAK_PULLUP                ;        ;                       ;           ; Row I/O    ;                 ; no       ; On           ;
; L4       ; 62         ; 3        ; RESERVED_INPUT_WITH_WEAK_PULLUP                ;        ;                       ;           ; Column I/O ;                 ; no       ; On           ;
; L5       ; 60         ; 3        ; RESERVED_INPUT_WITH_WEAK_PULLUP                ;        ;                       ;           ; Column I/O ;                 ; no       ; On           ;
; L6       ;            ; 3        ; VCCIO3                                         ; power  ;                       ; 3.3V      ; --         ;                 ; --       ; --           ;
; L7       ;            ; 3        ; VCCIO3                                         ; power  ;                       ; 3.3V      ; --         ;                 ; --       ; --           ;
; L8       ;            ; 3        ; VCCIO3                                         ; power  ;                       ; 3.3V      ; --         ;                 ; --       ; --           ;
; L9       ;            ;          ; GND                                            ; gnd    ;                       ;           ; --         ;                 ; --       ; --           ;
; L10      ; 94         ; 3        ; SDRAM_A[7]                                     ; output ; 3.3-V LVTTL           ;           ; Column I/O ; Y               ; no       ; Off          ;
; L11      ; 86         ; 3        ; RESERVED_INPUT_WITH_WEAK_PULLUP                ;        ;                       ;           ; Column I/O ;                 ; no       ; On           ;
; L12      ; 123        ; 5        ; RESERVED_INPUT_WITH_WEAK_PULLUP                ;        ;                       ;           ; Row I/O    ;                 ; no       ; On           ;
; L13      ; 133        ; 5        ; RESERVED_INPUT_WITH_WEAK_PULLUP                ;        ;                       ;           ; Row I/O    ;                 ; no       ; On           ;
; M1       ; 41         ; 2        ; RESERVED_INPUT_WITH_WEAK_PULLUP                ;        ;                       ;           ; Row I/O    ;                 ; no       ; On           ;
; M2       ; 43         ; 2        ; RESERVED_INPUT_WITH_WEAK_PULLUP                ;        ;                       ;           ; Row I/O    ;                 ; no       ; On           ;
; M3       ; 56         ; 2        ; RESERVED_INPUT_WITH_WEAK_PULLUP                ;        ;                       ;           ; Row I/O    ;                 ; no       ; On           ;
; M4       ; 61         ; 3        ; SDRAM_CS                                       ; output ; 3.3-V LVTTL           ;           ; Column I/O ; Y               ; no       ; Off          ;
; M5       ; 63         ; 3        ; SDRAM_A[1]                                     ; output ; 3.3-V LVTTL           ;           ; Column I/O ; Y               ; no       ; Off          ;
; M6       ;            ;          ; GND                                            ; gnd    ;                       ;           ; --         ;                 ; --       ; --           ;
; M7       ; 70         ; 3        ; SDRAM_RAS                                      ; output ; 3.3-V LVTTL           ;           ; Column I/O ; Y               ; no       ; Off          ;
; M8       ; 73         ; 3        ; SDRAM_CKE                                      ; output ; 3.3-V LVTTL           ;           ; Column I/O ; Y               ; no       ; Off          ;
; M9       ; 75         ; 3        ; SDRAM_CLK                                      ; output ; 3.3-V LVTTL           ;           ; Column I/O ; Y               ; no       ; Off          ;
; M10      ; 92         ; 3        ; SDRAM_A[11]                                    ; output ; 3.3-V LVTTL           ;           ; Column I/O ; Y               ; no       ; Off          ;
; M11      ; 84         ; 3        ; SDRAM_A[5]                                     ; output ; 3.3-V LVTTL           ;           ; Column I/O ; Y               ; no       ; Off          ;
; M12      ; 82         ; 3        ; RESERVED_INPUT_WITH_WEAK_PULLUP                ;        ;                       ;           ; Column I/O ;                 ; no       ; On           ;
; M13      ; 80         ; 3        ; SDRAM_A[8]                                     ; output ; 3.3-V LVTTL           ;           ; Column I/O ; Y               ; no       ; Off          ;
; N1       ;            ;          ; GND                                            ; gnd    ;                       ;           ; --         ;                 ; --       ; --           ;
; N2       ; 44         ; 2        ; RESERVED_INPUT_WITH_WEAK_PULLUP                ;        ;                       ;           ; Row I/O    ;                 ; no       ; On           ;
; N3       ; 46         ; 2        ; RESERVED_INPUT_WITH_WEAK_PULLUP                ;        ;                       ;           ; Row I/O    ;                 ; no       ; On           ;
; N4       ; 65         ; 3        ; SDRAM_A[10]                                    ; output ; 3.3-V LVTTL           ;           ; Column I/O ; Y               ; no       ; Off          ;
; N5       ; 67         ; 3        ; SDRAM_A[2]                                     ; output ; 3.3-V LVTTL           ;           ; Column I/O ; Y               ; no       ; Off          ;
; N6       ; 68         ; 3        ; SDRAM_BA[0]                                    ; output ; 3.3-V LVTTL           ;           ; Column I/O ; Y               ; no       ; Off          ;
; N7       ; 69         ; 3        ; SDRAM_CAS                                      ; output ; 3.3-V LVTTL           ;           ; Column I/O ; Y               ; no       ; Off          ;
; N8       ; 71         ; 3        ; SDRAM_A[9]                                     ; output ; 3.3-V LVTTL           ;           ; Column I/O ; Y               ; no       ; Off          ;
; N9       ; 83         ; 3        ; SDRAM_A[6]                                     ; output ; 3.3-V LVTTL           ;           ; Column I/O ; Y               ; no       ; Off          ;
; N10      ; 81         ; 3        ; SDRAM_A[4]                                     ; output ; 3.3-V LVTTL           ;           ; Column I/O ; Y               ; no       ; Off          ;
; N11      ; 77         ; 3        ; RESERVED_INPUT_WITH_WEAK_PULLUP                ;        ;                       ;           ; Column I/O ;                 ; --       ; --           ;
; N12      ; 79         ; 3        ; RESERVED_INPUT_WITH_WEAK_PULLUP                ;        ;                       ;           ; Column I/O ;                 ; no       ; On           ;
; N13      ;            ;          ; GND                                            ; gnd    ;                       ;           ; --         ;                 ; --       ; --           ;
+----------+------------+----------+------------------------------------------------+--------+-----------------------+-----------+------------+-----------------+----------+--------------+
Note: Pin directions (input, output or bidir) are based on device operating in user mode.


+-----------------------------------------------------------------------------------------------------+
; PLL Summary                                                                                         ;
+-------------------------------+---------------------------------------------------------------------+
; Name                          ; pll1:U_PLL1|altpll:altpll_component|pll1_altpll:auto_generated|pll1 ;
+-------------------------------+---------------------------------------------------------------------+
; SDC pin name                  ; U_PLL1|altpll_component|auto_generated|pll1                         ;
; PLL mode                      ; Normal                                                              ;
; Compensate clock              ; clock0                                                              ;
; Compensated input/output pins ; --                                                                  ;
; Switchover type               ; --                                                                  ;
; Input frequency 0             ; 12.0 MHz                                                            ;
; Input frequency 1             ; --                                                                  ;
; Nominal PFD frequency         ; 12.0 MHz                                                            ;
; Nominal VCO frequency         ; 300.0 MHz                                                           ;
; VCO post scale K counter      ; 2                                                                   ;
; VCO frequency control         ; Auto                                                                ;
; VCO phase shift step          ; 416 ps                                                              ;
; VCO multiply                  ; --                                                                  ;
; VCO divide                    ; --                                                                  ;
; Freq min lock                 ; 12.0 MHz                                                            ;
; Freq max lock                 ; 26.01 MHz                                                           ;
; M VCO Tap                     ; 0                                                                   ;
; M Initial                     ; 1                                                                   ;
; M value                       ; 25                                                                  ;
; N value                       ; 1                                                                   ;
; Charge pump current           ; setting 1                                                           ;
; Loop filter resistance        ; setting 24                                                          ;
; Loop filter capacitance       ; setting 0                                                           ;
; Bandwidth                     ; 450 kHz to 980 kHz                                                  ;
; Bandwidth type                ; Medium                                                              ;
; Real time reconfigurable      ; Off                                                                 ;
; Scan chain MIF file           ; --                                                                  ;
; Preserve PLL counter order    ; Off                                                                 ;
; PLL location                  ; PLL_1                                                               ;
; Inclk0 signal                 ; CLK12M                                                              ;
; Inclk1 signal                 ; --                                                                  ;
; Inclk0 signal type            ; Dedicated Pin                                                       ;
; Inclk1 signal type            ; --                                                                  ;
+-------------------------------+---------------------------------------------------------------------+


+--------------------------------------------------------------------------------------------------------------------------------------------------------------------------------------------------------------------------------------------------------------------------------------------------------------+
; PLL Usage                                                                                                                                                                                                                                                                                                    ;
+---------------------------------------------------------------------------------+--------------+------+-----+------------------+-------------+------------------+------------+---------+---------------+------------+---------------+---------+---------+----------------------------------------------------+
; Name                                                                            ; Output Clock ; Mult ; Div ; Output Frequency ; Phase Shift ; Phase Shift Step ; Duty Cycle ; Counter ; Counter Value ; High / Low ; Cascade Input ; Initial ; VCO Tap ; SDC Pin Name                                       ;
+---------------------------------------------------------------------------------+--------------+------+-----+------------------+-------------+------------------+------------+---------+---------------+------------+---------------+---------+---------+----------------------------------------------------+
; pll1:U_PLL1|altpll:altpll_component|pll1_altpll:auto_generated|wire_pll1_clk[0] ; clock0       ; 25   ; 6   ; 50.0 MHz         ; 0 (0 ps)    ; 7.50 (416 ps)    ; 50/50      ; C0      ; 6             ; 3/3 Even   ; --            ; 1       ; 0       ; U_PLL1|altpll_component|auto_generated|pll1|clk[0] ;
+---------------------------------------------------------------------------------+--------------+------+-----+------------------+-------------+------------------+------------+---------+---------------+------------+---------------+---------+---------+----------------------------------------------------+


+---------------------------------------+
; I/O Assignment Warnings               ;
+--------------+------------------------+
; Pin Name     ; Reason                 ;
+--------------+------------------------+
; LED[0]       ; Missing drive strength ;
; LED[1]       ; Missing drive strength ;
; LED[2]       ; Missing drive strength ;
; LED[3]       ; Missing drive strength ;
; LED[4]       ; Missing drive strength ;
; LED[5]       ; Missing drive strength ;
; LED[6]       ; Missing drive strength ;
; LED[7]       ; Missing drive strength ;
; SDRAM_A[0]   ; Missing drive strength ;
; SDRAM_A[1]   ; Missing drive strength ;
; SDRAM_A[2]   ; Missing drive strength ;
; SDRAM_A[3]   ; Missing drive strength ;
; SDRAM_A[4]   ; Missing drive strength ;
; SDRAM_A[5]   ; Missing drive strength ;
; SDRAM_A[6]   ; Missing drive strength ;
; SDRAM_A[7]   ; Missing drive strength ;
; SDRAM_A[8]   ; Missing drive strength ;
; SDRAM_A[9]   ; Missing drive strength ;
; SDRAM_A[10]  ; Missing drive strength ;
; SDRAM_A[11]  ; Missing drive strength ;
; SDRAM_BA[0]  ; Missing drive strength ;
; SDRAM_BA[1]  ; Missing drive strength ;
; SDRAM_CLK    ; Missing drive strength ;
; SDRAM_CKE    ; Missing drive strength ;
; SDRAM_CAS    ; Missing drive strength ;
; SDRAM_CS     ; Missing drive strength ;
; SDRAM_RAS    ; Missing drive strength ;
; SDRAM_WE     ; Missing drive strength ;
; SDRAM_DQM[0] ; Missing drive strength ;
; SDRAM_DQM[1] ; Missing drive strength ;
; FT2232H_RX   ; Missing drive strength ;
; SDRAM_DQ[0]  ; Missing drive strength ;
; SDRAM_DQ[1]  ; Missing drive strength ;
; SDRAM_DQ[2]  ; Missing drive strength ;
; SDRAM_DQ[3]  ; Missing drive strength ;
; SDRAM_DQ[4]  ; Missing drive strength ;
; SDRAM_DQ[5]  ; Missing drive strength ;
; SDRAM_DQ[6]  ; Missing drive strength ;
; SDRAM_DQ[7]  ; Missing drive strength ;
; SDRAM_DQ[8]  ; Missing drive strength ;
; SDRAM_DQ[9]  ; Missing drive strength ;
; SDRAM_DQ[10] ; Missing drive strength ;
; SDRAM_DQ[11] ; Missing drive strength ;
; SDRAM_DQ[12] ; Missing drive strength ;
; SDRAM_DQ[13] ; Missing drive strength ;
; SDRAM_DQ[14] ; Missing drive strength ;
; SDRAM_DQ[15] ; Missing drive strength ;
+--------------+------------------------+


+----------------------------------------------------------------------------------------------------------------------------------------------------------------------------------------------------------------------------------------------------------------------------------------------------------------------------------------------------------------------------+
; Fitter Resource Utilization by Entity                                                                                                                                                                                                                                                                                                                                      ;
+-------------------------------------------+-------------+---------------------------+---------------+-------------+------+------------+--------------+---------+-----------+------+--------------+--------------+-------------------+------------------+------------+---------------------------------------------------------------------+-----------------+--------------+
; Compilation Hierarchy Node                ; Logic Cells ; Dedicated Logic Registers ; I/O Registers ; Memory Bits ; M9Ks ; UFM Blocks ; DSP Elements ; DSP 9x9 ; DSP 18x18 ; Pins ; Virtual Pins ; LUT-Only LCs ; Register-Only LCs ; LUT/Register LCs ; ADC blocks ; Full Hierarchy Name                                                 ; Entity Name     ; Library Name ;
+-------------------------------------------+-------------+---------------------------+---------------+-------------+------+------------+--------------+---------+-----------+------+--------------+--------------+-------------------+------------------+------------+---------------------------------------------------------------------+-----------------+--------------+
; |top                                      ; 2599 (75)   ; 1260 (32)                 ; 0 (0)         ; 32768       ; 4    ; 1          ; 0            ; 0       ; 0         ; 50   ; 0            ; 1339 (43)    ; 17 (0)            ; 1243 (32)        ; 0          ; |top                                                                ; top             ; work         ;
;    |cpu:uut|                              ; 2483 (196)  ; 1225 (71)                 ; 0 (0)         ; 0           ; 0    ; 0          ; 0            ; 0       ; 0         ; 0    ; 0            ; 1258 (125)   ; 17 (6)            ; 1208 (59)        ; 0          ; |top|cpu:uut                                                        ; cpu             ; work         ;
;       |alu:U_ALU|                         ; 615 (615)   ; 0 (0)                     ; 0 (0)         ; 0           ; 0    ; 0          ; 0            ; 0       ; 0         ; 0    ; 0            ; 611 (611)    ; 0 (0)             ; 4 (4)            ; 0          ; |top|cpu:uut|alu:U_ALU                                              ; alu             ; work         ;
;       |bcond:U_BCOND|                     ; 87 (87)     ; 1 (1)                     ; 0 (0)         ; 0           ; 0    ; 0          ; 0            ; 0       ; 0         ; 0    ; 0            ; 86 (86)      ; 0 (0)             ; 1 (1)            ; 0          ; |top|cpu:uut|bcond:U_BCOND                                          ; bcond           ; work         ;
;       |decode:U_DECODE|                   ; 43 (43)     ; 33 (33)                   ; 0 (0)         ; 0           ; 0    ; 0          ; 0            ; 0       ; 0         ; 0    ; 0            ; 8 (8)        ; 7 (7)             ; 28 (28)          ; 0          ; |top|cpu:uut|decode:U_DECODE                                        ; decode          ; work         ;
;       |lsu:U_LSU|                         ; 80 (80)     ; 64 (64)                   ; 0 (0)         ; 0           ; 0    ; 0          ; 0            ; 0       ; 0         ; 0    ; 0            ; 14 (14)      ; 0 (0)             ; 66 (66)          ; 0          ; |top|cpu:uut|lsu:U_LSU                                              ; lsu             ; work         ;
;       |regfile:U_REGFILE|                 ; 1473 (1473) ; 1056 (1056)               ; 0 (0)         ; 0           ; 0    ; 0          ; 0            ; 0       ; 0         ; 0    ; 0            ; 414 (414)    ; 4 (4)             ; 1055 (1055)      ; 0          ; |top|cpu:uut|regfile:U_REGFILE                                      ; regfile         ; work         ;
;    |mem:mem|                              ; 3 (3)       ; 2 (2)                     ; 0 (0)         ; 32768       ; 4    ; 0          ; 0            ; 0       ; 0         ; 0    ; 0            ; 1 (1)        ; 0 (0)             ; 2 (2)            ; 0          ; |top|mem:mem                                                        ; mem             ; work         ;
;       |altsyncram:U_MEM|                  ; 0 (0)       ; 0 (0)                     ; 0 (0)         ; 32768       ; 4    ; 0          ; 0            ; 0       ; 0         ; 0    ; 0            ; 0 (0)        ; 0 (0)             ; 0 (0)            ; 0          ; |top|mem:mem|altsyncram:U_MEM                                       ; altsyncram      ; work         ;
;          |altsyncram_4ot3:auto_generated| ; 0 (0)       ; 0 (0)                     ; 0 (0)         ; 32768       ; 4    ; 0          ; 0            ; 0       ; 0         ; 0    ; 0            ; 0 (0)        ; 0 (0)             ; 0 (0)            ; 0          ; |top|mem:mem|altsyncram:U_MEM|altsyncram_4ot3:auto_generated        ; altsyncram_4ot3 ; work         ;
;    |pll1:U_PLL1|                          ; 0 (0)       ; 0 (0)                     ; 0 (0)         ; 0           ; 0    ; 0          ; 0            ; 0       ; 0         ; 0    ; 0            ; 0 (0)        ; 0 (0)             ; 0 (0)            ; 0          ; |top|pll1:U_PLL1                                                    ; pll1            ; work         ;
;       |altpll:altpll_component|           ; 0 (0)       ; 0 (0)                     ; 0 (0)         ; 0           ; 0    ; 0          ; 0            ; 0       ; 0         ; 0    ; 0            ; 0 (0)        ; 0 (0)             ; 0 (0)            ; 0          ; |top|pll1:U_PLL1|altpll:altpll_component                            ; altpll          ; work         ;
;          |pll1_altpll:auto_generated|     ; 0 (0)       ; 0 (0)                     ; 0 (0)         ; 0           ; 0    ; 0          ; 0            ; 0       ; 0         ; 0    ; 0            ; 0 (0)        ; 0 (0)             ; 0 (0)            ; 0          ; |top|pll1:U_PLL1|altpll:altpll_component|pll1_altpll:auto_generated ; pll1_altpll     ; work         ;
;    |wb_mux_2to1:u_wbmux|                  ; 47 (47)     ; 1 (1)                     ; 0 (0)         ; 0           ; 0    ; 0          ; 0            ; 0       ; 0         ; 0    ; 0            ; 37 (37)      ; 0 (0)             ; 10 (10)          ; 0          ; |top|wb_mux_2to1:u_wbmux                                            ; wb_mux_2to1     ; work         ;
+-------------------------------------------+-------------+---------------------------+---------------+-------------+------+------------+--------------+---------+-----------+------+--------------+--------------+-------------------+------------------+------------+---------------------------------------------------------------------+-----------------+--------------+
Note: For table entries with two numbers listed, the numbers in parentheses indicate the number of resources of the given type used by the specific entity alone. The numbers listed outside of parentheses indicate the total resources of the given type used by the specific entity and all of its sub-entities in the hierarchy.


+----------------------------------------------------------------------------------------------+
; Delay Chain Summary                                                                          ;
+--------------+----------+---------------+---------------+-----------------------+-----+------+
; Name         ; Pin Type ; Pad to Core 0 ; Pad to Core 1 ; Pad to Input Register ; TCO ; TCOE ;
+--------------+----------+---------------+---------------+-----------------------+-----+------+
; LED[0]       ; Output   ; --            ; --            ; --                    ; --  ; --   ;
; LED[1]       ; Output   ; --            ; --            ; --                    ; --  ; --   ;
; LED[2]       ; Output   ; --            ; --            ; --                    ; --  ; --   ;
; LED[3]       ; Output   ; --            ; --            ; --                    ; --  ; --   ;
; LED[4]       ; Output   ; --            ; --            ; --                    ; --  ; --   ;
; LED[5]       ; Output   ; --            ; --            ; --                    ; --  ; --   ;
; LED[6]       ; Output   ; --            ; --            ; --                    ; --  ; --   ;
; LED[7]       ; Output   ; --            ; --            ; --                    ; --  ; --   ;
; USER_BTN     ; Input    ; --            ; --            ; --                    ; --  ; --   ;
; SDRAM_A[0]   ; Output   ; --            ; --            ; --                    ; --  ; --   ;
; SDRAM_A[1]   ; Output   ; --            ; --            ; --                    ; --  ; --   ;
; SDRAM_A[2]   ; Output   ; --            ; --            ; --                    ; --  ; --   ;
; SDRAM_A[3]   ; Output   ; --            ; --            ; --                    ; --  ; --   ;
; SDRAM_A[4]   ; Output   ; --            ; --            ; --                    ; --  ; --   ;
; SDRAM_A[5]   ; Output   ; --            ; --            ; --                    ; --  ; --   ;
; SDRAM_A[6]   ; Output   ; --            ; --            ; --                    ; --  ; --   ;
; SDRAM_A[7]   ; Output   ; --            ; --            ; --                    ; --  ; --   ;
; SDRAM_A[8]   ; Output   ; --            ; --            ; --                    ; --  ; --   ;
; SDRAM_A[9]   ; Output   ; --            ; --            ; --                    ; --  ; --   ;
; SDRAM_A[10]  ; Output   ; --            ; --            ; --                    ; --  ; --   ;
; SDRAM_A[11]  ; Output   ; --            ; --            ; --                    ; --  ; --   ;
; SDRAM_BA[0]  ; Output   ; --            ; --            ; --                    ; --  ; --   ;
; SDRAM_BA[1]  ; Output   ; --            ; --            ; --                    ; --  ; --   ;
; SDRAM_CLK    ; Output   ; --            ; --            ; --                    ; --  ; --   ;
; SDRAM_CKE    ; Output   ; --            ; --            ; --                    ; --  ; --   ;
; SDRAM_CAS    ; Output   ; --            ; --            ; --                    ; --  ; --   ;
; SDRAM_CS     ; Output   ; --            ; --            ; --                    ; --  ; --   ;
; SDRAM_RAS    ; Output   ; --            ; --            ; --                    ; --  ; --   ;
; SDRAM_WE     ; Output   ; --            ; --            ; --                    ; --  ; --   ;
; SDRAM_DQM[0] ; Output   ; --            ; --            ; --                    ; --  ; --   ;
; SDRAM_DQM[1] ; Output   ; --            ; --            ; --                    ; --  ; --   ;
; FT2232H_RX   ; Output   ; --            ; --            ; --                    ; --  ; --   ;
; FT2232H_TX   ; Input    ; --            ; --            ; --                    ; --  ; --   ;
; SDRAM_DQ[0]  ; Bidir    ; --            ; --            ; --                    ; --  ; --   ;
; SDRAM_DQ[1]  ; Bidir    ; --            ; --            ; --                    ; --  ; --   ;
; SDRAM_DQ[2]  ; Bidir    ; --            ; --            ; --                    ; --  ; --   ;
; SDRAM_DQ[3]  ; Bidir    ; --            ; --            ; --                    ; --  ; --   ;
; SDRAM_DQ[4]  ; Bidir    ; --            ; --            ; --                    ; --  ; --   ;
; SDRAM_DQ[5]  ; Bidir    ; --            ; --            ; --                    ; --  ; --   ;
; SDRAM_DQ[6]  ; Bidir    ; --            ; --            ; --                    ; --  ; --   ;
; SDRAM_DQ[7]  ; Bidir    ; --            ; --            ; --                    ; --  ; --   ;
; SDRAM_DQ[8]  ; Bidir    ; --            ; --            ; --                    ; --  ; --   ;
; SDRAM_DQ[9]  ; Bidir    ; --            ; --            ; --                    ; --  ; --   ;
; SDRAM_DQ[10] ; Bidir    ; --            ; --            ; --                    ; --  ; --   ;
; SDRAM_DQ[11] ; Bidir    ; --            ; --            ; --                    ; --  ; --   ;
; SDRAM_DQ[12] ; Bidir    ; --            ; --            ; --                    ; --  ; --   ;
; SDRAM_DQ[13] ; Bidir    ; --            ; --            ; --                    ; --  ; --   ;
; SDRAM_DQ[14] ; Bidir    ; --            ; --            ; --                    ; --  ; --   ;
; SDRAM_DQ[15] ; Bidir    ; --            ; --            ; --                    ; --  ; --   ;
; CLK12M       ; Input    ; --            ; --            ; --                    ; --  ; --   ;
+--------------+----------+---------------+---------------+-----------------------+-----+------+


+---------------------------------------------------+
; Pad To Core Delay Chain Fanout                    ;
+---------------------+-------------------+---------+
; Source Pin / Fanout ; Pad To Core Index ; Setting ;
+---------------------+-------------------+---------+
; USER_BTN            ;                   ;         ;
; FT2232H_TX          ;                   ;         ;
; SDRAM_DQ[0]         ;                   ;         ;
; SDRAM_DQ[1]         ;                   ;         ;
; SDRAM_DQ[2]         ;                   ;         ;
; SDRAM_DQ[3]         ;                   ;         ;
; SDRAM_DQ[4]         ;                   ;         ;
; SDRAM_DQ[5]         ;                   ;         ;
; SDRAM_DQ[6]         ;                   ;         ;
; SDRAM_DQ[7]         ;                   ;         ;
; SDRAM_DQ[8]         ;                   ;         ;
; SDRAM_DQ[9]         ;                   ;         ;
; SDRAM_DQ[10]        ;                   ;         ;
; SDRAM_DQ[11]        ;                   ;         ;
; SDRAM_DQ[12]        ;                   ;         ;
; SDRAM_DQ[13]        ;                   ;         ;
; SDRAM_DQ[14]        ;                   ;         ;
; SDRAM_DQ[15]        ;                   ;         ;
; CLK12M              ;                   ;         ;
+---------------------+-------------------+---------+


+---------------------------------------------------------------------------------------------------------------------------------------------------------------------------------------------------------------------------+
; Control Signals                                                                                                                                                                                                           ;
+---------------------------------------------------------------------------------+--------------------+---------+---------------------------+--------+----------------------+------------------+---------------------------+
; Name                                                                            ; Location           ; Fan-Out ; Usage                     ; Global ; Global Resource Used ; Global Line Name ; Enable Signal Source Name ;
+---------------------------------------------------------------------------------+--------------------+---------+---------------------------+--------+----------------------+------------------+---------------------------+
; CLK12M                                                                          ; PIN_H6             ; 1       ; Clock                     ; no     ; --                   ; --               ; --                        ;
; cpu:uut|decode:U_DECODE|lsu_size[0]                                             ; FF_X24_Y7_N15      ; 28      ; Sync. load                ; no     ; --                   ; --               ; --                        ;
; cpu:uut|decode:U_DECODE|lsu_size[1]                                             ; FF_X24_Y7_N21      ; 44      ; Sync. load                ; no     ; --                   ; --               ; --                        ;
; cpu:uut|instr[6]                                                                ; FF_X23_Y7_N15      ; 12      ; Sync. clear               ; no     ; --                   ; --               ; --                        ;
; cpu:uut|instr[6]~0                                                              ; LCCOMB_X12_Y11_N30 ; 31      ; Clock enable              ; no     ; --                   ; --               ; --                        ;
; cpu:uut|lsu:U_LSU|ldout[13]~15                                                  ; LCCOMB_X20_Y5_N0   ; 7       ; Sync. load                ; no     ; --                   ; --               ; --                        ;
; cpu:uut|pc[0]~1                                                                 ; LCCOMB_X19_Y11_N8  ; 2       ; Clock enable              ; no     ; --                   ; --               ; --                        ;
; cpu:uut|pc[23]~3                                                                ; LCCOMB_X19_Y11_N18 ; 31      ; Clock enable              ; no     ; --                   ; --               ; --                        ;
; cpu:uut|regfile:U_REGFILE|regs[10][16]~41                                       ; LCCOMB_X20_Y13_N30 ; 32      ; Clock enable              ; no     ; --                   ; --               ; --                        ;
; cpu:uut|regfile:U_REGFILE|regs[11][18]~43                                       ; LCCOMB_X24_Y17_N30 ; 32      ; Clock enable              ; no     ; --                   ; --               ; --                        ;
; cpu:uut|regfile:U_REGFILE|regs[12][24]~51                                       ; LCCOMB_X20_Y13_N20 ; 32      ; Clock enable              ; no     ; --                   ; --               ; --                        ;
; cpu:uut|regfile:U_REGFILE|regs[13][24]~50                                       ; LCCOMB_X24_Y17_N0  ; 32      ; Clock enable              ; no     ; --                   ; --               ; --                        ;
; cpu:uut|regfile:U_REGFILE|regs[14][24]~49                                       ; LCCOMB_X20_Y13_N26 ; 32      ; Clock enable              ; no     ; --                   ; --               ; --                        ;
; cpu:uut|regfile:U_REGFILE|regs[15][24]~52                                       ; LCCOMB_X24_Y17_N2  ; 32      ; Clock enable              ; no     ; --                   ; --               ; --                        ;
; cpu:uut|regfile:U_REGFILE|regs[16][24]~34                                       ; LCCOMB_X20_Y13_N2  ; 32      ; Clock enable              ; no     ; --                   ; --               ; --                        ;
; cpu:uut|regfile:U_REGFILE|regs[17][24]~119                                      ; LCCOMB_X16_Y13_N0  ; 32      ; Clock enable              ; no     ; --                   ; --               ; --                        ;
; cpu:uut|regfile:U_REGFILE|regs[18][24]~28                                       ; LCCOMB_X20_Y13_N28 ; 32      ; Clock enable              ; no     ; --                   ; --               ; --                        ;
; cpu:uut|regfile:U_REGFILE|regs[19][24]~38                                       ; LCCOMB_X16_Y13_N26 ; 32      ; Clock enable              ; no     ; --                   ; --               ; --                        ;
; cpu:uut|regfile:U_REGFILE|regs[1][3]~121                                        ; LCCOMB_X16_Y13_N4  ; 32      ; Clock enable              ; no     ; --                   ; --               ; --                        ;
; cpu:uut|regfile:U_REGFILE|regs[20][24]~33                                       ; LCCOMB_X20_Y13_N16 ; 32      ; Clock enable              ; no     ; --                   ; --               ; --                        ;
; cpu:uut|regfile:U_REGFILE|regs[21][6]~118                                       ; LCCOMB_X16_Y13_N22 ; 32      ; Clock enable              ; no     ; --                   ; --               ; --                        ;
; cpu:uut|regfile:U_REGFILE|regs[22][6]~27                                        ; LCCOMB_X20_Y13_N10 ; 32      ; Clock enable              ; no     ; --                   ; --               ; --                        ;
; cpu:uut|regfile:U_REGFILE|regs[23][11]~37                                       ; LCCOMB_X16_Y13_N24 ; 32      ; Clock enable              ; no     ; --                   ; --               ; --                        ;
; cpu:uut|regfile:U_REGFILE|regs[24][9]~32                                        ; LCCOMB_X20_Y13_N6  ; 32      ; Clock enable              ; no     ; --                   ; --               ; --                        ;
; cpu:uut|regfile:U_REGFILE|regs[25][9]~30                                        ; LCCOMB_X24_Y17_N24 ; 32      ; Clock enable              ; no     ; --                   ; --               ; --                        ;
; cpu:uut|regfile:U_REGFILE|regs[26][18]~26                                       ; LCCOMB_X19_Y11_N24 ; 32      ; Clock enable              ; no     ; --                   ; --               ; --                        ;
; cpu:uut|regfile:U_REGFILE|regs[27][1]~36                                        ; LCCOMB_X19_Y11_N4  ; 32      ; Clock enable              ; no     ; --                   ; --               ; --                        ;
; cpu:uut|regfile:U_REGFILE|regs[28][5]~35                                        ; LCCOMB_X20_Y13_N4  ; 32      ; Clock enable              ; no     ; --                   ; --               ; --                        ;
; cpu:uut|regfile:U_REGFILE|regs[29][16]~31                                       ; LCCOMB_X24_Y17_N26 ; 32      ; Clock enable              ; no     ; --                   ; --               ; --                        ;
; cpu:uut|regfile:U_REGFILE|regs[2][15]~47                                        ; LCCOMB_X20_Y13_N8  ; 32      ; Clock enable              ; no     ; --                   ; --               ; --                        ;
; cpu:uut|regfile:U_REGFILE|regs[30][30]~29                                       ; LCCOMB_X19_Y11_N12 ; 32      ; Clock enable              ; no     ; --                   ; --               ; --                        ;
; cpu:uut|regfile:U_REGFILE|regs[31][13]~39                                       ; LCCOMB_X19_Y11_N6  ; 32      ; Clock enable              ; no     ; --                   ; --               ; --                        ;
; cpu:uut|regfile:U_REGFILE|regs[3][24]~48                                        ; LCCOMB_X16_Y13_N18 ; 32      ; Clock enable              ; no     ; --                   ; --               ; --                        ;
; cpu:uut|regfile:U_REGFILE|regs[4][24]~45                                        ; LCCOMB_X20_Y13_N22 ; 32      ; Clock enable              ; no     ; --                   ; --               ; --                        ;
; cpu:uut|regfile:U_REGFILE|regs[5][24]~120                                       ; LCCOMB_X16_Y13_N2  ; 32      ; Clock enable              ; no     ; --                   ; --               ; --                        ;
; cpu:uut|regfile:U_REGFILE|regs[6][26]~44                                        ; LCCOMB_X20_Y13_N12 ; 32      ; Clock enable              ; no     ; --                   ; --               ; --                        ;
; cpu:uut|regfile:U_REGFILE|regs[7][24]~46                                        ; LCCOMB_X16_Y13_N8  ; 32      ; Clock enable              ; no     ; --                   ; --               ; --                        ;
; cpu:uut|regfile:U_REGFILE|regs[8][24]~42                                        ; LCCOMB_X20_Y13_N18 ; 32      ; Clock enable              ; no     ; --                   ; --               ; --                        ;
; cpu:uut|regfile:U_REGFILE|regs[9][24]~40                                        ; LCCOMB_X24_Y17_N28 ; 32      ; Clock enable              ; no     ; --                   ; --               ; --                        ;
; mem:mem|comb~0                                                                  ; LCCOMB_X20_Y8_N8   ; 4       ; Write enable              ; no     ; --                   ; --               ; --                        ;
; pll1:U_PLL1|altpll:altpll_component|pll1_altpll:auto_generated|wire_pll1_clk[0] ; PLL_1              ; 1264    ; Clock                     ; yes    ; Global Clock         ; GCLK3            ; --                        ;
; reset                                                                           ; FF_X11_Y2_N9       ; 163     ; Clock enable, Sync. clear ; no     ; --                   ; --               ; --                        ;
; reset_ctr[14]~0                                                                 ; LCCOMB_X11_Y2_N0   ; 31      ; Clock enable              ; no     ; --                   ; --               ; --                        ;
+---------------------------------------------------------------------------------+--------------------+---------+---------------------------+--------+----------------------+------------------+---------------------------+


+-------------------------------------------------------------------------------------------------------------------------------------------------------------------------------------------------------------------+
; Global & Other Fast Signals                                                                                                                                                                                       ;
+---------------------------------------------------------------------------------+----------+---------+--------------------------------------+----------------------+------------------+---------------------------+
; Name                                                                            ; Location ; Fan-Out ; Fan-Out Using Intentional Clock Skew ; Global Resource Used ; Global Line Name ; Enable Signal Source Name ;
+---------------------------------------------------------------------------------+----------+---------+--------------------------------------+----------------------+------------------+---------------------------+
; pll1:U_PLL1|altpll:altpll_component|pll1_altpll:auto_generated|wire_pll1_clk[0] ; PLL_1    ; 1264    ; 0                                    ; Global Clock         ; GCLK3            ; --                        ;
+---------------------------------------------------------------------------------+----------+---------+--------------------------------------+----------------------+------------------+---------------------------+


+------------------------------------------------------------------------------------------------------------------------------------------------------------------------------------------------------------------------------------------------------------------------------------------------------------------------------------------------------------------------------------------------------------------------------------------------------------------------------------------------------------------------------------------------------------------------------------------------------------------------------------------------------------------------------------+
; Fitter RAM Summary                                                                                                                                                                                                                                                                                                                                                                                                                                                                                                                                                                                                                                                                 ;
+--------------------------------------------------------------------+------+----------------+--------------+--------------+--------------+--------------+--------------+------------------------+-------------------------+------------------------+-------------------------+-------+-----------------------------+-----------------------------+-----------------------------+-----------------------------+---------------------+------+-----------------------------------------------+------------------------------------------------------------+----------------------+------------------------+------------------------+----------+------------------------+---------------+
; Name                                                               ; Type ; Mode           ; Clock Mode   ; Port A Depth ; Port A Width ; Port B Depth ; Port B Width ; Port A Input Registers ; Port A Output Registers ; Port B Input Registers ; Port B Output Registers ; Size  ; Implementation Port A Depth ; Implementation Port A Width ; Implementation Port B Depth ; Implementation Port B Width ; Implementation Bits ; M9Ks ; MIF                                           ; Location                                                   ; Mixed Width RDW Mode ; Port A RDW Mode        ; Port B RDW Mode        ; ECC Mode ; ECC Pipeline Registers ; Fits in MLABs ;
+--------------------------------------------------------------------+------+----------------+--------------+--------------+--------------+--------------+--------------+------------------------+-------------------------+------------------------+-------------------------+-------+-----------------------------+-----------------------------+-----------------------------+-----------------------------+---------------------+------+-----------------------------------------------+------------------------------------------------------------+----------------------+------------------------+------------------------+----------+------------------------+---------------+
; mem:mem|altsyncram:U_MEM|altsyncram_4ot3:auto_generated|ALTSYNCRAM ; AUTO ; True Dual Port ; Single Clock ; 1024         ; 32           ; 4096         ; 8            ; yes                    ; yes                     ; yes                    ; yes                     ; 32768 ; 1024                        ; 32                          ; 4096                        ; 8                           ; 32768               ; 4    ; D:\\Files\\max1k\\max1k-cpu\\tb\\sw\\main.hex ; M9K_X26_Y6_N0, M9K_X26_Y8_N0, M9K_X26_Y9_N0, M9K_X26_Y7_N0 ; Don't care           ; New data with NBE Read ; New data with NBE Read ; Off      ; No                     ; No - Unknown  ;
+--------------------------------------------------------------------+------+----------------+--------------+--------------+--------------+--------------+--------------+------------------------+-------------------------+------------------------+-------------------------+-------+-----------------------------+-----------------------------+-----------------------------+-----------------------------+---------------------+------+-----------------------------------------------+------------------------------------------------------------+----------------------+------------------------+------------------------+----------+------------------------+---------------+
Note: Fitter may spread logical memories into multiple blocks to improve timing. The actual required RAM blocks can be found in the Fitter Resource Usage section.


RAM content values are presented in the following format: (Binary) (Octal) (Decimal) (Hexadecimal) 
+------------------------------------------------------------------------------------------------------------------------------------------------------------------------------------------------------------------------------------------------------------------+
; |top|mem:mem|altsyncram:U_MEM|altsyncram_4ot3:auto_generated|ALTSYNCRAM                                                                                                                                                                                          ;
+------------------------------------------------------------------------------------------------------------------------------------------------------------------------------------------------------------------------------------------------------------------+
;   Addr   ;              +0              ;              +1              ;              +2              ;              +3              ;              +4              ;              +5              ;              +6              ;              +7              ;
+----------+------------------------------+------------------------------+------------------------------+------------------------------+------------------------------+------------------------------+------------------------------+------------------------------+
;0;(00000000000000000001000110010111) (10627) (4503) (1197)    ;(10001000000000011000000110010011) (-335026211) (-2013167213) (-7-7-15-14-7-14-6-13)   ;(01001000000000000000000100010011) (-1147483225) (1207959827) (48000113)   ;(00001000000000000000111100010011) (1000007423) (134221587) (8000F13)   ;(00000000000000000001111110010111) (17627) (8087) (1F97)   ;(10000111000011111000111110010011) (-631619211) (-2029023341) (-7-8-150-70-6-13)   ;(00000000000011110010000000100011) (3620043) (991267) (F2023)   ;(00000000010011110000111100010011) (23607423) (5181203) (4F0F13)   ;
;8;(11111111111111110110110011100011) (-111435) (-37661) (-9-3-1-13)    ;(00000000000000000000001010010111) (1227) (663) (297)   ;(00000010110000101000001010010011) (260501223) (46301843) (2C28293)   ;(00000010010000000000000001101111) (220000157) (37748847) (240006F)   ;(00000000000000000001011100110111) (13467) (5943) (1737)   ;(00000000000001010100011110000011) (1243603) (345987) (54783)   ;(00000000000001111001010001100011) (1712143) (496739) (79463)   ;(00000000000000001000000001100111) (100147) (32871) (8067)   ;
;16;(10001001010001110010011010000011) (-213703631) (-1991825789) (-7-6-11-8-13-9-7-13)    ;(00000000000101010000010100010011) (5202423) (1377555) (150513)   ;(00000000111101101000000000100011) (75500043) (16154659) (F68023)   ;(11111110100111111111000001101111) (-130007621) (-23072657) (-1-600-15-9-1)   ;(00000000000000000001010100110111) (12467) (5431) (1537)   ;(11111111000000010000000100010011) (-77577355) (-16711405) (-15-14-15-14-14-13)   ;(10001000010001010000010100010011) (-314124411) (-2008742637) (-7-7-11-10-15-10-14-13)   ;(00000000000100010010011000100011) (4223043) (1123875) (112623)   ;
;24;(11111101000111111111000011101111) (-270007421) (-48238353) (-2-1400-15-1-1)    ;(00000000000000000001011000110111) (13067) (5687) (1637)   ;(00000000000000000001011010110111) (13267) (5815) (16B7)   ;(10001001010001100010011110000011) (-213903231) (-1991891069) (-7-6-11-9-13-8-7-13)   ;(00000000000001111100011100000011) (1743403) (509699) (7C703)   ;(10001000111001101010000000100011) (-263806791) (-1998151645) (-7-7-1-9-5-15-13-13)   ;(00000000111001111000000000100011) (71700043) (15171619) (E78023)   ;(11111111000111111111000001101111) (-70007621) (-14684049) (-1400-15-9-1)   ;
;32;(00000000000000000000000000000000) (0) (0) (00)    ;(00000000000000000000000000000000) (0) (0) (00)   ;(00000000000000000000000000000000) (0) (0) (00)   ;(00000000000000000000000000000000) (0) (0) (00)   ;(00000000000000000000000000000000) (0) (0) (00)   ;(00000000000000000000000000000000) (0) (0) (00)   ;(00000000000000000000000000000000) (0) (0) (00)   ;(00000000000000000000000000000000) (0) (0) (00)   ;
;40;(00000000000000000000000000000000) (0) (0) (00)    ;(00000000000000000000000000000000) (0) (0) (00)   ;(00000000000000000000000000000000) (0) (0) (00)   ;(00000000000000000000000000000000) (0) (0) (00)   ;(00000000000000000000000000000000) (0) (0) (00)   ;(00000000000000000000000000000000) (0) (0) (00)   ;(00000000000000000000000000000000) (0) (0) (00)   ;(00000000000000000000000000000000) (0) (0) (00)   ;
;48;(00000000000000000000000000000000) (0) (0) (00)    ;(00000000000000000000000000000000) (0) (0) (00)   ;(00000000000000000000000000000000) (0) (0) (00)   ;(00000000000000000000000000000000) (0) (0) (00)   ;(00000000000000000000000000000000) (0) (0) (00)   ;(00000000000000000000000000000000) (0) (0) (00)   ;(00000000000000000000000000000000) (0) (0) (00)   ;(00000000000000000000000000000000) (0) (0) (00)   ;
;56;(00000000000000000000000000000000) (0) (0) (00)    ;(00000000000000000000000000000000) (0) (0) (00)   ;(00000000000000000000000000000000) (0) (0) (00)   ;(00000000000000000000000000000000) (0) (0) (00)   ;(00000000000000000000000000000000) (0) (0) (00)   ;(00000000000000000000000000000000) (0) (0) (00)   ;(00000000000000000000000000000000) (0) (0) (00)   ;(00000000000000000000000000000000) (0) (0) (00)   ;
;64;(00000000000000000000000000000000) (0) (0) (00)    ;(00000000000000000000000000000000) (0) (0) (00)   ;(00000000000000000000000000000000) (0) (0) (00)   ;(00000000000000000000000000000000) (0) (0) (00)   ;(00000000000000000000000000000000) (0) (0) (00)   ;(00000000000000000000000000000000) (0) (0) (00)   ;(00000000000000000000000000000000) (0) (0) (00)   ;(00000000000000000000000000000000) (0) (0) (00)   ;
;72;(00000000000000000000000000000000) (0) (0) (00)    ;(00000000000000000000000000000000) (0) (0) (00)   ;(00000000000000000000000000000000) (0) (0) (00)   ;(00000000000000000000000000000000) (0) (0) (00)   ;(00000000000000000000000000000000) (0) (0) (00)   ;(00000000000000000000000000000000) (0) (0) (00)   ;(00000000000000000000000000000000) (0) (0) (00)   ;(00000000000000000000000000000000) (0) (0) (00)   ;
;80;(00000000000000000000000000000000) (0) (0) (00)    ;(00000000000000000000000000000000) (0) (0) (00)   ;(00000000000000000000000000000000) (0) (0) (00)   ;(00000000000000000000000000000000) (0) (0) (00)   ;(00000000000000000000000000000000) (0) (0) (00)   ;(00000000000000000000000000000000) (0) (0) (00)   ;(00000000000000000000000000000000) (0) (0) (00)   ;(00000000000000000000000000000000) (0) (0) (00)   ;
;88;(00000000000000000000000000000000) (0) (0) (00)    ;(00000000000000000000000000000000) (0) (0) (00)   ;(00000000000000000000000000000000) (0) (0) (00)   ;(00000000000000000000000000000000) (0) (0) (00)   ;(00000000000000000000000000000000) (0) (0) (00)   ;(00000000000000000000000000000000) (0) (0) (00)   ;(00000000000000000000000000000000) (0) (0) (00)   ;(00000000000000000000000000000000) (0) (0) (00)   ;
;96;(00000000000000000000000000000000) (0) (0) (00)    ;(00000000000000000000000000000000) (0) (0) (00)   ;(00000000000000000000000000000000) (0) (0) (00)   ;(00000000000000000000000000000000) (0) (0) (00)   ;(00000000000000000000000000000000) (0) (0) (00)   ;(00000000000000000000000000000000) (0) (0) (00)   ;(00000000000000000000000000000000) (0) (0) (00)   ;(00000000000000000000000000000000) (0) (0) (00)   ;
;104;(00000000000000000000000000000000) (0) (0) (00)    ;(00000000000000000000000000000000) (0) (0) (00)   ;(00000000000000000000000000000000) (0) (0) (00)   ;(00000000000000000000000000000000) (0) (0) (00)   ;(00000000000000000000000000000000) (0) (0) (00)   ;(00000000000000000000000000000000) (0) (0) (00)   ;(00000000000000000000000000000000) (0) (0) (00)   ;(00000000000000000000000000000000) (0) (0) (00)   ;
;112;(00000000000000000000000000000000) (0) (0) (00)    ;(00000000000000000000000000000000) (0) (0) (00)   ;(00000000000000000000000000000000) (0) (0) (00)   ;(00000000000000000000000000000000) (0) (0) (00)   ;(00000000000000000000000000000000) (0) (0) (00)   ;(00000000000000000000000000000000) (0) (0) (00)   ;(00000000000000000000000000000000) (0) (0) (00)   ;(00000000000000000000000000000000) (0) (0) (00)   ;
;120;(00000000000000000000000000000000) (0) (0) (00)    ;(00000000000000000000000000000000) (0) (0) (00)   ;(00000000000000000000000000000000) (0) (0) (00)   ;(00000000000000000000000000000000) (0) (0) (00)   ;(00000000000000000000000000000000) (0) (0) (00)   ;(00000000000000000000000000000000) (0) (0) (00)   ;(00000000000000000000000000000000) (0) (0) (00)   ;(00000000000000000000000000000000) (0) (0) (00)   ;
;128;(00000000000000000000000000000000) (0) (0) (00)    ;(00000000000000000000000000000000) (0) (0) (00)   ;(00000000000000000000000000000000) (0) (0) (00)   ;(00000000000000000000000000000000) (0) (0) (00)   ;(00000000000000000000000000000000) (0) (0) (00)   ;(00000000000000000000000000000000) (0) (0) (00)   ;(00000000000000000000000000000000) (0) (0) (00)   ;(00000000000000000000000000000000) (0) (0) (00)   ;
;136;(00000000000000000000000000000000) (0) (0) (00)    ;(00000000000000000000000000000000) (0) (0) (00)   ;(00000000000000000000000000000000) (0) (0) (00)   ;(00000000000000000000000000000000) (0) (0) (00)   ;(00000000000000000000000000000000) (0) (0) (00)   ;(00000000000000000000000000000000) (0) (0) (00)   ;(00000000000000000000000000000000) (0) (0) (00)   ;(00000000000000000000000000000000) (0) (0) (00)   ;
;144;(00000000000000000000000000000000) (0) (0) (00)    ;(00000000000000000000000000000000) (0) (0) (00)   ;(00000000000000000000000000000000) (0) (0) (00)   ;(00000000000000000000000000000000) (0) (0) (00)   ;(00000000000000000000000000000000) (0) (0) (00)   ;(00000000000000000000000000000000) (0) (0) (00)   ;(00000000000000000000000000000000) (0) (0) (00)   ;(00000000000000000000000000000000) (0) (0) (00)   ;
;152;(00000000000000000000000000000000) (0) (0) (00)    ;(00000000000000000000000000000000) (0) (0) (00)   ;(00000000000000000000000000000000) (0) (0) (00)   ;(00000000000000000000000000000000) (0) (0) (00)   ;(00000000000000000000000000000000) (0) (0) (00)   ;(00000000000000000000000000000000) (0) (0) (00)   ;(00000000000000000000000000000000) (0) (0) (00)   ;(00000000000000000000000000000000) (0) (0) (00)   ;
;160;(00000000000000000000000000000000) (0) (0) (00)    ;(00000000000000000000000000000000) (0) (0) (00)   ;(00000000000000000000000000000000) (0) (0) (00)   ;(00000000000000000000000000000000) (0) (0) (00)   ;(00000000000000000000000000000000) (0) (0) (00)   ;(00000000000000000000000000000000) (0) (0) (00)   ;(00000000000000000000000000000000) (0) (0) (00)   ;(00000000000000000000000000000000) (0) (0) (00)   ;
;168;(00000000000000000000000000000000) (0) (0) (00)    ;(00000000000000000000000000000000) (0) (0) (00)   ;(00000000000000000000000000000000) (0) (0) (00)   ;(00000000000000000000000000000000) (0) (0) (00)   ;(00000000000000000000000000000000) (0) (0) (00)   ;(00000000000000000000000000000000) (0) (0) (00)   ;(00000000000000000000000000000000) (0) (0) (00)   ;(00000000000000000000000000000000) (0) (0) (00)   ;
;176;(00000000000000000000000000000000) (0) (0) (00)    ;(00000000000000000000000000000000) (0) (0) (00)   ;(00000000000000000000000000000000) (0) (0) (00)   ;(00000000000000000000000000000000) (0) (0) (00)   ;(00000000000000000000000000000000) (0) (0) (00)   ;(00000000000000000000000000000000) (0) (0) (00)   ;(00000000000000000000000000000000) (0) (0) (00)   ;(00000000000000000000000000000000) (0) (0) (00)   ;
;184;(00000000000000000000000000000000) (0) (0) (00)    ;(00000000000000000000000000000000) (0) (0) (00)   ;(00000000000000000000000000000000) (0) (0) (00)   ;(00000000000000000000000000000000) (0) (0) (00)   ;(00000000000000000000000000000000) (0) (0) (00)   ;(00000000000000000000000000000000) (0) (0) (00)   ;(00000000000000000000000000000000) (0) (0) (00)   ;(00000000000000000000000000000000) (0) (0) (00)   ;
;192;(00000000000000000000000000000000) (0) (0) (00)    ;(00000000000000000000000000000000) (0) (0) (00)   ;(00000000000000000000000000000000) (0) (0) (00)   ;(00000000000000000000000000000000) (0) (0) (00)   ;(00000000000000000000000000000000) (0) (0) (00)   ;(00000000000000000000000000000000) (0) (0) (00)   ;(00000000000000000000000000000000) (0) (0) (00)   ;(00000000000000000000000000000000) (0) (0) (00)   ;
;200;(00000000000000000000000000000000) (0) (0) (00)    ;(00000000000000000000000000000000) (0) (0) (00)   ;(00000000000000000000000000000000) (0) (0) (00)   ;(00000000000000000000000000000000) (0) (0) (00)   ;(00000000000000000000000000000000) (0) (0) (00)   ;(00000000000000000000000000000000) (0) (0) (00)   ;(00000000000000000000000000000000) (0) (0) (00)   ;(00000000000000000000000000000000) (0) (0) (00)   ;
;208;(00000000000000000000000000000000) (0) (0) (00)    ;(00000000000000000000000000000000) (0) (0) (00)   ;(00000000000000000000000000000000) (0) (0) (00)   ;(00000000000000000000000000000000) (0) (0) (00)   ;(00000000000000000000000000000000) (0) (0) (00)   ;(00000000000000000000000000000000) (0) (0) (00)   ;(00000000000000000000000000000000) (0) (0) (00)   ;(00000000000000000000000000000000) (0) (0) (00)   ;
;216;(00000000000000000000000000000000) (0) (0) (00)    ;(00000000000000000000000000000000) (0) (0) (00)   ;(00000000000000000000000000000000) (0) (0) (00)   ;(00000000000000000000000000000000) (0) (0) (00)   ;(00000000000000000000000000000000) (0) (0) (00)   ;(00000000000000000000000000000000) (0) (0) (00)   ;(00000000000000000000000000000000) (0) (0) (00)   ;(00000000000000000000000000000000) (0) (0) (00)   ;
;224;(00000000000000000000000000000000) (0) (0) (00)    ;(00000000000000000000000000000000) (0) (0) (00)   ;(00000000000000000000000000000000) (0) (0) (00)   ;(00000000000000000000000000000000) (0) (0) (00)   ;(00000000000000000000000000000000) (0) (0) (00)   ;(00000000000000000000000000000000) (0) (0) (00)   ;(00000000000000000000000000000000) (0) (0) (00)   ;(00000000000000000000000000000000) (0) (0) (00)   ;
;232;(00000000000000000000000000000000) (0) (0) (00)    ;(00000000000000000000000000000000) (0) (0) (00)   ;(00000000000000000000000000000000) (0) (0) (00)   ;(00000000000000000000000000000000) (0) (0) (00)   ;(00000000000000000000000000000000) (0) (0) (00)   ;(00000000000000000000000000000000) (0) (0) (00)   ;(00000000000000000000000000000000) (0) (0) (00)   ;(00000000000000000000000000000000) (0) (0) (00)   ;
;240;(00000000000000000000000000000000) (0) (0) (00)    ;(00000000000000000000000000000000) (0) (0) (00)   ;(00000000000000000000000000000000) (0) (0) (00)   ;(00000000000000000000000000000000) (0) (0) (00)   ;(00000000000000000000000000000000) (0) (0) (00)   ;(00000000000000000000000000000000) (0) (0) (00)   ;(00000000000000000000000000000000) (0) (0) (00)   ;(00000000000000000000000000000000) (0) (0) (00)   ;
;248;(00000000000000000000000000000000) (0) (0) (00)    ;(00000000000000000000000000000000) (0) (0) (00)   ;(00000000000000000000000000000000) (0) (0) (00)   ;(00000000000000000000000000000000) (0) (0) (00)   ;(00000000000000000000000000000000) (0) (0) (00)   ;(00000000000000000000000000000000) (0) (0) (00)   ;(00000000000000000000000000000000) (0) (0) (00)   ;(00000000000000000000000000000000) (0) (0) (00)   ;
;256;(00000000000000000000000000000000) (0) (0) (00)    ;(00000000000000000000000000000000) (0) (0) (00)   ;(00000000000000000000000000000000) (0) (0) (00)   ;(00000000000000000000000000000000) (0) (0) (00)   ;(00000000000000000000000000000000) (0) (0) (00)   ;(00000000000000000000000000000000) (0) (0) (00)   ;(00000000000000000000000000000000) (0) (0) (00)   ;(00000000000000000000000000000000) (0) (0) (00)   ;
;264;(00000000000000000000000000000000) (0) (0) (00)    ;(00000000000000000000000000000000) (0) (0) (00)   ;(00000000000000000000000000000000) (0) (0) (00)   ;(00000000000000000000000000000000) (0) (0) (00)   ;(00000000000000000000000000000000) (0) (0) (00)   ;(00000000000000000000000000000000) (0) (0) (00)   ;(00000000000000000000000000000000) (0) (0) (00)   ;(00000000000000000000000000000000) (0) (0) (00)   ;
;272;(00000000000000000000000000000000) (0) (0) (00)    ;(00000000000000000000000000000000) (0) (0) (00)   ;(00000000000000000000000000000000) (0) (0) (00)   ;(00000000000000000000000000000000) (0) (0) (00)   ;(00000000000000000000000000000000) (0) (0) (00)   ;(00000000000000000000000000000000) (0) (0) (00)   ;(00000000000000000000000000000000) (0) (0) (00)   ;(00000000000000000000000000000000) (0) (0) (00)   ;
;280;(00000000000000000000000000000000) (0) (0) (00)    ;(00000000000000000000000000000000) (0) (0) (00)   ;(00000000000000000000000000000000) (0) (0) (00)   ;(00000000000000000000000000000000) (0) (0) (00)   ;(00000000000000000000000000000000) (0) (0) (00)   ;(00000000000000000000000000000000) (0) (0) (00)   ;(00000000000000000000000000000000) (0) (0) (00)   ;(00000000000000000000000000000000) (0) (0) (00)   ;
;288;(00000000000000000000000000000000) (0) (0) (00)    ;(00000000000000000000000000000000) (0) (0) (00)   ;(00000000000000000000000000000000) (0) (0) (00)   ;(00000000000000000000000000000000) (0) (0) (00)   ;(00000000000000000000000000000000) (0) (0) (00)   ;(00000000000000000000000000000000) (0) (0) (00)   ;(00000000000000000000000000000000) (0) (0) (00)   ;(00000000000000000000000000000000) (0) (0) (00)   ;
;296;(00000000000000000000000000000000) (0) (0) (00)    ;(00000000000000000000000000000000) (0) (0) (00)   ;(00000000000000000000000000000000) (0) (0) (00)   ;(00000000000000000000000000000000) (0) (0) (00)   ;(00000000000000000000000000000000) (0) (0) (00)   ;(00000000000000000000000000000000) (0) (0) (00)   ;(00000000000000000000000000000000) (0) (0) (00)   ;(00000000000000000000000000000000) (0) (0) (00)   ;
;304;(00000000000000000000000000000000) (0) (0) (00)    ;(00000000000000000000000000000000) (0) (0) (00)   ;(00000000000000000000000000000000) (0) (0) (00)   ;(00000000000000000000000000000000) (0) (0) (00)   ;(00000000000000000000000000000000) (0) (0) (00)   ;(00000000000000000000000000000000) (0) (0) (00)   ;(00000000000000000000000000000000) (0) (0) (00)   ;(00000000000000000000000000000000) (0) (0) (00)   ;
;312;(00000000000000000000000000000000) (0) (0) (00)    ;(00000000000000000000000000000000) (0) (0) (00)   ;(00000000000000000000000000000000) (0) (0) (00)   ;(00000000000000000000000000000000) (0) (0) (00)   ;(00000000000000000000000000000000) (0) (0) (00)   ;(00000000000000000000000000000000) (0) (0) (00)   ;(00000000000000000000000000000000) (0) (0) (00)   ;(00000000000000000000000000000000) (0) (0) (00)   ;
;320;(00000000000000000000000000000000) (0) (0) (00)    ;(00000000000000000000000000000000) (0) (0) (00)   ;(00000000000000000000000000000000) (0) (0) (00)   ;(00000000000000000000000000000000) (0) (0) (00)   ;(00000000000000000000000000000000) (0) (0) (00)   ;(00000000000000000000000000000000) (0) (0) (00)   ;(00000000000000000000000000000000) (0) (0) (00)   ;(00000000000000000000000000000000) (0) (0) (00)   ;
;328;(00000000000000000000000000000000) (0) (0) (00)    ;(00000000000000000000000000000000) (0) (0) (00)   ;(00000000000000000000000000000000) (0) (0) (00)   ;(00000000000000000000000000000000) (0) (0) (00)   ;(00000000000000000000000000000000) (0) (0) (00)   ;(00000000000000000000000000000000) (0) (0) (00)   ;(00000000000000000000000000000000) (0) (0) (00)   ;(00000000000000000000000000000000) (0) (0) (00)   ;
;336;(00000000000000000000000000000000) (0) (0) (00)    ;(00000000000000000000000000000000) (0) (0) (00)   ;(00000000000000000000000000000000) (0) (0) (00)   ;(00000000000000000000000000000000) (0) (0) (00)   ;(00000000000000000000000000000000) (0) (0) (00)   ;(00000000000000000000000000000000) (0) (0) (00)   ;(00000000000000000000000000000000) (0) (0) (00)   ;(00000000000000000000000000000000) (0) (0) (00)   ;
;344;(00000000000000000000000000000000) (0) (0) (00)    ;(00000000000000000000000000000000) (0) (0) (00)   ;(00000000000000000000000000000000) (0) (0) (00)   ;(00000000000000000000000000000000) (0) (0) (00)   ;(00000000000000000000000000000000) (0) (0) (00)   ;(00000000000000000000000000000000) (0) (0) (00)   ;(00000000000000000000000000000000) (0) (0) (00)   ;(00000000000000000000000000000000) (0) (0) (00)   ;
;352;(00000000000000000000000000000000) (0) (0) (00)    ;(00000000000000000000000000000000) (0) (0) (00)   ;(00000000000000000000000000000000) (0) (0) (00)   ;(00000000000000000000000000000000) (0) (0) (00)   ;(00000000000000000000000000000000) (0) (0) (00)   ;(00000000000000000000000000000000) (0) (0) (00)   ;(00000000000000000000000000000000) (0) (0) (00)   ;(00000000000000000000000000000000) (0) (0) (00)   ;
;360;(00000000000000000000000000000000) (0) (0) (00)    ;(00000000000000000000000000000000) (0) (0) (00)   ;(00000000000000000000000000000000) (0) (0) (00)   ;(00000000000000000000000000000000) (0) (0) (00)   ;(00000000000000000000000000000000) (0) (0) (00)   ;(00000000000000000000000000000000) (0) (0) (00)   ;(00000000000000000000000000000000) (0) (0) (00)   ;(00000000000000000000000000000000) (0) (0) (00)   ;
;368;(00000000000000000000000000000000) (0) (0) (00)    ;(00000000000000000000000000000000) (0) (0) (00)   ;(00000000000000000000000000000000) (0) (0) (00)   ;(00000000000000000000000000000000) (0) (0) (00)   ;(00000000000000000000000000000000) (0) (0) (00)   ;(00000000000000000000000000000000) (0) (0) (00)   ;(00000000000000000000000000000000) (0) (0) (00)   ;(00000000000000000000000000000000) (0) (0) (00)   ;
;376;(00000000000000000000000000000000) (0) (0) (00)    ;(00000000000000000000000000000000) (0) (0) (00)   ;(00000000000000000000000000000000) (0) (0) (00)   ;(00000000000000000000000000000000) (0) (0) (00)   ;(00000000000000000000000000000000) (0) (0) (00)   ;(00000000000000000000000000000000) (0) (0) (00)   ;(00000000000000000000000000000000) (0) (0) (00)   ;(00000000000000000000000000000000) (0) (0) (00)   ;
;384;(00000000000000000000000000000000) (0) (0) (00)    ;(00000000000000000000000000000000) (0) (0) (00)   ;(00000000000000000000000000000000) (0) (0) (00)   ;(00000000000000000000000000000000) (0) (0) (00)   ;(00000000000000000000000000000000) (0) (0) (00)   ;(00000000000000000000000000000000) (0) (0) (00)   ;(00000000000000000000000000000000) (0) (0) (00)   ;(00000000000000000000000000000000) (0) (0) (00)   ;
;392;(00000000000000000000000000000000) (0) (0) (00)    ;(00000000000000000000000000000000) (0) (0) (00)   ;(00000000000000000000000000000000) (0) (0) (00)   ;(00000000000000000000000000000000) (0) (0) (00)   ;(00000000000000000000000000000000) (0) (0) (00)   ;(00000000000000000000000000000000) (0) (0) (00)   ;(00000000000000000000000000000000) (0) (0) (00)   ;(00000000000000000000000000000000) (0) (0) (00)   ;
;400;(00000000000000000000000000000000) (0) (0) (00)    ;(00000000000000000000000000000000) (0) (0) (00)   ;(00000000000000000000000000000000) (0) (0) (00)   ;(00000000000000000000000000000000) (0) (0) (00)   ;(00000000000000000000000000000000) (0) (0) (00)   ;(00000000000000000000000000000000) (0) (0) (00)   ;(00000000000000000000000000000000) (0) (0) (00)   ;(00000000000000000000000000000000) (0) (0) (00)   ;
;408;(00000000000000000000000000000000) (0) (0) (00)    ;(00000000000000000000000000000000) (0) (0) (00)   ;(00000000000000000000000000000000) (0) (0) (00)   ;(00000000000000000000000000000000) (0) (0) (00)   ;(00000000000000000000000000000000) (0) (0) (00)   ;(00000000000000000000000000000000) (0) (0) (00)   ;(00000000000000000000000000000000) (0) (0) (00)   ;(00000000000000000000000000000000) (0) (0) (00)   ;
;416;(00000000000000000000000000000000) (0) (0) (00)    ;(00000000000000000000000000000000) (0) (0) (00)   ;(00000000000000000000000000000000) (0) (0) (00)   ;(00000000000000000000000000000000) (0) (0) (00)   ;(00000000000000000000000000000000) (0) (0) (00)   ;(00000000000000000000000000000000) (0) (0) (00)   ;(00000000000000000000000000000000) (0) (0) (00)   ;(00000000000000000000000000000000) (0) (0) (00)   ;
;424;(00000000000000000000000000000000) (0) (0) (00)    ;(00000000000000000000000000000000) (0) (0) (00)   ;(00000000000000000000000000000000) (0) (0) (00)   ;(00000000000000000000000000000000) (0) (0) (00)   ;(00000000000000000000000000000000) (0) (0) (00)   ;(00000000000000000000000000000000) (0) (0) (00)   ;(00000000000000000000000000000000) (0) (0) (00)   ;(00000000000000000000000000000000) (0) (0) (00)   ;
;432;(00000000000000000000000000000000) (0) (0) (00)    ;(00000000000000000000000000000000) (0) (0) (00)   ;(00000000000000000000000000000000) (0) (0) (00)   ;(00000000000000000000000000000000) (0) (0) (00)   ;(00000000000000000000000000000000) (0) (0) (00)   ;(00000000000000000000000000000000) (0) (0) (00)   ;(00000000000000000000000000000000) (0) (0) (00)   ;(00000000000000000000000000000000) (0) (0) (00)   ;
;440;(00000000000000000000000000000000) (0) (0) (00)    ;(00000000000000000000000000000000) (0) (0) (00)   ;(00000000000000000000000000000000) (0) (0) (00)   ;(00000000000000000000000000000000) (0) (0) (00)   ;(00000000000000000000000000000000) (0) (0) (00)   ;(00000000000000000000000000000000) (0) (0) (00)   ;(00000000000000000000000000000000) (0) (0) (00)   ;(00000000000000000000000000000000) (0) (0) (00)   ;
;448;(00000000000000000000000000000000) (0) (0) (00)    ;(00000000000000000000000000000000) (0) (0) (00)   ;(00000000000000000000000000000000) (0) (0) (00)   ;(00000000000000000000000000000000) (0) (0) (00)   ;(00000000000000000000000000000000) (0) (0) (00)   ;(00000000000000000000000000000000) (0) (0) (00)   ;(00000000000000000000000000000000) (0) (0) (00)   ;(00000000000000000000000000000000) (0) (0) (00)   ;
;456;(00000000000000000000000000000000) (0) (0) (00)    ;(00000000000000000000000000000000) (0) (0) (00)   ;(00000000000000000000000000000000) (0) (0) (00)   ;(00000000000000000000000000000000) (0) (0) (00)   ;(00000000000000000000000000000000) (0) (0) (00)   ;(00000000000000000000000000000000) (0) (0) (00)   ;(00000000000000000000000000000000) (0) (0) (00)   ;(00000000000000000000000000000000) (0) (0) (00)   ;
;464;(00000000000000000000000000000000) (0) (0) (00)    ;(00000000000000000000000000000000) (0) (0) (00)   ;(00000000000000000000000000000000) (0) (0) (00)   ;(00000000000000000000000000000000) (0) (0) (00)   ;(00000000000000000000000000000000) (0) (0) (00)   ;(00000000000000000000000000000000) (0) (0) (00)   ;(00000000000000000000000000000000) (0) (0) (00)   ;(00000000000000000000000000000000) (0) (0) (00)   ;
;472;(00000000000000000000000000000000) (0) (0) (00)    ;(00000000000000000000000000000000) (0) (0) (00)   ;(00000000000000000000000000000000) (0) (0) (00)   ;(00000000000000000000000000000000) (0) (0) (00)   ;(00000000000000000000000000000000) (0) (0) (00)   ;(00000000000000000000000000000000) (0) (0) (00)   ;(00000000000000000000000000000000) (0) (0) (00)   ;(00000000000000000000000000000000) (0) (0) (00)   ;
;480;(00000000000000000000000000000000) (0) (0) (00)    ;(00000000000000000000000000000000) (0) (0) (00)   ;(00000000000000000000000000000000) (0) (0) (00)   ;(00000000000000000000000000000000) (0) (0) (00)   ;(00000000000000000000000000000000) (0) (0) (00)   ;(00000000000000000000000000000000) (0) (0) (00)   ;(00000000000000000000000000000000) (0) (0) (00)   ;(00000000000000000000000000000000) (0) (0) (00)   ;
;488;(00000000000000000000000000000000) (0) (0) (00)    ;(00000000000000000000000000000000) (0) (0) (00)   ;(00000000000000000000000000000000) (0) (0) (00)   ;(00000000000000000000000000000000) (0) (0) (00)   ;(00000000000000000000000000000000) (0) (0) (00)   ;(00000000000000000000000000000000) (0) (0) (00)   ;(00000000000000000000000000000000) (0) (0) (00)   ;(00000000000000000000000000000000) (0) (0) (00)   ;
;496;(00000000000000000000000000000000) (0) (0) (00)    ;(00000000000000000000000000000000) (0) (0) (00)   ;(00000000000000000000000000000000) (0) (0) (00)   ;(00000000000000000000000000000000) (0) (0) (00)   ;(00000000000000000000000000000000) (0) (0) (00)   ;(00000000000000000000000000000000) (0) (0) (00)   ;(00000000000000000000000000000000) (0) (0) (00)   ;(00000000000000000000000000000000) (0) (0) (00)   ;
;504;(00000000000000000000000000000000) (0) (0) (00)    ;(00000000000000000000000000000000) (0) (0) (00)   ;(00000000000000000000000000000000) (0) (0) (00)   ;(00000000000000000000000000000000) (0) (0) (00)   ;(00000000000000000000000000000000) (0) (0) (00)   ;(00000000000000000000000000000000) (0) (0) (00)   ;(00000000000000000000000000000000) (0) (0) (00)   ;(00000000000000000000000000000000) (0) (0) (00)   ;
;512;(00000000000000000000000000000000) (0) (0) (00)    ;(00000000000000000000000000000000) (0) (0) (00)   ;(00000000000000000000000000000000) (0) (0) (00)   ;(00000000000000000000000000000000) (0) (0) (00)   ;(00000000000000000000000000000000) (0) (0) (00)   ;(00000000000000000000000000000000) (0) (0) (00)   ;(00000000000000000000000000000000) (0) (0) (00)   ;(00000000000000000000000000000000) (0) (0) (00)   ;
;520;(00000000000000000000000000000000) (0) (0) (00)    ;(00000000000000000000000000000000) (0) (0) (00)   ;(00000000000000000000000000000000) (0) (0) (00)   ;(00000000000000000000000000000000) (0) (0) (00)   ;(00000000000000000000000000000000) (0) (0) (00)   ;(00000000000000000000000000000000) (0) (0) (00)   ;(00000000000000000000000000000000) (0) (0) (00)   ;(00000000000000000000000000000000) (0) (0) (00)   ;
;528;(00000000000000000000000000000000) (0) (0) (00)    ;(00000000000000000000000000000000) (0) (0) (00)   ;(00000000000000000000000000000000) (0) (0) (00)   ;(00000000000000000000000000000000) (0) (0) (00)   ;(00000000000000000000000000000000) (0) (0) (00)   ;(00000000000000000000000000000000) (0) (0) (00)   ;(00000000000000000000000000000000) (0) (0) (00)   ;(00000000000000000000000000000000) (0) (0) (00)   ;
;536;(00000000000000000000000000000000) (0) (0) (00)    ;(00000000000000000000000000000000) (0) (0) (00)   ;(00000000000000000000000000000000) (0) (0) (00)   ;(00000000000000000000000000000000) (0) (0) (00)   ;(00000000000000000000000000000000) (0) (0) (00)   ;(00000000000000000000000000000000) (0) (0) (00)   ;(00000000000000000000000000000000) (0) (0) (00)   ;(00000000000000000000000000000000) (0) (0) (00)   ;
;544;(00000000000000000000000000000000) (0) (0) (00)    ;(01101100011011000110010101001000) (-1009388434) (1819043144) (6C6C6548)   ;(01101111011101110010000001101111) (-706830787) (1870078063) (6F77206F)   ;(00100001011001000110110001110010) (-163901134) (560229490) (21646C72)   ;(00000000000000000000101000001101) (5015) (2573) (A0D)   ;(00010010001101000101011001111000) (-2079914126) (305419896) (12345678)   ;(00000000000000000000000000000000) (0) (0) (00)   ;(00000000000000000000000000000000) (0) (0) (00)   ;
;552;(00000000000000000000000000000000) (0) (0) (00)    ;(00000000000000000000000000000000) (0) (0) (00)   ;(00000000000000000000000000000000) (0) (0) (00)   ;(00000000000000000000000000000000) (0) (0) (00)   ;(00000000000000000000000000000000) (0) (0) (00)   ;(00000000000000000000000000000000) (0) (0) (00)   ;(00000000000000000000000000000000) (0) (0) (00)   ;(00000000000000000000000000000000) (0) (0) (00)   ;
;560;(00000000000000000000000000000000) (0) (0) (00)    ;(00000000000000000000000000000000) (0) (0) (00)   ;(00000000000000000000000000000000) (0) (0) (00)   ;(00000000000000000000000000000000) (0) (0) (00)   ;(00000000000000000000000000000000) (0) (0) (00)   ;(00000000000000000000000000000000) (0) (0) (00)   ;(00000000000000000000000000000000) (0) (0) (00)   ;(00000000000000000000000000000000) (0) (0) (00)   ;
;568;(00000000000000000000000000000000) (0) (0) (00)    ;(00000000000000000000000000000000) (0) (0) (00)   ;(00000000000000000000000000000000) (0) (0) (00)   ;(00000000000000000000000000000000) (0) (0) (00)   ;(00000000000000000000000000000000) (0) (0) (00)   ;(00000000000000000000000000000000) (0) (0) (00)   ;(00000000000000000000000000000000) (0) (0) (00)   ;(00000000000000000000000000000000) (0) (0) (00)   ;
;576;(00000000000000000000000000000000) (0) (0) (00)    ;(00000000000000000000000000000000) (0) (0) (00)   ;(00000000000000000000000000000000) (0) (0) (00)   ;(00000000000000000000000000000000) (0) (0) (00)   ;(00000000000000000000000000000000) (0) (0) (00)   ;(00000000000000000000000000000000) (0) (0) (00)   ;(00000000000000000000000000000000) (0) (0) (00)   ;(00000000000000000000000000000000) (0) (0) (00)   ;
;584;(00000000000000000000000000000000) (0) (0) (00)    ;(00000000000000000000000000000000) (0) (0) (00)   ;(00000000000000000000000000000000) (0) (0) (00)   ;(00000000000000000000000000000000) (0) (0) (00)   ;(00000000000000000000000000000000) (0) (0) (00)   ;(00000000000000000000000000000000) (0) (0) (00)   ;(00000000000000000000000000000000) (0) (0) (00)   ;(00000000000000000000000000000000) (0) (0) (00)   ;
;592;(00000000000000000000000000000000) (0) (0) (00)    ;(00000000000000000000000000000000) (0) (0) (00)   ;(00000000000000000000000000000000) (0) (0) (00)   ;(00000000000000000000000000000000) (0) (0) (00)   ;(00000000000000000000000000000000) (0) (0) (00)   ;(00000000000000000000000000000000) (0) (0) (00)   ;(00000000000000000000000000000000) (0) (0) (00)   ;(00000000000000000000000000000000) (0) (0) (00)   ;
;600;(00000000000000000000000000000000) (0) (0) (00)    ;(00000000000000000000000000000000) (0) (0) (00)   ;(00000000000000000000000000000000) (0) (0) (00)   ;(00000000000000000000000000000000) (0) (0) (00)   ;(00000000000000000000000000000000) (0) (0) (00)   ;(00000000000000000000000000000000) (0) (0) (00)   ;(00000000000000000000000000000000) (0) (0) (00)   ;(00000000000000000000000000000000) (0) (0) (00)   ;
;608;(00000000000000000000000000000000) (0) (0) (00)    ;(00000000000000000000000000000000) (0) (0) (00)   ;(00000000000000000000000000000000) (0) (0) (00)   ;(00000000000000000000000000000000) (0) (0) (00)   ;(00000000000000000000000000000000) (0) (0) (00)   ;(00000000000000000000000000000000) (0) (0) (00)   ;(00000000000000000000000000000000) (0) (0) (00)   ;(00000000000000000000000000000000) (0) (0) (00)   ;
;616;(00000000000000000000000000000000) (0) (0) (00)    ;(00000000000000000000000000000000) (0) (0) (00)   ;(00000000000000000000000000000000) (0) (0) (00)   ;(00000000000000000000000000000000) (0) (0) (00)   ;(00000000000000000000000000000000) (0) (0) (00)   ;(00000000000000000000000000000000) (0) (0) (00)   ;(00000000000000000000000000000000) (0) (0) (00)   ;(00000000000000000000000000000000) (0) (0) (00)   ;
;624;(00000000000000000000000000000000) (0) (0) (00)    ;(00000000000000000000000000000000) (0) (0) (00)   ;(00000000000000000000000000000000) (0) (0) (00)   ;(00000000000000000000000000000000) (0) (0) (00)   ;(00000000000000000000000000000000) (0) (0) (00)   ;(00000000000000000000000000000000) (0) (0) (00)   ;(00000000000000000000000000000000) (0) (0) (00)   ;(00000000000000000000000000000000) (0) (0) (00)   ;
;632;(00000000000000000000000000000000) (0) (0) (00)    ;(00000000000000000000000000000000) (0) (0) (00)   ;(00000000000000000000000000000000) (0) (0) (00)   ;(00000000000000000000000000000000) (0) (0) (00)   ;(00000000000000000000000000000000) (0) (0) (00)   ;(00000000000000000000000000000000) (0) (0) (00)   ;(00000000000000000000000000000000) (0) (0) (00)   ;(00000000000000000000000000000000) (0) (0) (00)   ;
;640;(00000000000000000000000000000000) (0) (0) (00)    ;(00000000000000000000000000000000) (0) (0) (00)   ;(00000000000000000000000000000000) (0) (0) (00)   ;(00000000000000000000000000000000) (0) (0) (00)   ;(00000000000000000000000000000000) (0) (0) (00)   ;(00000000000000000000000000000000) (0) (0) (00)   ;(00000000000000000000000000000000) (0) (0) (00)   ;(00000000000000000000000000000000) (0) (0) (00)   ;
;648;(00000000000000000000000000000000) (0) (0) (00)    ;(00000000000000000000000000000000) (0) (0) (00)   ;(00000000000000000000000000000000) (0) (0) (00)   ;(00000000000000000000000000000000) (0) (0) (00)   ;(00000000000000000000000000000000) (0) (0) (00)   ;(00000000000000000000000000000000) (0) (0) (00)   ;(00000000000000000000000000000000) (0) (0) (00)   ;(00000000000000000000000000000000) (0) (0) (00)   ;
;656;(00000000000000000000000000000000) (0) (0) (00)    ;(00000000000000000000000000000000) (0) (0) (00)   ;(00000000000000000000000000000000) (0) (0) (00)   ;(00000000000000000000000000000000) (0) (0) (00)   ;(00000000000000000000000000000000) (0) (0) (00)   ;(00000000000000000000000000000000) (0) (0) (00)   ;(00000000000000000000000000000000) (0) (0) (00)   ;(00000000000000000000000000000000) (0) (0) (00)   ;
;664;(00000000000000000000000000000000) (0) (0) (00)    ;(00000000000000000000000000000000) (0) (0) (00)   ;(00000000000000000000000000000000) (0) (0) (00)   ;(00000000000000000000000000000000) (0) (0) (00)   ;(00000000000000000000000000000000) (0) (0) (00)   ;(00000000000000000000000000000000) (0) (0) (00)   ;(00000000000000000000000000000000) (0) (0) (00)   ;(00000000000000000000000000000000) (0) (0) (00)   ;
;672;(00000000000000000000000000000000) (0) (0) (00)    ;(00000000000000000000000000000000) (0) (0) (00)   ;(00000000000000000000000000000000) (0) (0) (00)   ;(00000000000000000000000000000000) (0) (0) (00)   ;(00000000000000000000000000000000) (0) (0) (00)   ;(00000000000000000000000000000000) (0) (0) (00)   ;(00000000000000000000000000000000) (0) (0) (00)   ;(00000000000000000000000000000000) (0) (0) (00)   ;
;680;(00000000000000000000000000000000) (0) (0) (00)    ;(00000000000000000000000000000000) (0) (0) (00)   ;(00000000000000000000000000000000) (0) (0) (00)   ;(00000000000000000000000000000000) (0) (0) (00)   ;(00000000000000000000000000000000) (0) (0) (00)   ;(00000000000000000000000000000000) (0) (0) (00)   ;(00000000000000000000000000000000) (0) (0) (00)   ;(00000000000000000000000000000000) (0) (0) (00)   ;
;688;(00000000000000000000000000000000) (0) (0) (00)    ;(00000000000000000000000000000000) (0) (0) (00)   ;(00000000000000000000000000000000) (0) (0) (00)   ;(00000000000000000000000000000000) (0) (0) (00)   ;(00000000000000000000000000000000) (0) (0) (00)   ;(00000000000000000000000000000000) (0) (0) (00)   ;(00000000000000000000000000000000) (0) (0) (00)   ;(00000000000000000000000000000000) (0) (0) (00)   ;
;696;(00000000000000000000000000000000) (0) (0) (00)    ;(00000000000000000000000000000000) (0) (0) (00)   ;(00000000000000000000000000000000) (0) (0) (00)   ;(00000000000000000000000000000000) (0) (0) (00)   ;(00000000000000000000000000000000) (0) (0) (00)   ;(00000000000000000000000000000000) (0) (0) (00)   ;(00000000000000000000000000000000) (0) (0) (00)   ;(00000000000000000000000000000000) (0) (0) (00)   ;
;704;(00000000000000000000000000000000) (0) (0) (00)    ;(00000000000000000000000000000000) (0) (0) (00)   ;(00000000000000000000000000000000) (0) (0) (00)   ;(00000000000000000000000000000000) (0) (0) (00)   ;(00000000000000000000000000000000) (0) (0) (00)   ;(00000000000000000000000000000000) (0) (0) (00)   ;(00000000000000000000000000000000) (0) (0) (00)   ;(00000000000000000000000000000000) (0) (0) (00)   ;
;712;(00000000000000000000000000000000) (0) (0) (00)    ;(00000000000000000000000000000000) (0) (0) (00)   ;(00000000000000000000000000000000) (0) (0) (00)   ;(00000000000000000000000000000000) (0) (0) (00)   ;(00000000000000000000000000000000) (0) (0) (00)   ;(00000000000000000000000000000000) (0) (0) (00)   ;(00000000000000000000000000000000) (0) (0) (00)   ;(00000000000000000000000000000000) (0) (0) (00)   ;
;720;(00000000000000000000000000000000) (0) (0) (00)    ;(00000000000000000000000000000000) (0) (0) (00)   ;(00000000000000000000000000000000) (0) (0) (00)   ;(00000000000000000000000000000000) (0) (0) (00)   ;(00000000000000000000000000000000) (0) (0) (00)   ;(00000000000000000000000000000000) (0) (0) (00)   ;(00000000000000000000000000000000) (0) (0) (00)   ;(00000000000000000000000000000000) (0) (0) (00)   ;
;728;(00000000000000000000000000000000) (0) (0) (00)    ;(00000000000000000000000000000000) (0) (0) (00)   ;(00000000000000000000000000000000) (0) (0) (00)   ;(00000000000000000000000000000000) (0) (0) (00)   ;(00000000000000000000000000000000) (0) (0) (00)   ;(00000000000000000000000000000000) (0) (0) (00)   ;(00000000000000000000000000000000) (0) (0) (00)   ;(00000000000000000000000000000000) (0) (0) (00)   ;
;736;(00000000000000000000000000000000) (0) (0) (00)    ;(00000000000000000000000000000000) (0) (0) (00)   ;(00000000000000000000000000000000) (0) (0) (00)   ;(00000000000000000000000000000000) (0) (0) (00)   ;(00000000000000000000000000000000) (0) (0) (00)   ;(00000000000000000000000000000000) (0) (0) (00)   ;(00000000000000000000000000000000) (0) (0) (00)   ;(00000000000000000000000000000000) (0) (0) (00)   ;
;744;(00000000000000000000000000000000) (0) (0) (00)    ;(00000000000000000000000000000000) (0) (0) (00)   ;(00000000000000000000000000000000) (0) (0) (00)   ;(00000000000000000000000000000000) (0) (0) (00)   ;(00000000000000000000000000000000) (0) (0) (00)   ;(00000000000000000000000000000000) (0) (0) (00)   ;(00000000000000000000000000000000) (0) (0) (00)   ;(00000000000000000000000000000000) (0) (0) (00)   ;
;752;(00000000000000000000000000000000) (0) (0) (00)    ;(00000000000000000000000000000000) (0) (0) (00)   ;(00000000000000000000000000000000) (0) (0) (00)   ;(00000000000000000000000000000000) (0) (0) (00)   ;(00000000000000000000000000000000) (0) (0) (00)   ;(00000000000000000000000000000000) (0) (0) (00)   ;(00000000000000000000000000000000) (0) (0) (00)   ;(00000000000000000000000000000000) (0) (0) (00)   ;
;760;(00000000000000000000000000000000) (0) (0) (00)    ;(00000000000000000000000000000000) (0) (0) (00)   ;(00000000000000000000000000000000) (0) (0) (00)   ;(00000000000000000000000000000000) (0) (0) (00)   ;(00000000000000000000000000000000) (0) (0) (00)   ;(00000000000000000000000000000000) (0) (0) (00)   ;(00000000000000000000000000000000) (0) (0) (00)   ;(00000000000000000000000000000000) (0) (0) (00)   ;
;768;(00000000000000000000000000000000) (0) (0) (00)    ;(00000000000000000000000000000000) (0) (0) (00)   ;(00000000000000000000000000000000) (0) (0) (00)   ;(00000000000000000000000000000000) (0) (0) (00)   ;(00000000000000000000000000000000) (0) (0) (00)   ;(00000000000000000000000000000000) (0) (0) (00)   ;(00000000000000000000000000000000) (0) (0) (00)   ;(00000000000000000000000000000000) (0) (0) (00)   ;
;776;(00000000000000000000000000000000) (0) (0) (00)    ;(00000000000000000000000000000000) (0) (0) (00)   ;(00000000000000000000000000000000) (0) (0) (00)   ;(00000000000000000000000000000000) (0) (0) (00)   ;(00000000000000000000000000000000) (0) (0) (00)   ;(00000000000000000000000000000000) (0) (0) (00)   ;(00000000000000000000000000000000) (0) (0) (00)   ;(00000000000000000000000000000000) (0) (0) (00)   ;
;784;(00000000000000000000000000000000) (0) (0) (00)    ;(00000000000000000000000000000000) (0) (0) (00)   ;(00000000000000000000000000000000) (0) (0) (00)   ;(00000000000000000000000000000000) (0) (0) (00)   ;(00000000000000000000000000000000) (0) (0) (00)   ;(00000000000000000000000000000000) (0) (0) (00)   ;(00000000000000000000000000000000) (0) (0) (00)   ;(00000000000000000000000000000000) (0) (0) (00)   ;
;792;(00000000000000000000000000000000) (0) (0) (00)    ;(00000000000000000000000000000000) (0) (0) (00)   ;(00000000000000000000000000000000) (0) (0) (00)   ;(00000000000000000000000000000000) (0) (0) (00)   ;(00000000000000000000000000000000) (0) (0) (00)   ;(00000000000000000000000000000000) (0) (0) (00)   ;(00000000000000000000000000000000) (0) (0) (00)   ;(00000000000000000000000000000000) (0) (0) (00)   ;
;800;(00000000000000000000000000000000) (0) (0) (00)    ;(00000000000000000000000000000000) (0) (0) (00)   ;(00000000000000000000000000000000) (0) (0) (00)   ;(00000000000000000000000000000000) (0) (0) (00)   ;(00000000000000000000000000000000) (0) (0) (00)   ;(00000000000000000000000000000000) (0) (0) (00)   ;(00000000000000000000000000000000) (0) (0) (00)   ;(00000000000000000000000000000000) (0) (0) (00)   ;
;808;(00000000000000000000000000000000) (0) (0) (00)    ;(00000000000000000000000000000000) (0) (0) (00)   ;(00000000000000000000000000000000) (0) (0) (00)   ;(00000000000000000000000000000000) (0) (0) (00)   ;(00000000000000000000000000000000) (0) (0) (00)   ;(00000000000000000000000000000000) (0) (0) (00)   ;(00000000000000000000000000000000) (0) (0) (00)   ;(00000000000000000000000000000000) (0) (0) (00)   ;
;816;(00000000000000000000000000000000) (0) (0) (00)    ;(00000000000000000000000000000000) (0) (0) (00)   ;(00000000000000000000000000000000) (0) (0) (00)   ;(00000000000000000000000000000000) (0) (0) (00)   ;(00000000000000000000000000000000) (0) (0) (00)   ;(00000000000000000000000000000000) (0) (0) (00)   ;(00000000000000000000000000000000) (0) (0) (00)   ;(00000000000000000000000000000000) (0) (0) (00)   ;
;824;(00000000000000000000000000000000) (0) (0) (00)    ;(00000000000000000000000000000000) (0) (0) (00)   ;(00000000000000000000000000000000) (0) (0) (00)   ;(00000000000000000000000000000000) (0) (0) (00)   ;(00000000000000000000000000000000) (0) (0) (00)   ;(00000000000000000000000000000000) (0) (0) (00)   ;(00000000000000000000000000000000) (0) (0) (00)   ;(00000000000000000000000000000000) (0) (0) (00)   ;
;832;(00000000000000000000000000000000) (0) (0) (00)    ;(00000000000000000000000000000000) (0) (0) (00)   ;(00000000000000000000000000000000) (0) (0) (00)   ;(00000000000000000000000000000000) (0) (0) (00)   ;(00000000000000000000000000000000) (0) (0) (00)   ;(00000000000000000000000000000000) (0) (0) (00)   ;(00000000000000000000000000000000) (0) (0) (00)   ;(00000000000000000000000000000000) (0) (0) (00)   ;
;840;(00000000000000000000000000000000) (0) (0) (00)    ;(00000000000000000000000000000000) (0) (0) (00)   ;(00000000000000000000000000000000) (0) (0) (00)   ;(00000000000000000000000000000000) (0) (0) (00)   ;(00000000000000000000000000000000) (0) (0) (00)   ;(00000000000000000000000000000000) (0) (0) (00)   ;(00000000000000000000000000000000) (0) (0) (00)   ;(00000000000000000000000000000000) (0) (0) (00)   ;
;848;(00000000000000000000000000000000) (0) (0) (00)    ;(00000000000000000000000000000000) (0) (0) (00)   ;(00000000000000000000000000000000) (0) (0) (00)   ;(00000000000000000000000000000000) (0) (0) (00)   ;(00000000000000000000000000000000) (0) (0) (00)   ;(00000000000000000000000000000000) (0) (0) (00)   ;(00000000000000000000000000000000) (0) (0) (00)   ;(00000000000000000000000000000000) (0) (0) (00)   ;
;856;(00000000000000000000000000000000) (0) (0) (00)    ;(00000000000000000000000000000000) (0) (0) (00)   ;(00000000000000000000000000000000) (0) (0) (00)   ;(00000000000000000000000000000000) (0) (0) (00)   ;(00000000000000000000000000000000) (0) (0) (00)   ;(00000000000000000000000000000000) (0) (0) (00)   ;(00000000000000000000000000000000) (0) (0) (00)   ;(00000000000000000000000000000000) (0) (0) (00)   ;
;864;(00000000000000000000000000000000) (0) (0) (00)    ;(00000000000000000000000000000000) (0) (0) (00)   ;(00000000000000000000000000000000) (0) (0) (00)   ;(00000000000000000000000000000000) (0) (0) (00)   ;(00000000000000000000000000000000) (0) (0) (00)   ;(00000000000000000000000000000000) (0) (0) (00)   ;(00000000000000000000000000000000) (0) (0) (00)   ;(00000000000000000000000000000000) (0) (0) (00)   ;
;872;(00000000000000000000000000000000) (0) (0) (00)    ;(00000000000000000000000000000000) (0) (0) (00)   ;(00000000000000000000000000000000) (0) (0) (00)   ;(00000000000000000000000000000000) (0) (0) (00)   ;(00000000000000000000000000000000) (0) (0) (00)   ;(00000000000000000000000000000000) (0) (0) (00)   ;(00000000000000000000000000000000) (0) (0) (00)   ;(00000000000000000000000000000000) (0) (0) (00)   ;
;880;(00000000000000000000000000000000) (0) (0) (00)    ;(00000000000000000000000000000000) (0) (0) (00)   ;(00000000000000000000000000000000) (0) (0) (00)   ;(00000000000000000000000000000000) (0) (0) (00)   ;(00000000000000000000000000000000) (0) (0) (00)   ;(00000000000000000000000000000000) (0) (0) (00)   ;(00000000000000000000000000000000) (0) (0) (00)   ;(00000000000000000000000000000000) (0) (0) (00)   ;
;888;(00000000000000000000000000000000) (0) (0) (00)    ;(00000000000000000000000000000000) (0) (0) (00)   ;(00000000000000000000000000000000) (0) (0) (00)   ;(00000000000000000000000000000000) (0) (0) (00)   ;(00000000000000000000000000000000) (0) (0) (00)   ;(00000000000000000000000000000000) (0) (0) (00)   ;(00000000000000000000000000000000) (0) (0) (00)   ;(00000000000000000000000000000000) (0) (0) (00)   ;
;896;(00000000000000000000000000000000) (0) (0) (00)    ;(00000000000000000000000000000000) (0) (0) (00)   ;(00000000000000000000000000000000) (0) (0) (00)   ;(00000000000000000000000000000000) (0) (0) (00)   ;(00000000000000000000000000000000) (0) (0) (00)   ;(00000000000000000000000000000000) (0) (0) (00)   ;(00000000000000000000000000000000) (0) (0) (00)   ;(00000000000000000000000000000000) (0) (0) (00)   ;
;904;(00000000000000000000000000000000) (0) (0) (00)    ;(00000000000000000000000000000000) (0) (0) (00)   ;(00000000000000000000000000000000) (0) (0) (00)   ;(00000000000000000000000000000000) (0) (0) (00)   ;(00000000000000000000000000000000) (0) (0) (00)   ;(00000000000000000000000000000000) (0) (0) (00)   ;(00000000000000000000000000000000) (0) (0) (00)   ;(00000000000000000000000000000000) (0) (0) (00)   ;
;912;(00000000000000000000000000000000) (0) (0) (00)    ;(00000000000000000000000000000000) (0) (0) (00)   ;(00000000000000000000000000000000) (0) (0) (00)   ;(00000000000000000000000000000000) (0) (0) (00)   ;(00000000000000000000000000000000) (0) (0) (00)   ;(00000000000000000000000000000000) (0) (0) (00)   ;(00000000000000000000000000000000) (0) (0) (00)   ;(00000000000000000000000000000000) (0) (0) (00)   ;
;920;(00000000000000000000000000000000) (0) (0) (00)    ;(00000000000000000000000000000000) (0) (0) (00)   ;(00000000000000000000000000000000) (0) (0) (00)   ;(00000000000000000000000000000000) (0) (0) (00)   ;(00000000000000000000000000000000) (0) (0) (00)   ;(00000000000000000000000000000000) (0) (0) (00)   ;(00000000000000000000000000000000) (0) (0) (00)   ;(00000000000000000000000000000000) (0) (0) (00)   ;
;928;(00000000000000000000000000000000) (0) (0) (00)    ;(00000000000000000000000000000000) (0) (0) (00)   ;(00000000000000000000000000000000) (0) (0) (00)   ;(00000000000000000000000000000000) (0) (0) (00)   ;(00000000000000000000000000000000) (0) (0) (00)   ;(00000000000000000000000000000000) (0) (0) (00)   ;(00000000000000000000000000000000) (0) (0) (00)   ;(00000000000000000000000000000000) (0) (0) (00)   ;
;936;(00000000000000000000000000000000) (0) (0) (00)    ;(00000000000000000000000000000000) (0) (0) (00)   ;(00000000000000000000000000000000) (0) (0) (00)   ;(00000000000000000000000000000000) (0) (0) (00)   ;(00000000000000000000000000000000) (0) (0) (00)   ;(00000000000000000000000000000000) (0) (0) (00)   ;(00000000000000000000000000000000) (0) (0) (00)   ;(00000000000000000000000000000000) (0) (0) (00)   ;
;944;(00000000000000000000000000000000) (0) (0) (00)    ;(00000000000000000000000000000000) (0) (0) (00)   ;(00000000000000000000000000000000) (0) (0) (00)   ;(00000000000000000000000000000000) (0) (0) (00)   ;(00000000000000000000000000000000) (0) (0) (00)   ;(00000000000000000000000000000000) (0) (0) (00)   ;(00000000000000000000000000000000) (0) (0) (00)   ;(00000000000000000000000000000000) (0) (0) (00)   ;
;952;(00000000000000000000000000000000) (0) (0) (00)    ;(00000000000000000000000000000000) (0) (0) (00)   ;(00000000000000000000000000000000) (0) (0) (00)   ;(00000000000000000000000000000000) (0) (0) (00)   ;(00000000000000000000000000000000) (0) (0) (00)   ;(00000000000000000000000000000000) (0) (0) (00)   ;(00000000000000000000000000000000) (0) (0) (00)   ;(00000000000000000000000000000000) (0) (0) (00)   ;
;960;(00000000000000000000000000000000) (0) (0) (00)    ;(00000000000000000000000000000000) (0) (0) (00)   ;(00000000000000000000000000000000) (0) (0) (00)   ;(00000000000000000000000000000000) (0) (0) (00)   ;(00000000000000000000000000000000) (0) (0) (00)   ;(00000000000000000000000000000000) (0) (0) (00)   ;(00000000000000000000000000000000) (0) (0) (00)   ;(00000000000000000000000000000000) (0) (0) (00)   ;
;968;(00000000000000000000000000000000) (0) (0) (00)    ;(00000000000000000000000000000000) (0) (0) (00)   ;(00000000000000000000000000000000) (0) (0) (00)   ;(00000000000000000000000000000000) (0) (0) (00)   ;(00000000000000000000000000000000) (0) (0) (00)   ;(00000000000000000000000000000000) (0) (0) (00)   ;(00000000000000000000000000000000) (0) (0) (00)   ;(00000000000000000000000000000000) (0) (0) (00)   ;
;976;(00000000000000000000000000000000) (0) (0) (00)    ;(00000000000000000000000000000000) (0) (0) (00)   ;(00000000000000000000000000000000) (0) (0) (00)   ;(00000000000000000000000000000000) (0) (0) (00)   ;(00000000000000000000000000000000) (0) (0) (00)   ;(00000000000000000000000000000000) (0) (0) (00)   ;(00000000000000000000000000000000) (0) (0) (00)   ;(00000000000000000000000000000000) (0) (0) (00)   ;
;984;(00000000000000000000000000000000) (0) (0) (00)    ;(00000000000000000000000000000000) (0) (0) (00)   ;(00000000000000000000000000000000) (0) (0) (00)   ;(00000000000000000000000000000000) (0) (0) (00)   ;(00000000000000000000000000000000) (0) (0) (00)   ;(00000000000000000000000000000000) (0) (0) (00)   ;(00000000000000000000000000000000) (0) (0) (00)   ;(00000000000000000000000000000000) (0) (0) (00)   ;
;992;(00000000000000000000000000000000) (0) (0) (00)    ;(00000000000000000000000000000000) (0) (0) (00)   ;(00000000000000000000000000000000) (0) (0) (00)   ;(00000000000000000000000000000000) (0) (0) (00)   ;(00000000000000000000000000000000) (0) (0) (00)   ;(00000000000000000000000000000000) (0) (0) (00)   ;(00000000000000000000000000000000) (0) (0) (00)   ;(00000000000000000000000000000000) (0) (0) (00)   ;
;1000;(00000000000000000000000000000000) (0) (0) (00)    ;(00000000000000000000000000000000) (0) (0) (00)   ;(00000000000000000000000000000000) (0) (0) (00)   ;(00000000000000000000000000000000) (0) (0) (00)   ;(00000000000000000000000000000000) (0) (0) (00)   ;(00000000000000000000000000000000) (0) (0) (00)   ;(00000000000000000000000000000000) (0) (0) (00)   ;(00000000000000000000000000000000) (0) (0) (00)   ;
;1008;(00000000000000000000000000000000) (0) (0) (00)    ;(00000000000000000000000000000000) (0) (0) (00)   ;(00000000000000000000000000000000) (0) (0) (00)   ;(00000000000000000000000000000000) (0) (0) (00)   ;(00000000000000000000000000000000) (0) (0) (00)   ;(00000000000000000000000000000000) (0) (0) (00)   ;(00000000000000000000000000000000) (0) (0) (00)   ;(00000000000000000000000000000000) (0) (0) (00)   ;
;1016;(00000000000000000000000000000000) (0) (0) (00)    ;(00000000000000000000000000000000) (0) (0) (00)   ;(00000000000000000000000000000000) (0) (0) (00)   ;(00000000000000000000000000000000) (0) (0) (00)   ;(00000000000000000000000000000000) (0) (0) (00)   ;(00000000000000000000000000000000) (0) (0) (00)   ;(00000000000000000000000000000000) (0) (0) (00)   ;(00000000000000000000000000000000) (0) (0) (00)   ;


+-------------------------------------------------+
; Routing Usage Summary                           ;
+-----------------------+-------------------------+
; Routing Resource Type ; Usage                   ;
+-----------------------+-------------------------+
; Block interconnects   ; 4,829 / 27,275 ( 18 % ) ;
; C16 interconnects     ; 48 / 1,240 ( 4 % )      ;
; C4 interconnects      ; 3,209 / 20,832 ( 15 % ) ;
; Direct links          ; 376 / 27,275 ( 1 % )    ;
; Global clocks         ; 1 / 10 ( 10 % )         ;
; Local interconnects   ; 1,516 / 8,064 ( 19 % )  ;
; R24 interconnects     ; 58 / 1,320 ( 4 % )      ;
; R4 interconnects      ; 3,991 / 28,560 ( 14 % ) ;
+-----------------------+-------------------------+


+-----------------------------------------------------------------------------+
; LAB Logic Elements                                                          ;
+---------------------------------------------+-------------------------------+
; Number of Logic Elements  (Average = 12.09) ; Number of LABs  (Total = 215) ;
+---------------------------------------------+-------------------------------+
; 1                                           ; 12                            ;
; 2                                           ; 9                             ;
; 3                                           ; 8                             ;
; 4                                           ; 5                             ;
; 5                                           ; 4                             ;
; 6                                           ; 5                             ;
; 7                                           ; 5                             ;
; 8                                           ; 2                             ;
; 9                                           ; 1                             ;
; 10                                          ; 5                             ;
; 11                                          ; 4                             ;
; 12                                          ; 9                             ;
; 13                                          ; 16                            ;
; 14                                          ; 18                            ;
; 15                                          ; 39                            ;
; 16                                          ; 73                            ;
+---------------------------------------------+-------------------------------+


+--------------------------------------------------------------------+
; LAB-wide Signals                                                   ;
+------------------------------------+-------------------------------+
; LAB-wide Signals  (Average = 1.62) ; Number of LABs  (Total = 215) ;
+------------------------------------+-------------------------------+
; 1 Clock                            ; 178                           ;
; 1 Clock enable                     ; 50                            ;
; 1 Sync. clear                      ; 8                             ;
; 1 Sync. load                       ; 3                             ;
; 2 Clock enables                    ; 110                           ;
+------------------------------------+-------------------------------+


+------------------------------------------------------------------------------+
; LAB Signals Sourced                                                          ;
+----------------------------------------------+-------------------------------+
; Number of Signals Sourced  (Average = 17.61) ; Number of LABs  (Total = 215) ;
+----------------------------------------------+-------------------------------+
; 0                                            ; 2                             ;
; 1                                            ; 3                             ;
; 2                                            ; 12                            ;
; 3                                            ; 3                             ;
; 4                                            ; 5                             ;
; 5                                            ; 3                             ;
; 6                                            ; 7                             ;
; 7                                            ; 1                             ;
; 8                                            ; 5                             ;
; 9                                            ; 3                             ;
; 10                                           ; 2                             ;
; 11                                           ; 5                             ;
; 12                                           ; 4                             ;
; 13                                           ; 3                             ;
; 14                                           ; 6                             ;
; 15                                           ; 11                            ;
; 16                                           ; 25                            ;
; 17                                           ; 6                             ;
; 18                                           ; 7                             ;
; 19                                           ; 7                             ;
; 20                                           ; 10                            ;
; 21                                           ; 11                            ;
; 22                                           ; 11                            ;
; 23                                           ; 6                             ;
; 24                                           ; 11                            ;
; 25                                           ; 2                             ;
; 26                                           ; 6                             ;
; 27                                           ; 3                             ;
; 28                                           ; 8                             ;
; 29                                           ; 5                             ;
; 30                                           ; 4                             ;
; 31                                           ; 0                             ;
; 32                                           ; 18                            ;
+----------------------------------------------+-------------------------------+


+----------------------------------------------------------------------------------+
; LAB Signals Sourced Out                                                          ;
+--------------------------------------------------+-------------------------------+
; Number of Signals Sourced Out  (Average = 10.04) ; Number of LABs  (Total = 215) ;
+--------------------------------------------------+-------------------------------+
; 0                                                ; 2                             ;
; 1                                                ; 9                             ;
; 2                                                ; 10                            ;
; 3                                                ; 4                             ;
; 4                                                ; 11                            ;
; 5                                                ; 6                             ;
; 6                                                ; 19                            ;
; 7                                                ; 9                             ;
; 8                                                ; 10                            ;
; 9                                                ; 18                            ;
; 10                                               ; 16                            ;
; 11                                               ; 14                            ;
; 12                                               ; 13                            ;
; 13                                               ; 14                            ;
; 14                                               ; 13                            ;
; 15                                               ; 6                             ;
; 16                                               ; 30                            ;
; 17                                               ; 2                             ;
; 18                                               ; 4                             ;
; 19                                               ; 1                             ;
; 20                                               ; 1                             ;
; 21                                               ; 0                             ;
; 22                                               ; 1                             ;
; 23                                               ; 0                             ;
; 24                                               ; 0                             ;
; 25                                               ; 0                             ;
; 26                                               ; 1                             ;
; 27                                               ; 0                             ;
; 28                                               ; 1                             ;
+--------------------------------------------------+-------------------------------+


+------------------------------------------------------------------------------+
; LAB Distinct Inputs                                                          ;
+----------------------------------------------+-------------------------------+
; Number of Distinct Inputs  (Average = 21.12) ; Number of LABs  (Total = 215) ;
+----------------------------------------------+-------------------------------+
; 0                                            ; 0                             ;
; 1                                            ; 0                             ;
; 2                                            ; 0                             ;
; 3                                            ; 0                             ;
; 4                                            ; 3                             ;
; 5                                            ; 1                             ;
; 6                                            ; 10                            ;
; 7                                            ; 0                             ;
; 8                                            ; 6                             ;
; 9                                            ; 2                             ;
; 10                                           ; 5                             ;
; 11                                           ; 4                             ;
; 12                                           ; 8                             ;
; 13                                           ; 4                             ;
; 14                                           ; 9                             ;
; 15                                           ; 16                            ;
; 16                                           ; 11                            ;
; 17                                           ; 8                             ;
; 18                                           ; 6                             ;
; 19                                           ; 3                             ;
; 20                                           ; 4                             ;
; 21                                           ; 7                             ;
; 22                                           ; 5                             ;
; 23                                           ; 9                             ;
; 24                                           ; 4                             ;
; 25                                           ; 4                             ;
; 26                                           ; 9                             ;
; 27                                           ; 8                             ;
; 28                                           ; 8                             ;
; 29                                           ; 12                            ;
; 30                                           ; 7                             ;
; 31                                           ; 9                             ;
; 32                                           ; 12                            ;
; 33                                           ; 10                            ;
; 34                                           ; 5                             ;
; 35                                           ; 3                             ;
; 36                                           ; 1                             ;
; 37                                           ; 1                             ;
+----------------------------------------------+-------------------------------+


+------------------------------------------+
; I/O Rules Summary                        ;
+----------------------------------+-------+
; I/O Rules Statistic              ; Total ;
+----------------------------------+-------+
; Total I/O Rules                  ; 30    ;
; Number of I/O Rules Passed       ; 10    ;
; Number of I/O Rules Failed       ; 0     ;
; Number of I/O Rules Unchecked    ; 0     ;
; Number of I/O Rules Inapplicable ; 20    ;
+----------------------------------+-------+


+--------------------------------------------------------------------------------------------------------------------------------------------------------------------------------------------------------------------------------------------------------------------------------------+
; I/O Rules Details                                                                                                                                                                                                                                                                    ;
+--------------+-----------+-----------------------------------+------------------------------------------------------------------------------------------------------+----------+--------------------------------------------------------------------------+------+-------------------+
; Status       ; ID        ; Category                          ; Rule Description                                                                                     ; Severity ; Information                                                              ; Area ; Extra Information ;
+--------------+-----------+-----------------------------------+------------------------------------------------------------------------------------------------------+----------+--------------------------------------------------------------------------+------+-------------------+
; Pass         ; IO_000001 ; Capacity Checks                   ; Number of pins in an I/O bank should not exceed the number of locations available.                   ; Critical ; 0 such failures found.                                                   ; I/O  ;                   ;
; Inapplicable ; IO_000002 ; Capacity Checks                   ; Number of clocks in an I/O bank should not exceed the number of clocks available.                    ; Critical ; No Global Signal assignments found.                                      ; I/O  ;                   ;
; Pass         ; IO_000003 ; Capacity Checks                   ; Number of pins in a Vrefgroup should not exceed the number of locations available.                   ; Critical ; 0 such failures found.                                                   ; I/O  ;                   ;
; Inapplicable ; IO_000004 ; Voltage Compatibility Checks      ; The I/O bank should support the requested VCCIO.                                                     ; Critical ; No IOBANK_VCCIO assignments found.                                       ; I/O  ;                   ;
; Inapplicable ; IO_000005 ; Voltage Compatibility Checks      ; The I/O bank should not have competing VREF values.                                                  ; Critical ; No VREF I/O Standard assignments found.                                  ; I/O  ;                   ;
; Pass         ; IO_000006 ; Voltage Compatibility Checks      ; The I/O bank should not have competing VCCIO values.                                                 ; Critical ; 0 such failures found.                                                   ; I/O  ;                   ;
; Pass         ; IO_000007 ; Valid Location Checks             ; Checks for unavailable locations.                                                                    ; Critical ; 0 such failures found.                                                   ; I/O  ;                   ;
; Inapplicable ; IO_000008 ; Valid Location Checks             ; Checks for reserved locations.                                                                       ; Critical ; No reserved LogicLock region found.                                      ; I/O  ;                   ;
; Pass         ; IO_000009 ; I/O Properties Checks for One I/O ; The location should support the requested I/O standard.                                              ; Critical ; 0 such failures found.                                                   ; I/O  ;                   ;
; Pass         ; IO_000010 ; I/O Properties Checks for One I/O ; The location should support the requested I/O direction.                                             ; Critical ; 0 such failures found.                                                   ; I/O  ;                   ;
; Inapplicable ; IO_000011 ; I/O Properties Checks for One I/O ; The location should support the requested Current Strength.                                          ; Critical ; No Current Strength assignments found.                                   ; I/O  ;                   ;
; Inapplicable ; IO_000012 ; I/O Properties Checks for One I/O ; The location should support the requested On Chip Termination value.                                 ; Critical ; No Termination assignments found.                                        ; I/O  ;                   ;
; Inapplicable ; IO_000013 ; I/O Properties Checks for One I/O ; The location should support the requested Bus Hold value.                                            ; Critical ; No Enable Bus-Hold Circuitry assignments found.                          ; I/O  ;                   ;
; Inapplicable ; IO_000014 ; I/O Properties Checks for One I/O ; The location should support the requested Weak Pull Up value.                                        ; Critical ; No Weak Pull-Up Resistor assignments found.                              ; I/O  ;                   ;
; Pass         ; IO_000015 ; I/O Properties Checks for One I/O ; The location should support the requested PCI Clamp Diode.                                           ; Critical ; 0 such failures found.                                                   ; I/O  ;                   ;
; Inapplicable ; IO_000018 ; I/O Properties Checks for One I/O ; The I/O standard should support the requested Current Strength.                                      ; Critical ; No Current Strength assignments found.                                   ; I/O  ;                   ;
; Inapplicable ; IO_000019 ; I/O Properties Checks for One I/O ; The I/O standard should support the requested On Chip Termination value.                             ; Critical ; No Termination assignments found.                                        ; I/O  ;                   ;
; Pass         ; IO_000020 ; I/O Properties Checks for One I/O ; The I/O standard should support the requested PCI Clamp Diode.                                       ; Critical ; 0 such failures found.                                                   ; I/O  ;                   ;
; Inapplicable ; IO_000021 ; I/O Properties Checks for One I/O ; The I/O standard should support the requested Weak Pull Up value.                                    ; Critical ; No Weak Pull-Up Resistor assignments found.                              ; I/O  ;                   ;
; Inapplicable ; IO_000022 ; I/O Properties Checks for One I/O ; The I/O standard should support the requested Bus Hold value.                                        ; Critical ; No Enable Bus-Hold Circuitry assignments found.                          ; I/O  ;                   ;
; Pass         ; IO_000023 ; I/O Properties Checks for One I/O ; The I/O standard should support the Open Drain value.                                                ; Critical ; 0 such failures found.                                                   ; I/O  ;                   ;
; Inapplicable ; IO_000024 ; I/O Properties Checks for One I/O ; The I/O direction should support the On Chip Termination value.                                      ; Critical ; No Termination assignments found.                                        ; I/O  ;                   ;
; Inapplicable ; IO_000026 ; I/O Properties Checks for One I/O ; On Chip Termination and Current Strength should not be used at the same time.                        ; Critical ; No Current Strength or Termination assignments found.                    ; I/O  ;                   ;
; Inapplicable ; IO_000027 ; I/O Properties Checks for One I/O ; Weak Pull Up and Bus Hold should not be used at the same time.                                       ; Critical ; No Enable Bus-Hold Circuitry or Weak Pull-Up Resistor assignments found. ; I/O  ;                   ;
; Inapplicable ; IO_000045 ; I/O Properties Checks for One I/O ; The I/O standard should support the requested Slew Rate value.                                       ; Critical ; No Slew Rate assignments found.                                          ; I/O  ;                   ;
; Inapplicable ; IO_000046 ; I/O Properties Checks for One I/O ; The location should support the requested Slew Rate value.                                           ; Critical ; No Slew Rate assignments found.                                          ; I/O  ;                   ;
; Inapplicable ; IO_000047 ; I/O Properties Checks for One I/O ; On Chip Termination and Slew Rate should not be used at the same time.                               ; Critical ; No Slew Rate assignments found.                                          ; I/O  ;                   ;
; Pass         ; IO_000033 ; Electromigration Checks           ; Current density for consecutive I/Os should not exceed 160mA for row I/Os and 160mA for column I/Os. ; Critical ; 0 such failures found.                                                   ; I/O  ;                   ;
; Inapplicable ; IO_000034 ; SI Related Distance Checks        ; Single-ended outputs should be 5 LAB row(s) away from a differential I/O.                            ; High     ; No Differential I/O Standard assignments found.                          ; I/O  ;                   ;
; Inapplicable ; IO_000042 ; SI Related SSO Limit Checks       ; No more than 20 outputs are allowed in a VREF group when VREF is being read from.                    ; High     ; No VREF I/O Standard assignments found.                                  ; I/O  ;                   ;
+--------------+-----------+-----------------------------------+------------------------------------------------------------------------------------------------------+----------+--------------------------------------------------------------------------+------+-------------------+


+-----------------------------------------------------------------------------------------------------------------------------------------------------------------------------------------------------------------------------------------------------------------------------------------------------------------------------------------------------------------------------------------------------------------------------------------------------------------+
; I/O Rules Matrix                                                                                                                                                                                                                                                                                                                                                                                                                                                ;
+--------------------+-----------+--------------+-----------+--------------+--------------+-----------+-----------+--------------+-----------+-----------+--------------+--------------+--------------+--------------+--------------+--------------+--------------+--------------+--------------+--------------+--------------+--------------+--------------+--------------+--------------+--------------+--------------+-----------+--------------+--------------+
; Pin/Rules          ; IO_000001 ; IO_000002    ; IO_000003 ; IO_000004    ; IO_000005    ; IO_000006 ; IO_000007 ; IO_000008    ; IO_000009 ; IO_000010 ; IO_000011    ; IO_000012    ; IO_000013    ; IO_000014    ; IO_000015    ; IO_000018    ; IO_000019    ; IO_000020    ; IO_000021    ; IO_000022    ; IO_000023    ; IO_000024    ; IO_000026    ; IO_000027    ; IO_000045    ; IO_000046    ; IO_000047    ; IO_000033 ; IO_000034    ; IO_000042    ;
+--------------------+-----------+--------------+-----------+--------------+--------------+-----------+-----------+--------------+-----------+-----------+--------------+--------------+--------------+--------------+--------------+--------------+--------------+--------------+--------------+--------------+--------------+--------------+--------------+--------------+--------------+--------------+--------------+-----------+--------------+--------------+
; Total Pass         ; 50        ; 0            ; 50        ; 0            ; 0            ; 50        ; 50        ; 0            ; 50        ; 50        ; 0            ; 0            ; 0            ; 0            ; 19           ; 0            ; 0            ; 19           ; 0            ; 0            ; 16           ; 0            ; 0            ; 0            ; 0            ; 0            ; 0            ; 50        ; 0            ; 0            ;
; Total Unchecked    ; 0         ; 0            ; 0         ; 0            ; 0            ; 0         ; 0         ; 0            ; 0         ; 0         ; 0            ; 0            ; 0            ; 0            ; 0            ; 0            ; 0            ; 0            ; 0            ; 0            ; 0            ; 0            ; 0            ; 0            ; 0            ; 0            ; 0            ; 0         ; 0            ; 0            ;
; Total Inapplicable ; 0         ; 50           ; 0         ; 50           ; 50           ; 0         ; 0         ; 50           ; 0         ; 0         ; 50           ; 50           ; 50           ; 50           ; 31           ; 50           ; 50           ; 31           ; 50           ; 50           ; 34           ; 50           ; 50           ; 50           ; 50           ; 50           ; 50           ; 0         ; 50           ; 50           ;
; Total Fail         ; 0         ; 0            ; 0         ; 0            ; 0            ; 0         ; 0         ; 0            ; 0         ; 0         ; 0            ; 0            ; 0            ; 0            ; 0            ; 0            ; 0            ; 0            ; 0            ; 0            ; 0            ; 0            ; 0            ; 0            ; 0            ; 0            ; 0            ; 0         ; 0            ; 0            ;
; LED[0]             ; Pass      ; Inapplicable ; Pass      ; Inapplicable ; Inapplicable ; Pass      ; Pass      ; Inapplicable ; Pass      ; Pass      ; Inapplicable ; Inapplicable ; Inapplicable ; Inapplicable ; Inapplicable ; Inapplicable ; Inapplicable ; Inapplicable ; Inapplicable ; Inapplicable ; Inapplicable ; Inapplicable ; Inapplicable ; Inapplicable ; Inapplicable ; Inapplicable ; Inapplicable ; Pass      ; Inapplicable ; Inapplicable ;
; LED[1]             ; Pass      ; Inapplicable ; Pass      ; Inapplicable ; Inapplicable ; Pass      ; Pass      ; Inapplicable ; Pass      ; Pass      ; Inapplicable ; Inapplicable ; Inapplicable ; Inapplicable ; Inapplicable ; Inapplicable ; Inapplicable ; Inapplicable ; Inapplicable ; Inapplicable ; Inapplicable ; Inapplicable ; Inapplicable ; Inapplicable ; Inapplicable ; Inapplicable ; Inapplicable ; Pass      ; Inapplicable ; Inapplicable ;
; LED[2]             ; Pass      ; Inapplicable ; Pass      ; Inapplicable ; Inapplicable ; Pass      ; Pass      ; Inapplicable ; Pass      ; Pass      ; Inapplicable ; Inapplicable ; Inapplicable ; Inapplicable ; Inapplicable ; Inapplicable ; Inapplicable ; Inapplicable ; Inapplicable ; Inapplicable ; Inapplicable ; Inapplicable ; Inapplicable ; Inapplicable ; Inapplicable ; Inapplicable ; Inapplicable ; Pass      ; Inapplicable ; Inapplicable ;
; LED[3]             ; Pass      ; Inapplicable ; Pass      ; Inapplicable ; Inapplicable ; Pass      ; Pass      ; Inapplicable ; Pass      ; Pass      ; Inapplicable ; Inapplicable ; Inapplicable ; Inapplicable ; Inapplicable ; Inapplicable ; Inapplicable ; Inapplicable ; Inapplicable ; Inapplicable ; Inapplicable ; Inapplicable ; Inapplicable ; Inapplicable ; Inapplicable ; Inapplicable ; Inapplicable ; Pass      ; Inapplicable ; Inapplicable ;
; LED[4]             ; Pass      ; Inapplicable ; Pass      ; Inapplicable ; Inapplicable ; Pass      ; Pass      ; Inapplicable ; Pass      ; Pass      ; Inapplicable ; Inapplicable ; Inapplicable ; Inapplicable ; Inapplicable ; Inapplicable ; Inapplicable ; Inapplicable ; Inapplicable ; Inapplicable ; Inapplicable ; Inapplicable ; Inapplicable ; Inapplicable ; Inapplicable ; Inapplicable ; Inapplicable ; Pass      ; Inapplicable ; Inapplicable ;
; LED[5]             ; Pass      ; Inapplicable ; Pass      ; Inapplicable ; Inapplicable ; Pass      ; Pass      ; Inapplicable ; Pass      ; Pass      ; Inapplicable ; Inapplicable ; Inapplicable ; Inapplicable ; Inapplicable ; Inapplicable ; Inapplicable ; Inapplicable ; Inapplicable ; Inapplicable ; Inapplicable ; Inapplicable ; Inapplicable ; Inapplicable ; Inapplicable ; Inapplicable ; Inapplicable ; Pass      ; Inapplicable ; Inapplicable ;
; LED[6]             ; Pass      ; Inapplicable ; Pass      ; Inapplicable ; Inapplicable ; Pass      ; Pass      ; Inapplicable ; Pass      ; Pass      ; Inapplicable ; Inapplicable ; Inapplicable ; Inapplicable ; Inapplicable ; Inapplicable ; Inapplicable ; Inapplicable ; Inapplicable ; Inapplicable ; Inapplicable ; Inapplicable ; Inapplicable ; Inapplicable ; Inapplicable ; Inapplicable ; Inapplicable ; Pass      ; Inapplicable ; Inapplicable ;
; LED[7]             ; Pass      ; Inapplicable ; Pass      ; Inapplicable ; Inapplicable ; Pass      ; Pass      ; Inapplicable ; Pass      ; Pass      ; Inapplicable ; Inapplicable ; Inapplicable ; Inapplicable ; Inapplicable ; Inapplicable ; Inapplicable ; Inapplicable ; Inapplicable ; Inapplicable ; Inapplicable ; Inapplicable ; Inapplicable ; Inapplicable ; Inapplicable ; Inapplicable ; Inapplicable ; Pass      ; Inapplicable ; Inapplicable ;
; USER_BTN           ; Pass      ; Inapplicable ; Pass      ; Inapplicable ; Inapplicable ; Pass      ; Pass      ; Inapplicable ; Pass      ; Pass      ; Inapplicable ; Inapplicable ; Inapplicable ; Inapplicable ; Pass         ; Inapplicable ; Inapplicable ; Pass         ; Inapplicable ; Inapplicable ; Inapplicable ; Inapplicable ; Inapplicable ; Inapplicable ; Inapplicable ; Inapplicable ; Inapplicable ; Pass      ; Inapplicable ; Inapplicable ;
; SDRAM_A[0]         ; Pass      ; Inapplicable ; Pass      ; Inapplicable ; Inapplicable ; Pass      ; Pass      ; Inapplicable ; Pass      ; Pass      ; Inapplicable ; Inapplicable ; Inapplicable ; Inapplicable ; Inapplicable ; Inapplicable ; Inapplicable ; Inapplicable ; Inapplicable ; Inapplicable ; Inapplicable ; Inapplicable ; Inapplicable ; Inapplicable ; Inapplicable ; Inapplicable ; Inapplicable ; Pass      ; Inapplicable ; Inapplicable ;
; SDRAM_A[1]         ; Pass      ; Inapplicable ; Pass      ; Inapplicable ; Inapplicable ; Pass      ; Pass      ; Inapplicable ; Pass      ; Pass      ; Inapplicable ; Inapplicable ; Inapplicable ; Inapplicable ; Inapplicable ; Inapplicable ; Inapplicable ; Inapplicable ; Inapplicable ; Inapplicable ; Inapplicable ; Inapplicable ; Inapplicable ; Inapplicable ; Inapplicable ; Inapplicable ; Inapplicable ; Pass      ; Inapplicable ; Inapplicable ;
; SDRAM_A[2]         ; Pass      ; Inapplicable ; Pass      ; Inapplicable ; Inapplicable ; Pass      ; Pass      ; Inapplicable ; Pass      ; Pass      ; Inapplicable ; Inapplicable ; Inapplicable ; Inapplicable ; Inapplicable ; Inapplicable ; Inapplicable ; Inapplicable ; Inapplicable ; Inapplicable ; Inapplicable ; Inapplicable ; Inapplicable ; Inapplicable ; Inapplicable ; Inapplicable ; Inapplicable ; Pass      ; Inapplicable ; Inapplicable ;
; SDRAM_A[3]         ; Pass      ; Inapplicable ; Pass      ; Inapplicable ; Inapplicable ; Pass      ; Pass      ; Inapplicable ; Pass      ; Pass      ; Inapplicable ; Inapplicable ; Inapplicable ; Inapplicable ; Inapplicable ; Inapplicable ; Inapplicable ; Inapplicable ; Inapplicable ; Inapplicable ; Inapplicable ; Inapplicable ; Inapplicable ; Inapplicable ; Inapplicable ; Inapplicable ; Inapplicable ; Pass      ; Inapplicable ; Inapplicable ;
; SDRAM_A[4]         ; Pass      ; Inapplicable ; Pass      ; Inapplicable ; Inapplicable ; Pass      ; Pass      ; Inapplicable ; Pass      ; Pass      ; Inapplicable ; Inapplicable ; Inapplicable ; Inapplicable ; Inapplicable ; Inapplicable ; Inapplicable ; Inapplicable ; Inapplicable ; Inapplicable ; Inapplicable ; Inapplicable ; Inapplicable ; Inapplicable ; Inapplicable ; Inapplicable ; Inapplicable ; Pass      ; Inapplicable ; Inapplicable ;
; SDRAM_A[5]         ; Pass      ; Inapplicable ; Pass      ; Inapplicable ; Inapplicable ; Pass      ; Pass      ; Inapplicable ; Pass      ; Pass      ; Inapplicable ; Inapplicable ; Inapplicable ; Inapplicable ; Inapplicable ; Inapplicable ; Inapplicable ; Inapplicable ; Inapplicable ; Inapplicable ; Inapplicable ; Inapplicable ; Inapplicable ; Inapplicable ; Inapplicable ; Inapplicable ; Inapplicable ; Pass      ; Inapplicable ; Inapplicable ;
; SDRAM_A[6]         ; Pass      ; Inapplicable ; Pass      ; Inapplicable ; Inapplicable ; Pass      ; Pass      ; Inapplicable ; Pass      ; Pass      ; Inapplicable ; Inapplicable ; Inapplicable ; Inapplicable ; Inapplicable ; Inapplicable ; Inapplicable ; Inapplicable ; Inapplicable ; Inapplicable ; Inapplicable ; Inapplicable ; Inapplicable ; Inapplicable ; Inapplicable ; Inapplicable ; Inapplicable ; Pass      ; Inapplicable ; Inapplicable ;
; SDRAM_A[7]         ; Pass      ; Inapplicable ; Pass      ; Inapplicable ; Inapplicable ; Pass      ; Pass      ; Inapplicable ; Pass      ; Pass      ; Inapplicable ; Inapplicable ; Inapplicable ; Inapplicable ; Inapplicable ; Inapplicable ; Inapplicable ; Inapplicable ; Inapplicable ; Inapplicable ; Inapplicable ; Inapplicable ; Inapplicable ; Inapplicable ; Inapplicable ; Inapplicable ; Inapplicable ; Pass      ; Inapplicable ; Inapplicable ;
; SDRAM_A[8]         ; Pass      ; Inapplicable ; Pass      ; Inapplicable ; Inapplicable ; Pass      ; Pass      ; Inapplicable ; Pass      ; Pass      ; Inapplicable ; Inapplicable ; Inapplicable ; Inapplicable ; Inapplicable ; Inapplicable ; Inapplicable ; Inapplicable ; Inapplicable ; Inapplicable ; Inapplicable ; Inapplicable ; Inapplicable ; Inapplicable ; Inapplicable ; Inapplicable ; Inapplicable ; Pass      ; Inapplicable ; Inapplicable ;
; SDRAM_A[9]         ; Pass      ; Inapplicable ; Pass      ; Inapplicable ; Inapplicable ; Pass      ; Pass      ; Inapplicable ; Pass      ; Pass      ; Inapplicable ; Inapplicable ; Inapplicable ; Inapplicable ; Inapplicable ; Inapplicable ; Inapplicable ; Inapplicable ; Inapplicable ; Inapplicable ; Inapplicable ; Inapplicable ; Inapplicable ; Inapplicable ; Inapplicable ; Inapplicable ; Inapplicable ; Pass      ; Inapplicable ; Inapplicable ;
; SDRAM_A[10]        ; Pass      ; Inapplicable ; Pass      ; Inapplicable ; Inapplicable ; Pass      ; Pass      ; Inapplicable ; Pass      ; Pass      ; Inapplicable ; Inapplicable ; Inapplicable ; Inapplicable ; Inapplicable ; Inapplicable ; Inapplicable ; Inapplicable ; Inapplicable ; Inapplicable ; Inapplicable ; Inapplicable ; Inapplicable ; Inapplicable ; Inapplicable ; Inapplicable ; Inapplicable ; Pass      ; Inapplicable ; Inapplicable ;
; SDRAM_A[11]        ; Pass      ; Inapplicable ; Pass      ; Inapplicable ; Inapplicable ; Pass      ; Pass      ; Inapplicable ; Pass      ; Pass      ; Inapplicable ; Inapplicable ; Inapplicable ; Inapplicable ; Inapplicable ; Inapplicable ; Inapplicable ; Inapplicable ; Inapplicable ; Inapplicable ; Inapplicable ; Inapplicable ; Inapplicable ; Inapplicable ; Inapplicable ; Inapplicable ; Inapplicable ; Pass      ; Inapplicable ; Inapplicable ;
; SDRAM_BA[0]        ; Pass      ; Inapplicable ; Pass      ; Inapplicable ; Inapplicable ; Pass      ; Pass      ; Inapplicable ; Pass      ; Pass      ; Inapplicable ; Inapplicable ; Inapplicable ; Inapplicable ; Inapplicable ; Inapplicable ; Inapplicable ; Inapplicable ; Inapplicable ; Inapplicable ; Inapplicable ; Inapplicable ; Inapplicable ; Inapplicable ; Inapplicable ; Inapplicable ; Inapplicable ; Pass      ; Inapplicable ; Inapplicable ;
; SDRAM_BA[1]        ; Pass      ; Inapplicable ; Pass      ; Inapplicable ; Inapplicable ; Pass      ; Pass      ; Inapplicable ; Pass      ; Pass      ; Inapplicable ; Inapplicable ; Inapplicable ; Inapplicable ; Inapplicable ; Inapplicable ; Inapplicable ; Inapplicable ; Inapplicable ; Inapplicable ; Inapplicable ; Inapplicable ; Inapplicable ; Inapplicable ; Inapplicable ; Inapplicable ; Inapplicable ; Pass      ; Inapplicable ; Inapplicable ;
; SDRAM_CLK          ; Pass      ; Inapplicable ; Pass      ; Inapplicable ; Inapplicable ; Pass      ; Pass      ; Inapplicable ; Pass      ; Pass      ; Inapplicable ; Inapplicable ; Inapplicable ; Inapplicable ; Inapplicable ; Inapplicable ; Inapplicable ; Inapplicable ; Inapplicable ; Inapplicable ; Inapplicable ; Inapplicable ; Inapplicable ; Inapplicable ; Inapplicable ; Inapplicable ; Inapplicable ; Pass      ; Inapplicable ; Inapplicable ;
; SDRAM_CKE          ; Pass      ; Inapplicable ; Pass      ; Inapplicable ; Inapplicable ; Pass      ; Pass      ; Inapplicable ; Pass      ; Pass      ; Inapplicable ; Inapplicable ; Inapplicable ; Inapplicable ; Inapplicable ; Inapplicable ; Inapplicable ; Inapplicable ; Inapplicable ; Inapplicable ; Inapplicable ; Inapplicable ; Inapplicable ; Inapplicable ; Inapplicable ; Inapplicable ; Inapplicable ; Pass      ; Inapplicable ; Inapplicable ;
; SDRAM_CAS          ; Pass      ; Inapplicable ; Pass      ; Inapplicable ; Inapplicable ; Pass      ; Pass      ; Inapplicable ; Pass      ; Pass      ; Inapplicable ; Inapplicable ; Inapplicable ; Inapplicable ; Inapplicable ; Inapplicable ; Inapplicable ; Inapplicable ; Inapplicable ; Inapplicable ; Inapplicable ; Inapplicable ; Inapplicable ; Inapplicable ; Inapplicable ; Inapplicable ; Inapplicable ; Pass      ; Inapplicable ; Inapplicable ;
; SDRAM_CS           ; Pass      ; Inapplicable ; Pass      ; Inapplicable ; Inapplicable ; Pass      ; Pass      ; Inapplicable ; Pass      ; Pass      ; Inapplicable ; Inapplicable ; Inapplicable ; Inapplicable ; Inapplicable ; Inapplicable ; Inapplicable ; Inapplicable ; Inapplicable ; Inapplicable ; Inapplicable ; Inapplicable ; Inapplicable ; Inapplicable ; Inapplicable ; Inapplicable ; Inapplicable ; Pass      ; Inapplicable ; Inapplicable ;
; SDRAM_RAS          ; Pass      ; Inapplicable ; Pass      ; Inapplicable ; Inapplicable ; Pass      ; Pass      ; Inapplicable ; Pass      ; Pass      ; Inapplicable ; Inapplicable ; Inapplicable ; Inapplicable ; Inapplicable ; Inapplicable ; Inapplicable ; Inapplicable ; Inapplicable ; Inapplicable ; Inapplicable ; Inapplicable ; Inapplicable ; Inapplicable ; Inapplicable ; Inapplicable ; Inapplicable ; Pass      ; Inapplicable ; Inapplicable ;
; SDRAM_WE           ; Pass      ; Inapplicable ; Pass      ; Inapplicable ; Inapplicable ; Pass      ; Pass      ; Inapplicable ; Pass      ; Pass      ; Inapplicable ; Inapplicable ; Inapplicable ; Inapplicable ; Inapplicable ; Inapplicable ; Inapplicable ; Inapplicable ; Inapplicable ; Inapplicable ; Inapplicable ; Inapplicable ; Inapplicable ; Inapplicable ; Inapplicable ; Inapplicable ; Inapplicable ; Pass      ; Inapplicable ; Inapplicable ;
; SDRAM_DQM[0]       ; Pass      ; Inapplicable ; Pass      ; Inapplicable ; Inapplicable ; Pass      ; Pass      ; Inapplicable ; Pass      ; Pass      ; Inapplicable ; Inapplicable ; Inapplicable ; Inapplicable ; Inapplicable ; Inapplicable ; Inapplicable ; Inapplicable ; Inapplicable ; Inapplicable ; Inapplicable ; Inapplicable ; Inapplicable ; Inapplicable ; Inapplicable ; Inapplicable ; Inapplicable ; Pass      ; Inapplicable ; Inapplicable ;
; SDRAM_DQM[1]       ; Pass      ; Inapplicable ; Pass      ; Inapplicable ; Inapplicable ; Pass      ; Pass      ; Inapplicable ; Pass      ; Pass      ; Inapplicable ; Inapplicable ; Inapplicable ; Inapplicable ; Inapplicable ; Inapplicable ; Inapplicable ; Inapplicable ; Inapplicable ; Inapplicable ; Inapplicable ; Inapplicable ; Inapplicable ; Inapplicable ; Inapplicable ; Inapplicable ; Inapplicable ; Pass      ; Inapplicable ; Inapplicable ;
; FT2232H_RX         ; Pass      ; Inapplicable ; Pass      ; Inapplicable ; Inapplicable ; Pass      ; Pass      ; Inapplicable ; Pass      ; Pass      ; Inapplicable ; Inapplicable ; Inapplicable ; Inapplicable ; Inapplicable ; Inapplicable ; Inapplicable ; Inapplicable ; Inapplicable ; Inapplicable ; Inapplicable ; Inapplicable ; Inapplicable ; Inapplicable ; Inapplicable ; Inapplicable ; Inapplicable ; Pass      ; Inapplicable ; Inapplicable ;
; FT2232H_TX         ; Pass      ; Inapplicable ; Pass      ; Inapplicable ; Inapplicable ; Pass      ; Pass      ; Inapplicable ; Pass      ; Pass      ; Inapplicable ; Inapplicable ; Inapplicable ; Inapplicable ; Pass         ; Inapplicable ; Inapplicable ; Pass         ; Inapplicable ; Inapplicable ; Inapplicable ; Inapplicable ; Inapplicable ; Inapplicable ; Inapplicable ; Inapplicable ; Inapplicable ; Pass      ; Inapplicable ; Inapplicable ;
; SDRAM_DQ[0]        ; Pass      ; Inapplicable ; Pass      ; Inapplicable ; Inapplicable ; Pass      ; Pass      ; Inapplicable ; Pass      ; Pass      ; Inapplicable ; Inapplicable ; Inapplicable ; Inapplicable ; Pass         ; Inapplicable ; Inapplicable ; Pass         ; Inapplicable ; Inapplicable ; Pass         ; Inapplicable ; Inapplicable ; Inapplicable ; Inapplicable ; Inapplicable ; Inapplicable ; Pass      ; Inapplicable ; Inapplicable ;
; SDRAM_DQ[1]        ; Pass      ; Inapplicable ; Pass      ; Inapplicable ; Inapplicable ; Pass      ; Pass      ; Inapplicable ; Pass      ; Pass      ; Inapplicable ; Inapplicable ; Inapplicable ; Inapplicable ; Pass         ; Inapplicable ; Inapplicable ; Pass         ; Inapplicable ; Inapplicable ; Pass         ; Inapplicable ; Inapplicable ; Inapplicable ; Inapplicable ; Inapplicable ; Inapplicable ; Pass      ; Inapplicable ; Inapplicable ;
; SDRAM_DQ[2]        ; Pass      ; Inapplicable ; Pass      ; Inapplicable ; Inapplicable ; Pass      ; Pass      ; Inapplicable ; Pass      ; Pass      ; Inapplicable ; Inapplicable ; Inapplicable ; Inapplicable ; Pass         ; Inapplicable ; Inapplicable ; Pass         ; Inapplicable ; Inapplicable ; Pass         ; Inapplicable ; Inapplicable ; Inapplicable ; Inapplicable ; Inapplicable ; Inapplicable ; Pass      ; Inapplicable ; Inapplicable ;
; SDRAM_DQ[3]        ; Pass      ; Inapplicable ; Pass      ; Inapplicable ; Inapplicable ; Pass      ; Pass      ; Inapplicable ; Pass      ; Pass      ; Inapplicable ; Inapplicable ; Inapplicable ; Inapplicable ; Pass         ; Inapplicable ; Inapplicable ; Pass         ; Inapplicable ; Inapplicable ; Pass         ; Inapplicable ; Inapplicable ; Inapplicable ; Inapplicable ; Inapplicable ; Inapplicable ; Pass      ; Inapplicable ; Inapplicable ;
; SDRAM_DQ[4]        ; Pass      ; Inapplicable ; Pass      ; Inapplicable ; Inapplicable ; Pass      ; Pass      ; Inapplicable ; Pass      ; Pass      ; Inapplicable ; Inapplicable ; Inapplicable ; Inapplicable ; Pass         ; Inapplicable ; Inapplicable ; Pass         ; Inapplicable ; Inapplicable ; Pass         ; Inapplicable ; Inapplicable ; Inapplicable ; Inapplicable ; Inapplicable ; Inapplicable ; Pass      ; Inapplicable ; Inapplicable ;
; SDRAM_DQ[5]        ; Pass      ; Inapplicable ; Pass      ; Inapplicable ; Inapplicable ; Pass      ; Pass      ; Inapplicable ; Pass      ; Pass      ; Inapplicable ; Inapplicable ; Inapplicable ; Inapplicable ; Pass         ; Inapplicable ; Inapplicable ; Pass         ; Inapplicable ; Inapplicable ; Pass         ; Inapplicable ; Inapplicable ; Inapplicable ; Inapplicable ; Inapplicable ; Inapplicable ; Pass      ; Inapplicable ; Inapplicable ;
; SDRAM_DQ[6]        ; Pass      ; Inapplicable ; Pass      ; Inapplicable ; Inapplicable ; Pass      ; Pass      ; Inapplicable ; Pass      ; Pass      ; Inapplicable ; Inapplicable ; Inapplicable ; Inapplicable ; Pass         ; Inapplicable ; Inapplicable ; Pass         ; Inapplicable ; Inapplicable ; Pass         ; Inapplicable ; Inapplicable ; Inapplicable ; Inapplicable ; Inapplicable ; Inapplicable ; Pass      ; Inapplicable ; Inapplicable ;
; SDRAM_DQ[7]        ; Pass      ; Inapplicable ; Pass      ; Inapplicable ; Inapplicable ; Pass      ; Pass      ; Inapplicable ; Pass      ; Pass      ; Inapplicable ; Inapplicable ; Inapplicable ; Inapplicable ; Pass         ; Inapplicable ; Inapplicable ; Pass         ; Inapplicable ; Inapplicable ; Pass         ; Inapplicable ; Inapplicable ; Inapplicable ; Inapplicable ; Inapplicable ; Inapplicable ; Pass      ; Inapplicable ; Inapplicable ;
; SDRAM_DQ[8]        ; Pass      ; Inapplicable ; Pass      ; Inapplicable ; Inapplicable ; Pass      ; Pass      ; Inapplicable ; Pass      ; Pass      ; Inapplicable ; Inapplicable ; Inapplicable ; Inapplicable ; Pass         ; Inapplicable ; Inapplicable ; Pass         ; Inapplicable ; Inapplicable ; Pass         ; Inapplicable ; Inapplicable ; Inapplicable ; Inapplicable ; Inapplicable ; Inapplicable ; Pass      ; Inapplicable ; Inapplicable ;
; SDRAM_DQ[9]        ; Pass      ; Inapplicable ; Pass      ; Inapplicable ; Inapplicable ; Pass      ; Pass      ; Inapplicable ; Pass      ; Pass      ; Inapplicable ; Inapplicable ; Inapplicable ; Inapplicable ; Pass         ; Inapplicable ; Inapplicable ; Pass         ; Inapplicable ; Inapplicable ; Pass         ; Inapplicable ; Inapplicable ; Inapplicable ; Inapplicable ; Inapplicable ; Inapplicable ; Pass      ; Inapplicable ; Inapplicable ;
; SDRAM_DQ[10]       ; Pass      ; Inapplicable ; Pass      ; Inapplicable ; Inapplicable ; Pass      ; Pass      ; Inapplicable ; Pass      ; Pass      ; Inapplicable ; Inapplicable ; Inapplicable ; Inapplicable ; Pass         ; Inapplicable ; Inapplicable ; Pass         ; Inapplicable ; Inapplicable ; Pass         ; Inapplicable ; Inapplicable ; Inapplicable ; Inapplicable ; Inapplicable ; Inapplicable ; Pass      ; Inapplicable ; Inapplicable ;
; SDRAM_DQ[11]       ; Pass      ; Inapplicable ; Pass      ; Inapplicable ; Inapplicable ; Pass      ; Pass      ; Inapplicable ; Pass      ; Pass      ; Inapplicable ; Inapplicable ; Inapplicable ; Inapplicable ; Pass         ; Inapplicable ; Inapplicable ; Pass         ; Inapplicable ; Inapplicable ; Pass         ; Inapplicable ; Inapplicable ; Inapplicable ; Inapplicable ; Inapplicable ; Inapplicable ; Pass      ; Inapplicable ; Inapplicable ;
; SDRAM_DQ[12]       ; Pass      ; Inapplicable ; Pass      ; Inapplicable ; Inapplicable ; Pass      ; Pass      ; Inapplicable ; Pass      ; Pass      ; Inapplicable ; Inapplicable ; Inapplicable ; Inapplicable ; Pass         ; Inapplicable ; Inapplicable ; Pass         ; Inapplicable ; Inapplicable ; Pass         ; Inapplicable ; Inapplicable ; Inapplicable ; Inapplicable ; Inapplicable ; Inapplicable ; Pass      ; Inapplicable ; Inapplicable ;
; SDRAM_DQ[13]       ; Pass      ; Inapplicable ; Pass      ; Inapplicable ; Inapplicable ; Pass      ; Pass      ; Inapplicable ; Pass      ; Pass      ; Inapplicable ; Inapplicable ; Inapplicable ; Inapplicable ; Pass         ; Inapplicable ; Inapplicable ; Pass         ; Inapplicable ; Inapplicable ; Pass         ; Inapplicable ; Inapplicable ; Inapplicable ; Inapplicable ; Inapplicable ; Inapplicable ; Pass      ; Inapplicable ; Inapplicable ;
; SDRAM_DQ[14]       ; Pass      ; Inapplicable ; Pass      ; Inapplicable ; Inapplicable ; Pass      ; Pass      ; Inapplicable ; Pass      ; Pass      ; Inapplicable ; Inapplicable ; Inapplicable ; Inapplicable ; Pass         ; Inapplicable ; Inapplicable ; Pass         ; Inapplicable ; Inapplicable ; Pass         ; Inapplicable ; Inapplicable ; Inapplicable ; Inapplicable ; Inapplicable ; Inapplicable ; Pass      ; Inapplicable ; Inapplicable ;
; SDRAM_DQ[15]       ; Pass      ; Inapplicable ; Pass      ; Inapplicable ; Inapplicable ; Pass      ; Pass      ; Inapplicable ; Pass      ; Pass      ; Inapplicable ; Inapplicable ; Inapplicable ; Inapplicable ; Pass         ; Inapplicable ; Inapplicable ; Pass         ; Inapplicable ; Inapplicable ; Pass         ; Inapplicable ; Inapplicable ; Inapplicable ; Inapplicable ; Inapplicable ; Inapplicable ; Pass      ; Inapplicable ; Inapplicable ;
; CLK12M             ; Pass      ; Inapplicable ; Pass      ; Inapplicable ; Inapplicable ; Pass      ; Pass      ; Inapplicable ; Pass      ; Pass      ; Inapplicable ; Inapplicable ; Inapplicable ; Inapplicable ; Pass         ; Inapplicable ; Inapplicable ; Pass         ; Inapplicable ; Inapplicable ; Inapplicable ; Inapplicable ; Inapplicable ; Inapplicable ; Inapplicable ; Inapplicable ; Inapplicable ; Pass      ; Inapplicable ; Inapplicable ;
+--------------------+-----------+--------------+-----------+--------------+--------------+-----------+-----------+--------------+-----------+-----------+--------------+--------------+--------------+--------------+--------------+--------------+--------------+--------------+--------------+--------------+--------------+--------------+--------------+--------------+--------------+--------------+--------------+-----------+--------------+--------------+


+-------------------------------------------------------------------------------------------+
; Fitter Device Options                                                                     ;
+------------------------------------------------------------------+------------------------+
; Option                                                           ; Setting                ;
+------------------------------------------------------------------+------------------------+
; Enable user-supplied start-up clock (CLKUSR)                     ; Off                    ;
; Enable device-wide reset (DEV_CLRn)                              ; Off                    ;
; Enable device-wide output enable (DEV_OE)                        ; Off                    ;
; Enable INIT_DONE output                                          ; Off                    ;
; Configuration scheme                                             ; Internal Configuration ;
; Enable Error Detection CRC_ERROR pin                             ; Off                    ;
; Enable open drain on CRC_ERROR pin                               ; Off                    ;
; Enable nCONFIG, nSTATUS, and CONF_DONE pins                      ; On                     ;
; Enable JTAG pin sharing                                          ; Off                    ;
; Enable nCE pin                                                   ; Off                    ;
; Enable CONFIG_SEL pin                                            ; On                     ;
; Enable input tri-state on active configuration pins in user mode ; Off                    ;
; Configuration Voltage Level                                      ; Auto                   ;
; Force Configuration Voltage Level                                ; Off                    ;
; Data[0]                                                          ; Unreserved             ;
; Data[1]/ASDO                                                     ; Unreserved             ;
; FLASH_nCE/nCSO                                                   ; Unreserved             ;
; DCLK                                                             ; Unreserved             ;
+------------------------------------------------------------------+------------------------+


+------------------------------------+
; Operating Settings and Conditions  ;
+---------------------------+--------+
; Setting                   ; Value  ;
+---------------------------+--------+
; Nominal Core Voltage      ; 1.20 V ;
; Low Junction Temperature  ; 0 °C   ;
; High Junction Temperature ; 85 °C  ;
+---------------------------+--------+


+-----------------+
; Fitter Messages ;
+-----------------+
Warning (18236): Number of processors has not been specified which may cause overloading on shared machines.  Set the global assignment NUM_PARALLEL_PROCESSORS in your QSF to an appropriate value for best performance.
Info (20030): Parallel compilation is enabled and will use 6 of the 6 processors detected
Info (119006): Selected device 10M08SAU169C8GES for design "project_template"
Info (21077): Low junction temperature is 0 degrees C
Info (21077): High junction temperature is 85 degrees C
Critical Warning (15537): Implemented PLL "pll1:U_PLL1|altpll:altpll_component|pll1_altpll:auto_generated|pll1" as MAX 10 PLL type, but with critical warnings File: D:/Files/max1k/max1k-cpu/db/pll1_altpll.v Line: 46
    Critical Warning (15556): Input frequency of PLL "pll1:U_PLL1|altpll:altpll_component|pll1_altpll:auto_generated|pll1" must be in the frequency range of 12.0 MHz to 26.01 MHz for locking File: D:/Files/max1k/max1k-cpu/db/pll1_altpll.v Line: 46
    Info (15099): Implementing clock multiplication of 25, clock division of 6, and phase shift of 0 degrees (0 ps) for pll1:U_PLL1|altpll:altpll_component|pll1_altpll:auto_generated|wire_pll1_clk[0] port File: D:/Files/max1k/max1k-cpu/db/pll1_altpll.v Line: 46
Info (171003): Fitter is performing an Auto Fit compilation, which may decrease Fitter effort to reduce compilation time
Warning (292013): Feature LogicLock is only available with a valid subscription license. You can purchase a software subscription to gain full access to this feature.
Critical Warning (16562): Review the Power Analyzer report file (<design>.pow.rpt) to ensure your design is within the maximum power utilization limit of the single power-supply target device and to avoid functional failures.
Info (176444): Device migration not selected. If you intend to use device migration later, you may need to change the pin assignments as they may be incompatible with other devices
    Info (176445): Device 10M08SAU169C8G is compatible
    Info (176445): Device 10M04SAU169C8G is compatible
    Info (176445): Device 10M16SAU169C8G is compatible
Info (169124): Fitter converted 8 user pins into dedicated programming pins
    Info (169125): Pin ~ALTERA_TMS~ is reserved at location G1
    Info (169125): Pin ~ALTERA_TCK~ is reserved at location G2
    Info (169125): Pin ~ALTERA_TDI~ is reserved at location F5
    Info (169125): Pin ~ALTERA_TDO~ is reserved at location F6
    Info (169125): Pin ~ALTERA_CONFIG_SEL~ is reserved at location D7
    Info (169125): Pin ~ALTERA_nCONFIG~ is reserved at location E7
    Info (169125): Pin ~ALTERA_nSTATUS~ is reserved at location C4
    Info (169125): Pin ~ALTERA_CONF_DONE~ is reserved at location C5
Info (169141): DATA[0] dual-purpose pin not reserved
Info (12825): Data[1]/ASDO dual-purpose pin not reserved
Info (12825): nCSO dual-purpose pin not reserved
Info (12825): DCLK dual-purpose pin not reserved
Warning (15714): Some pins have incomplete I/O assignments. Refer to the I/O Assignment Warnings report for details
Info (176045): Design uses memory blocks. Violating setup or hold times of memory block address registers for either read or write operations could cause memory contents to be corrupted. Make sure that all memory block address registers meet the setup and hold time requirements.
Info (176353): Automatically promoted node pll1:U_PLL1|altpll:altpll_component|pll1_altpll:auto_generated|wire_pll1_clk[0] (placed in counter C0 of PLL_1) File: D:/Files/max1k/max1k-cpu/db/pll1_altpll.v Line: 81
    Info (176355): Automatically promoted destinations to use location or clock signal Global Clock CLKCTRL_G3
Info (332104): Reading SDC File: 'constr/top.sdc'
Info (332110): Deriving PLL clocks
    Info (332110): create_generated_clock -source {U_PLL1|altpll_component|auto_generated|pll1|inclk[0]} -divide_by 6 -multiply_by 25 -duty_cycle 50.00 -name {U_PLL1|altpll_component|auto_generated|pll1|clk[0]} {U_PLL1|altpll_component|auto_generated|pll1|clk[0]}
Info (332151): Clock uncertainty is not calculated until you update the timing netlist.
Info (332123): Deriving Clock Uncertainty. Please refer to report_sdc in the Timing Analyzer to see clock uncertainties.
Info (332129): Detected timing requirements -- optimizing circuit to achieve only the specified requirements
Info (332111): Found 3 clocks
    Info (332111):   Period   Clock Name
    Info (332111): ======== ============
    Info (332111):   83.333       CLK12M
    Info (332111):   10.416    SDRAM_CLK
    Info (332111):   19.999 U_PLL1|altpll_component|auto_generated|pll1|clk[0]
Info (176233): Starting register packing
Info (176235): Finished register packing
    Extra Info (176219): No registers were packed into other blocks
Warning (15705): Ignored locations or region assignments to the following nodes
    Warning (15706): Node "CLK_X" is assigned to location or region, but does not exist in design
    Warning (15706): Node "FLASH_CLK" is assigned to location or region, but does not exist in design
    Warning (15706): Node "FLASH_CS" is assigned to location or region, but does not exist in design
    Warning (15706): Node "FLASH_DI" is assigned to location or region, but does not exist in design
    Warning (15706): Node "FLASH_DO" is assigned to location or region, but does not exist in design
    Warning (15706): Node "PIO[0]" is assigned to location or region, but does not exist in design
    Warning (15706): Node "PIO[1]" is assigned to location or region, but does not exist in design
    Warning (15706): Node "PIO[2]" is assigned to location or region, but does not exist in design
    Warning (15706): Node "PIO[3]" is assigned to location or region, but does not exist in design
    Warning (15706): Node "PIO[4]" is assigned to location or region, but does not exist in design
    Warning (15706): Node "PIO[5]" is assigned to location or region, but does not exist in design
    Warning (15706): Node "PIO[6]" is assigned to location or region, but does not exist in design
    Warning (15706): Node "PIO[7]" is assigned to location or region, but does not exist in design
    Warning (15706): Node "SDRAM_A[12]" is assigned to location or region, but does not exist in design
    Warning (15706): Node "SDRAM_A[13]" is assigned to location or region, but does not exist in design
    Warning (15706): Node "SEN_CS" is assigned to location or region, but does not exist in design
    Warning (15706): Node "SEN_INT1" is assigned to location or region, but does not exist in design
    Warning (15706): Node "SEN_INT2" is assigned to location or region, but does not exist in design
    Warning (15706): Node "SEN_SDI" is assigned to location or region, but does not exist in design
    Warning (15706): Node "SEN_SDO" is assigned to location or region, but does not exist in design
    Warning (15706): Node "SEN_SPC" is assigned to location or region, but does not exist in design
    Warning (15706): Node "USER_DIO[0]" is assigned to location or region, but does not exist in design
    Warning (15706): Node "USER_DIO[10]" is assigned to location or region, but does not exist in design
    Warning (15706): Node "USER_DIO[11]" is assigned to location or region, but does not exist in design
    Warning (15706): Node "USER_DIO[12]" is assigned to location or region, but does not exist in design
    Warning (15706): Node "USER_DIO[13]" is assigned to location or region, but does not exist in design
    Warning (15706): Node "USER_DIO[14]" is assigned to location or region, but does not exist in design
    Warning (15706): Node "USER_DIO[1]" is assigned to location or region, but does not exist in design
    Warning (15706): Node "USER_DIO[2]" is assigned to location or region, but does not exist in design
    Warning (15706): Node "USER_DIO[3]" is assigned to location or region, but does not exist in design
    Warning (15706): Node "USER_DIO[4]" is assigned to location or region, but does not exist in design
    Warning (15706): Node "USER_DIO[5]" is assigned to location or region, but does not exist in design
    Warning (15706): Node "USER_DIO[6]" is assigned to location or region, but does not exist in design
    Warning (15706): Node "USER_DIO[7]" is assigned to location or region, but does not exist in design
    Warning (15706): Node "USER_DIO[8]" is assigned to location or region, but does not exist in design
    Warning (15706): Node "USER_DIO[9]" is assigned to location or region, but does not exist in design
Info (171121): Fitter preparation operations ending: elapsed time is 00:00:00
Info (14896): Fitter has disabled Advanced Physical Optimization because it is not supported for the current family.
Info (170189): Fitter placement preparation operations beginning
Info (170190): Fitter placement preparation operations ending: elapsed time is 00:00:00
Info (170191): Fitter placement operations beginning
Info (170137): Fitter placement was successful
Info (170192): Fitter placement operations ending: elapsed time is 00:00:01
Info (170193): Fitter routing operations beginning
Info (170195): Router estimated average interconnect usage is 12% of the available device resources
    Info (170196): Router estimated peak interconnect usage is 31% of the available device resources in the region that extends from location X10_Y0 to location X20_Y12
Info (170199): The Fitter performed an Auto Fit compilation.  Optimizations were skipped to reduce compilation time.
    Info (170201): Optimizations that may affect the design's routability were skipped
    Info (170200): Optimizations that may affect the design's timing were skipped
Info (170194): Fitter routing operations ending: elapsed time is 00:00:01
Info (11888): Total time spent on timing analysis during the Fitter is 0.56 seconds.
Info (334003): Started post-fitting delay annotation
Warning (334000): Timing characteristics of device 10M08SAU169C8GES are preliminary
Info (334004): Delay annotation completed successfully
Info (334003): Started post-fitting delay annotation
Warning (334000): Timing characteristics of device 10M08SAU169C8GES are preliminary
Info (334004): Delay annotation completed successfully
Info (11218): Fitter post-fit operations ending: elapsed time is 00:00:03
Warning (171167): Found invalid Fitter assignments. See the Ignored Assignments panel in the Fitter Compilation Report for more information.
Warning (169177): 19 pins must meet Intel FPGA requirements for 3.3-, 3.0-, and 2.5-V interfaces. For more information, refer to AN 447: Interfacing MAX 10 Devices with 3.3/3.0/2.5-V LVTTL/LVCMOS I/O Systems.
    Info (169178): Pin USER_BTN uses I/O standard 3.3 V Schmitt Trigger at E6 File: D:/Files/max1k/max1k-cpu/src/top.vhd Line: 10
    Info (169178): Pin FT2232H_TX uses I/O standard 3.3-V LVTTL at A4 File: D:/Files/max1k/max1k-cpu/src/top.vhd Line: 22
    Info (169178): Pin SDRAM_DQ[0] uses I/O standard 3.3-V LVTTL at D11 File: D:/Files/max1k/max1k-cpu/src/top.vhd Line: 20
    Info (169178): Pin SDRAM_DQ[1] uses I/O standard 3.3-V LVTTL at G10 File: D:/Files/max1k/max1k-cpu/src/top.vhd Line: 20
    Info (169178): Pin SDRAM_DQ[2] uses I/O standard 3.3-V LVTTL at F10 File: D:/Files/max1k/max1k-cpu/src/top.vhd Line: 20
    Info (169178): Pin SDRAM_DQ[3] uses I/O standard 3.3-V LVTTL at F9 File: D:/Files/max1k/max1k-cpu/src/top.vhd Line: 20
    Info (169178): Pin SDRAM_DQ[4] uses I/O standard 3.3-V LVTTL at E10 File: D:/Files/max1k/max1k-cpu/src/top.vhd Line: 20
    Info (169178): Pin SDRAM_DQ[5] uses I/O standard 3.3-V LVTTL at D9 File: D:/Files/max1k/max1k-cpu/src/top.vhd Line: 20
    Info (169178): Pin SDRAM_DQ[6] uses I/O standard 3.3-V LVTTL at G9 File: D:/Files/max1k/max1k-cpu/src/top.vhd Line: 20
    Info (169178): Pin SDRAM_DQ[7] uses I/O standard 3.3-V LVTTL at F8 File: D:/Files/max1k/max1k-cpu/src/top.vhd Line: 20
    Info (169178): Pin SDRAM_DQ[8] uses I/O standard 3.3-V LVTTL at F13 File: D:/Files/max1k/max1k-cpu/src/top.vhd Line: 20
    Info (169178): Pin SDRAM_DQ[9] uses I/O standard 3.3-V LVTTL at E12 File: D:/Files/max1k/max1k-cpu/src/top.vhd Line: 20
    Info (169178): Pin SDRAM_DQ[10] uses I/O standard 3.3-V LVTTL at E13 File: D:/Files/max1k/max1k-cpu/src/top.vhd Line: 20
    Info (169178): Pin SDRAM_DQ[11] uses I/O standard 3.3-V LVTTL at D12 File: D:/Files/max1k/max1k-cpu/src/top.vhd Line: 20
    Info (169178): Pin SDRAM_DQ[12] uses I/O standard 3.3-V LVTTL at C12 File: D:/Files/max1k/max1k-cpu/src/top.vhd Line: 20
    Info (169178): Pin SDRAM_DQ[13] uses I/O standard 3.3-V LVTTL at B12 File: D:/Files/max1k/max1k-cpu/src/top.vhd Line: 20
    Info (169178): Pin SDRAM_DQ[14] uses I/O standard 3.3-V LVTTL at B13 File: D:/Files/max1k/max1k-cpu/src/top.vhd Line: 20
    Info (169178): Pin SDRAM_DQ[15] uses I/O standard 3.3-V LVTTL at A12 File: D:/Files/max1k/max1k-cpu/src/top.vhd Line: 20
    Info (169178): Pin CLK12M uses I/O standard 3.3-V LVTTL at H6 File: D:/Files/max1k/max1k-cpu/src/top.vhd Line: 8
Warning (169064): Following 16 pins have no output enable or a GND or VCC output enable - later changes to this connectivity may change fitting results
    Info (169065): Pin SDRAM_DQ[0] has a permanently disabled output enable File: D:/Files/max1k/max1k-cpu/src/top.vhd Line: 20
    Info (169065): Pin SDRAM_DQ[1] has a permanently disabled output enable File: D:/Files/max1k/max1k-cpu/src/top.vhd Line: 20
    Info (169065): Pin SDRAM_DQ[2] has a permanently disabled output enable File: D:/Files/max1k/max1k-cpu/src/top.vhd Line: 20
    Info (169065): Pin SDRAM_DQ[3] has a permanently disabled output enable File: D:/Files/max1k/max1k-cpu/src/top.vhd Line: 20
    Info (169065): Pin SDRAM_DQ[4] has a permanently disabled output enable File: D:/Files/max1k/max1k-cpu/src/top.vhd Line: 20
    Info (169065): Pin SDRAM_DQ[5] has a permanently disabled output enable File: D:/Files/max1k/max1k-cpu/src/top.vhd Line: 20
    Info (169065): Pin SDRAM_DQ[6] has a permanently disabled output enable File: D:/Files/max1k/max1k-cpu/src/top.vhd Line: 20
    Info (169065): Pin SDRAM_DQ[7] has a permanently disabled output enable File: D:/Files/max1k/max1k-cpu/src/top.vhd Line: 20
    Info (169065): Pin SDRAM_DQ[8] has a permanently disabled output enable File: D:/Files/max1k/max1k-cpu/src/top.vhd Line: 20
    Info (169065): Pin SDRAM_DQ[9] has a permanently disabled output enable File: D:/Files/max1k/max1k-cpu/src/top.vhd Line: 20
    Info (169065): Pin SDRAM_DQ[10] has a permanently disabled output enable File: D:/Files/max1k/max1k-cpu/src/top.vhd Line: 20
    Info (169065): Pin SDRAM_DQ[11] has a permanently disabled output enable File: D:/Files/max1k/max1k-cpu/src/top.vhd Line: 20
    Info (169065): Pin SDRAM_DQ[12] has a permanently disabled output enable File: D:/Files/max1k/max1k-cpu/src/top.vhd Line: 20
    Info (169065): Pin SDRAM_DQ[13] has a permanently disabled output enable File: D:/Files/max1k/max1k-cpu/src/top.vhd Line: 20
    Info (169065): Pin SDRAM_DQ[14] has a permanently disabled output enable File: D:/Files/max1k/max1k-cpu/src/top.vhd Line: 20
    Info (169065): Pin SDRAM_DQ[15] has a permanently disabled output enable File: D:/Files/max1k/max1k-cpu/src/top.vhd Line: 20
Info (144001): Generated suppressed messages file D:/Files/max1k/max1k-cpu/output_files/project_template.fit.smsg
Info: Quartus Prime Fitter was successful. 0 errors, 48 warnings
    Info: Peak virtual memory: 5731 megabytes
    Info: Processing ended: Sat Aug  1 23:23:29 2026
    Info: Elapsed time: 00:00:11
    Info: Total CPU time (on all processors): 00:00:19


+----------------------------+
; Fitter Suppressed Messages ;
+----------------------------+
The suppressed messages can be found in D:/Files/max1k/max1k-cpu/output_files/project_template.fit.smsg.


