Timing Analyzer report for project_template
Thu Aug  6 22:28:18 2026
Quartus Prime Version 25.1std.0 Build 1129 10/21/2025 Patches 0.02std SC Lite Edition


---------------------
; Table of Contents ;
---------------------
  1. Legal Notice
  2. Timing Analyzer Summary
  3. Parallel Compilation
  4. SDC File List
  5. Clocks
  6. Slow 1200mV 85C Model Fmax Summary
  7. Slow 1200mV 85C Model Setup Summary
  8. Slow 1200mV 85C Model Hold Summary
  9. Slow 1200mV 85C Model Recovery Summary
 10. Slow 1200mV 85C Model Removal Summary
 11. Slow 1200mV 85C Model Minimum Pulse Width Summary
 12. Slow 1200mV 85C Model Metastability Summary
 13. Slow 1200mV 0C Model Fmax Summary
 14. Slow 1200mV 0C Model Setup Summary
 15. Slow 1200mV 0C Model Hold Summary
 16. Slow 1200mV 0C Model Recovery Summary
 17. Slow 1200mV 0C Model Removal Summary
 18. Slow 1200mV 0C Model Minimum Pulse Width Summary
 19. Slow 1200mV 0C Model Metastability Summary
 20. Fast 1200mV 0C Model Setup Summary
 21. Fast 1200mV 0C Model Hold Summary
 22. Fast 1200mV 0C Model Recovery Summary
 23. Fast 1200mV 0C Model Removal Summary
 24. Fast 1200mV 0C Model Minimum Pulse Width Summary
 25. Fast 1200mV 0C Model Metastability Summary
 26. Multicorner Timing Analysis Summary
 27. Board Trace Model Assignments
 28. Input Transition Times
 29. Signal Integrity Metrics (Slow 1200mv 0c Model)
 30. Signal Integrity Metrics (Slow 1200mv 85c Model)
 31. Signal Integrity Metrics (Fast 1200mv 0c Model)
 32. Setup Transfers
 33. Hold Transfers
 34. Report TCCS
 35. Report RSKM
 36. Unconstrained Paths Summary
 37. Clock Status Summary
 38. Unconstrained Input Ports
 39. Unconstrained Output Ports
 40. Unconstrained Input Ports
 41. Unconstrained Output Ports
 42. Timing Analyzer Messages



----------------
; Legal Notice ;
----------------
Copyright (C) 2025  Altera Corporation. All rights reserved.
Your use of Altera Corporation's design tools, logic functions 
and other software and tools, and any partner logic 
functions, and any output files from any of the foregoing 
(including device programming or simulation files), and any 
associated documentation or information are expressly subject 
to the terms and conditions of the Altera Program License 
Subscription Agreement, the Altera Quartus Prime License Agreement,
the Altera IP License Agreement, or other applicable license
agreement, including, without limitation, that your use is for
the sole purpose of programming logic devices manufactured by
Altera and sold by Altera or its authorized distributors.  Please
refer to the Altera Software License Subscription Agreements 
on the Quartus Prime software download page.



+-------------------------------------------------------------------------------------------------+
; Timing Analyzer Summary                                                                         ;
+-----------------------+-------------------------------------------------------------------------+
; Quartus Prime Version ; Version 25.1std.0 Build 1129 10/21/2025 Patches 0.02std SC Lite Edition ;
; Timing Analyzer       ; Legacy Timing Analyzer                                                  ;
; Revision Name         ; project_template                                                        ;
; Device Family         ; MAX 10                                                                  ;
; Device Name           ; 10M08SAU169C8GES                                                        ;
; Timing Models         ; Preliminary                                                             ;
; Delay Model           ; Combined                                                                ;
; Rise/Fall Delays      ; Enabled                                                                 ;
+-----------------------+-------------------------------------------------------------------------+


+------------------------------------------+
; Parallel Compilation                     ;
+----------------------------+-------------+
; Processors                 ; Number      ;
+----------------------------+-------------+
; Number detected on machine ; 12          ;
; Maximum allowed            ; 6           ;
;                            ;             ;
; Average used               ; 2.29        ;
; Maximum used               ; 6           ;
;                            ;             ;
; Usage by Processor         ; % Time Used ;
;     Processor 1            ; 100.0%      ;
;     Processor 2            ;  27.4%      ;
;     Processor 3            ;  25.9%      ;
;     Processor 4            ;  25.4%      ;
;     Processors 5-6         ;  25.4%      ;
+----------------------------+-------------+


+----------------------------------------------------+
; SDC File List                                      ;
+----------------+--------+--------------------------+
; SDC File Path  ; Status ; Read at                  ;
+----------------+--------+--------------------------+
; constr/top.sdc ; OK     ; Thu Aug  6 22:28:16 2026 ;
+----------------+--------+--------------------------+


+---------------------------------------------------------------------------------------------------------------------------------------------------------------------------------------------------------------------------------------------------------------------------------------------------------------------------+
; Clocks                                                                                                                                                                                                                                                                                                                    ;
+----------------------------------------------------+-----------+--------+-----------+-------+--------+------------+-----------+-------------+-------+--------+-----------+------------+----------+--------+------------------------------------------------------+--------------------------------------------------------+
; Clock Name                                         ; Type      ; Period ; Frequency ; Rise  ; Fall   ; Duty Cycle ; Divide by ; Multiply by ; Phase ; Offset ; Edge List ; Edge Shift ; Inverted ; Master ; Source                                               ; Targets                                                ;
+----------------------------------------------------+-----------+--------+-----------+-------+--------+------------+-----------+-------------+-------+--------+-----------+------------+----------+--------+------------------------------------------------------+--------------------------------------------------------+
; CLK12M                                             ; Base      ; 83.333 ; 12.0 MHz  ; 0.000 ; 41.666 ;            ;           ;             ;       ;        ;           ;            ;          ;        ;                                                      ; { CLK12M }                                             ;
; SDRAM_CLK                                          ; Base      ; 10.416 ; 96.01 MHz ; 0.000 ; 5.208  ;            ;           ;             ;       ;        ;           ;            ;          ;        ;                                                      ; { SDRAM_CLK }                                          ;
; U_PLL1|altpll_component|auto_generated|pll1|clk[0] ; Generated ; 19.999 ; 50.0 MHz  ; 0.000 ; 9.999  ; 50.00      ; 6         ; 25          ;       ;        ;           ;            ; false    ; CLK12M ; U_PLL1|altpll_component|auto_generated|pll1|inclk[0] ; { U_PLL1|altpll_component|auto_generated|pll1|clk[0] } ;
+----------------------------------------------------+-----------+--------+-----------+-------+--------+------------+-----------+-------------+-------+--------+-----------+------------+----------+--------+------------------------------------------------------+--------------------------------------------------------+


+-----------------------------------------------------------------------------------------+
; Slow 1200mV 85C Model Fmax Summary                                                      ;
+-----------+-----------------+----------------------------------------------------+------+
; Fmax      ; Restricted Fmax ; Clock Name                                         ; Note ;
+-----------+-----------------+----------------------------------------------------+------+
; 57.07 MHz ; 57.07 MHz       ; U_PLL1|altpll_component|auto_generated|pll1|clk[0] ;      ;
+-----------+-----------------+----------------------------------------------------+------+
This panel reports FMAX for every clock in the design, regardless of the user-specified clock periods.  FMAX is only computed for paths where the source and destination registers or ports are driven by the same clock.  Paths of different clocks, including generated clocks, are ignored.  For paths between a clock and its inversion, FMAX is computed as if the rising and falling edges are scaled along with FMAX, such that the duty cycle (in terms of a percentage) is maintained. Altera recommends that you always use clock constraints and other slack reports for sign-off analysis.


+----------------------------------------------------------------------------+
; Slow 1200mV 85C Model Setup Summary                                        ;
+----------------------------------------------------+-------+---------------+
; Clock                                              ; Slack ; End Point TNS ;
+----------------------------------------------------+-------+---------------+
; U_PLL1|altpll_component|auto_generated|pll1|clk[0] ; 2.477 ; 0.000         ;
+----------------------------------------------------+-------+---------------+


+----------------------------------------------------------------------------+
; Slow 1200mV 85C Model Hold Summary                                         ;
+----------------------------------------------------+-------+---------------+
; Clock                                              ; Slack ; End Point TNS ;
+----------------------------------------------------+-------+---------------+
; U_PLL1|altpll_component|auto_generated|pll1|clk[0] ; 0.314 ; 0.000         ;
+----------------------------------------------------+-------+---------------+


------------------------------------------
; Slow 1200mV 85C Model Recovery Summary ;
------------------------------------------
No paths to report.


-----------------------------------------
; Slow 1200mV 85C Model Removal Summary ;
-----------------------------------------
No paths to report.


+-----------------------------------------------------------------------------+
; Slow 1200mV 85C Model Minimum Pulse Width Summary                           ;
+----------------------------------------------------+--------+---------------+
; Clock                                              ; Slack  ; End Point TNS ;
+----------------------------------------------------+--------+---------------+
; SDRAM_CLK                                          ; 2.416  ; 0.000         ;
; U_PLL1|altpll_component|auto_generated|pll1|clk[0] ; 9.670  ; 0.000         ;
; CLK12M                                             ; 41.516 ; 0.000         ;
+----------------------------------------------------+--------+---------------+


-----------------------------------------------
; Slow 1200mV 85C Model Metastability Summary ;
-----------------------------------------------
No synchronizer chains to report.


+-----------------------------------------------------------------------------------------+
; Slow 1200mV 0C Model Fmax Summary                                                       ;
+-----------+-----------------+----------------------------------------------------+------+
; Fmax      ; Restricted Fmax ; Clock Name                                         ; Note ;
+-----------+-----------------+----------------------------------------------------+------+
; 59.11 MHz ; 59.11 MHz       ; U_PLL1|altpll_component|auto_generated|pll1|clk[0] ;      ;
+-----------+-----------------+----------------------------------------------------+------+
This panel reports FMAX for every clock in the design, regardless of the user-specified clock periods.  FMAX is only computed for paths where the source and destination registers or ports are driven by the same clock.  Paths of different clocks, including generated clocks, are ignored.  For paths between a clock and its inversion, FMAX is computed as if the rising and falling edges are scaled along with FMAX, such that the duty cycle (in terms of a percentage) is maintained. Altera recommends that you always use clock constraints and other slack reports for sign-off analysis.


+----------------------------------------------------------------------------+
; Slow 1200mV 0C Model Setup Summary                                         ;
+----------------------------------------------------+-------+---------------+
; Clock                                              ; Slack ; End Point TNS ;
+----------------------------------------------------+-------+---------------+
; U_PLL1|altpll_component|auto_generated|pll1|clk[0] ; 3.082 ; 0.000         ;
+----------------------------------------------------+-------+---------------+


+----------------------------------------------------------------------------+
; Slow 1200mV 0C Model Hold Summary                                          ;
+----------------------------------------------------+-------+---------------+
; Clock                                              ; Slack ; End Point TNS ;
+----------------------------------------------------+-------+---------------+
; U_PLL1|altpll_component|auto_generated|pll1|clk[0] ; 0.281 ; 0.000         ;
+----------------------------------------------------+-------+---------------+


-----------------------------------------
; Slow 1200mV 0C Model Recovery Summary ;
-----------------------------------------
No paths to report.


----------------------------------------
; Slow 1200mV 0C Model Removal Summary ;
----------------------------------------
No paths to report.


+-----------------------------------------------------------------------------+
; Slow 1200mV 0C Model Minimum Pulse Width Summary                            ;
+----------------------------------------------------+--------+---------------+
; Clock                                              ; Slack  ; End Point TNS ;
+----------------------------------------------------+--------+---------------+
; SDRAM_CLK                                          ; 2.416  ; 0.000         ;
; U_PLL1|altpll_component|auto_generated|pll1|clk[0] ; 9.681  ; 0.000         ;
; CLK12M                                             ; 41.516 ; 0.000         ;
+----------------------------------------------------+--------+---------------+


----------------------------------------------
; Slow 1200mV 0C Model Metastability Summary ;
----------------------------------------------
No synchronizer chains to report.


+-----------------------------------------------------------------------------+
; Fast 1200mV 0C Model Setup Summary                                          ;
+----------------------------------------------------+--------+---------------+
; Clock                                              ; Slack  ; End Point TNS ;
+----------------------------------------------------+--------+---------------+
; U_PLL1|altpll_component|auto_generated|pll1|clk[0] ; 13.103 ; 0.000         ;
+----------------------------------------------------+--------+---------------+


+----------------------------------------------------------------------------+
; Fast 1200mV 0C Model Hold Summary                                          ;
+----------------------------------------------------+-------+---------------+
; Clock                                              ; Slack ; End Point TNS ;
+----------------------------------------------------+-------+---------------+
; U_PLL1|altpll_component|auto_generated|pll1|clk[0] ; 0.100 ; 0.000         ;
+----------------------------------------------------+-------+---------------+


-----------------------------------------
; Fast 1200mV 0C Model Recovery Summary ;
-----------------------------------------
No paths to report.


----------------------------------------
; Fast 1200mV 0C Model Removal Summary ;
----------------------------------------
No paths to report.


+-----------------------------------------------------------------------------+
; Fast 1200mV 0C Model Minimum Pulse Width Summary                            ;
+----------------------------------------------------+--------+---------------+
; Clock                                              ; Slack  ; End Point TNS ;
+----------------------------------------------------+--------+---------------+
; SDRAM_CLK                                          ; 2.416  ; 0.000         ;
; U_PLL1|altpll_component|auto_generated|pll1|clk[0] ; 9.719  ; 0.000         ;
; CLK12M                                             ; 41.170 ; 0.000         ;
+----------------------------------------------------+--------+---------------+


----------------------------------------------
; Fast 1200mV 0C Model Metastability Summary ;
----------------------------------------------
No synchronizer chains to report.


+----------------------------------------------------------------------------------------------------------------+
; Multicorner Timing Analysis Summary                                                                            ;
+-----------------------------------------------------+-------+-------+----------+---------+---------------------+
; Clock                                               ; Setup ; Hold  ; Recovery ; Removal ; Minimum Pulse Width ;
+-----------------------------------------------------+-------+-------+----------+---------+---------------------+
; Worst-case Slack                                    ; 2.477 ; 0.100 ; N/A      ; N/A     ; 2.416               ;
;  CLK12M                                             ; N/A   ; N/A   ; N/A      ; N/A     ; 41.170              ;
;  SDRAM_CLK                                          ; N/A   ; N/A   ; N/A      ; N/A     ; 2.416               ;
;  U_PLL1|altpll_component|auto_generated|pll1|clk[0] ; 2.477 ; 0.100 ; N/A      ; N/A     ; 9.670               ;
; Design-wide TNS                                     ; 0.0   ; 0.0   ; 0.0      ; 0.0     ; 0.0                 ;
;  CLK12M                                             ; N/A   ; N/A   ; N/A      ; N/A     ; 0.000               ;
;  SDRAM_CLK                                          ; N/A   ; N/A   ; N/A      ; N/A     ; 0.000               ;
;  U_PLL1|altpll_component|auto_generated|pll1|clk[0] ; 0.000 ; 0.000 ; N/A      ; N/A     ; 0.000               ;
+-----------------------------------------------------+-------+-------+----------+---------+---------------------+


+-----------------------------------------------------------------------------------------------------------------------------------------------------------------------------------------------------------------------------------------------------------------------------------------------------------------------------------------------------------------------------------------------------------------+
; Board Trace Model Assignments                                                                                                                                                                                                                                                                                                                                                                                   ;
+--------------+--------------+-------------------+-------------------------+-------------------------+---------------+---------------------+----------------+------------------+--------+------------------+------------------------+------------------------+--------------+---------------+-----------------+-------+---------------------+--------------------+---------------+-----------------+-------------+
; Pin          ; I/O Standard ; Near Tline Length ; Near Tline L per Length ; Near Tline C per Length ; Near Series R ; Near Differential R ; Near Pull-up R ; Near Pull-down R ; Near C ; Far Tline Length ; Far Tline L per Length ; Far Tline C per Length ; Far Series R ; Far Pull-up R ; Far Pull-down R ; Far C ; Termination Voltage ; Far Differential R ; EBD File Name ; EBD Signal Name ; EBD Far-end ;
+--------------+--------------+-------------------+-------------------------+-------------------------+---------------+---------------------+----------------+------------------+--------+------------------+------------------------+------------------------+--------------+---------------+-----------------+-------+---------------------+--------------------+---------------+-----------------+-------------+
; LED[0]       ; 3.3-V LVTTL  ; 0 in              ; 0 H/in                  ; 0 F/in                  ; short         ; -                   ; open           ; open             ; open   ; 0 in             ; 0 H/in                 ; 0 F/in                 ; short        ; open          ; open            ; open  ; 0 V                 ; -                  ; n/a           ; n/a             ; n/a         ;
; LED[1]       ; 3.3-V LVTTL  ; 0 in              ; 0 H/in                  ; 0 F/in                  ; short         ; -                   ; open           ; open             ; open   ; 0 in             ; 0 H/in                 ; 0 F/in                 ; short        ; open          ; open            ; open  ; 0 V                 ; -                  ; n/a           ; n/a             ; n/a         ;
; LED[2]       ; 3.3-V LVTTL  ; 0 in              ; 0 H/in                  ; 0 F/in                  ; short         ; -                   ; open           ; open             ; open   ; 0 in             ; 0 H/in                 ; 0 F/in                 ; short        ; open          ; open            ; open  ; 0 V                 ; -                  ; n/a           ; n/a             ; n/a         ;
; LED[3]       ; 3.3-V LVTTL  ; 0 in              ; 0 H/in                  ; 0 F/in                  ; short         ; -                   ; open           ; open             ; open   ; 0 in             ; 0 H/in                 ; 0 F/in                 ; short        ; open          ; open            ; open  ; 0 V                 ; -                  ; n/a           ; n/a             ; n/a         ;
; LED[4]       ; 3.3-V LVTTL  ; 0 in              ; 0 H/in                  ; 0 F/in                  ; short         ; -                   ; open           ; open             ; open   ; 0 in             ; 0 H/in                 ; 0 F/in                 ; short        ; open          ; open            ; open  ; 0 V                 ; -                  ; n/a           ; n/a             ; n/a         ;
; LED[5]       ; 3.3-V LVTTL  ; 0 in              ; 0 H/in                  ; 0 F/in                  ; short         ; -                   ; open           ; open             ; open   ; 0 in             ; 0 H/in                 ; 0 F/in                 ; short        ; open          ; open            ; open  ; 0 V                 ; -                  ; n/a           ; n/a             ; n/a         ;
; LED[6]       ; 3.3-V LVTTL  ; 0 in              ; 0 H/in                  ; 0 F/in                  ; short         ; -                   ; open           ; open             ; open   ; 0 in             ; 0 H/in                 ; 0 F/in                 ; short        ; open          ; open            ; open  ; 0 V                 ; -                  ; n/a           ; n/a             ; n/a         ;
; LED[7]       ; 3.3-V LVTTL  ; 0 in              ; 0 H/in                  ; 0 F/in                  ; short         ; -                   ; open           ; open             ; open   ; 0 in             ; 0 H/in                 ; 0 F/in                 ; short        ; open          ; open            ; open  ; 0 V                 ; -                  ; n/a           ; n/a             ; n/a         ;
; SDRAM_A[0]   ; 3.3-V LVTTL  ; 0 in              ; 0 H/in                  ; 0 F/in                  ; short         ; -                   ; open           ; open             ; open   ; 0 in             ; 0 H/in                 ; 0 F/in                 ; short        ; open          ; open            ; open  ; 0 V                 ; -                  ; n/a           ; n/a             ; n/a         ;
; SDRAM_A[1]   ; 3.3-V LVTTL  ; 0 in              ; 0 H/in                  ; 0 F/in                  ; short         ; -                   ; open           ; open             ; open   ; 0 in             ; 0 H/in                 ; 0 F/in                 ; short        ; open          ; open            ; open  ; 0 V                 ; -                  ; n/a           ; n/a             ; n/a         ;
; SDRAM_A[2]   ; 3.3-V LVTTL  ; 0 in              ; 0 H/in                  ; 0 F/in                  ; short         ; -                   ; open           ; open             ; open   ; 0 in             ; 0 H/in                 ; 0 F/in                 ; short        ; open          ; open            ; open  ; 0 V                 ; -                  ; n/a           ; n/a             ; n/a         ;
; SDRAM_A[3]   ; 3.3-V LVTTL  ; 0 in              ; 0 H/in                  ; 0 F/in                  ; short         ; -                   ; open           ; open             ; open   ; 0 in             ; 0 H/in                 ; 0 F/in                 ; short        ; open          ; open            ; open  ; 0 V                 ; -                  ; n/a           ; n/a             ; n/a         ;
; SDRAM_A[4]   ; 3.3-V LVTTL  ; 0 in              ; 0 H/in                  ; 0 F/in                  ; short         ; -                   ; open           ; open             ; open   ; 0 in             ; 0 H/in                 ; 0 F/in                 ; short        ; open          ; open            ; open  ; 0 V                 ; -                  ; n/a           ; n/a             ; n/a         ;
; SDRAM_A[5]   ; 3.3-V LVTTL  ; 0 in              ; 0 H/in                  ; 0 F/in                  ; short         ; -                   ; open           ; open             ; open   ; 0 in             ; 0 H/in                 ; 0 F/in                 ; short        ; open          ; open            ; open  ; 0 V                 ; -                  ; n/a           ; n/a             ; n/a         ;
; SDRAM_A[6]   ; 3.3-V LVTTL  ; 0 in              ; 0 H/in                  ; 0 F/in                  ; short         ; -                   ; open           ; open             ; open   ; 0 in             ; 0 H/in                 ; 0 F/in                 ; short        ; open          ; open            ; open  ; 0 V                 ; -                  ; n/a           ; n/a             ; n/a         ;
; SDRAM_A[7]   ; 3.3-V LVTTL  ; 0 in              ; 0 H/in                  ; 0 F/in                  ; short         ; -                   ; open           ; open             ; open   ; 0 in             ; 0 H/in                 ; 0 F/in                 ; short        ; open          ; open            ; open  ; 0 V                 ; -                  ; n/a           ; n/a             ; n/a         ;
; SDRAM_A[8]   ; 3.3-V LVTTL  ; 0 in              ; 0 H/in                  ; 0 F/in                  ; short         ; -                   ; open           ; open             ; open   ; 0 in             ; 0 H/in                 ; 0 F/in                 ; short        ; open          ; open            ; open  ; 0 V                 ; -                  ; n/a           ; n/a             ; n/a         ;
; SDRAM_A[9]   ; 3.3-V LVTTL  ; 0 in              ; 0 H/in                  ; 0 F/in                  ; short         ; -                   ; open           ; open             ; open   ; 0 in             ; 0 H/in                 ; 0 F/in                 ; short        ; open          ; open            ; open  ; 0 V                 ; -                  ; n/a           ; n/a             ; n/a         ;
; SDRAM_A[10]  ; 3.3-V LVTTL  ; 0 in              ; 0 H/in                  ; 0 F/in                  ; short         ; -                   ; open           ; open             ; open   ; 0 in             ; 0 H/in                 ; 0 F/in                 ; short        ; open          ; open            ; open  ; 0 V                 ; -                  ; n/a           ; n/a             ; n/a         ;
; SDRAM_A[11]  ; 3.3-V LVTTL  ; 0 in              ; 0 H/in                  ; 0 F/in                  ; short         ; -                   ; open           ; open             ; open   ; 0 in             ; 0 H/in                 ; 0 F/in                 ; short        ; open          ; open            ; open  ; 0 V                 ; -                  ; n/a           ; n/a             ; n/a         ;
; SDRAM_BA[0]  ; 3.3-V LVTTL  ; 0 in              ; 0 H/in                  ; 0 F/in                  ; short         ; -                   ; open           ; open             ; open   ; 0 in             ; 0 H/in                 ; 0 F/in                 ; short        ; open          ; open            ; open  ; 0 V                 ; -                  ; n/a           ; n/a             ; n/a         ;
; SDRAM_BA[1]  ; 3.3-V LVTTL  ; 0 in              ; 0 H/in                  ; 0 F/in                  ; short         ; -                   ; open           ; open             ; open   ; 0 in             ; 0 H/in                 ; 0 F/in                 ; short        ; open          ; open            ; open  ; 0 V                 ; -                  ; n/a           ; n/a             ; n/a         ;
; SDRAM_CLK    ; 3.3-V LVTTL  ; 0 in              ; 0 H/in                  ; 0 F/in                  ; short         ; -                   ; open           ; open             ; open   ; 0 in             ; 0 H/in                 ; 0 F/in                 ; short        ; open          ; open            ; open  ; 0 V                 ; -                  ; n/a           ; n/a             ; n/a         ;
; SDRAM_CKE    ; 3.3-V LVTTL  ; 0 in              ; 0 H/in                  ; 0 F/in                  ; short         ; -                   ; open           ; open             ; open   ; 0 in             ; 0 H/in                 ; 0 F/in                 ; short        ; open          ; open            ; open  ; 0 V                 ; -                  ; n/a           ; n/a             ; n/a         ;
; SDRAM_CAS    ; 3.3-V LVTTL  ; 0 in              ; 0 H/in                  ; 0 F/in                  ; short         ; -                   ; open           ; open             ; open   ; 0 in             ; 0 H/in                 ; 0 F/in                 ; short        ; open          ; open            ; open  ; 0 V                 ; -                  ; n/a           ; n/a             ; n/a         ;
; SDRAM_CS     ; 3.3-V LVTTL  ; 0 in              ; 0 H/in                  ; 0 F/in                  ; short         ; -                   ; open           ; open             ; open   ; 0 in             ; 0 H/in                 ; 0 F/in                 ; short        ; open          ; open            ; open  ; 0 V                 ; -                  ; n/a           ; n/a             ; n/a         ;
; SDRAM_RAS    ; 3.3-V LVTTL  ; 0 in              ; 0 H/in                  ; 0 F/in                  ; short         ; -                   ; open           ; open             ; open   ; 0 in             ; 0 H/in                 ; 0 F/in                 ; short        ; open          ; open            ; open  ; 0 V                 ; -                  ; n/a           ; n/a             ; n/a         ;
; SDRAM_WE     ; 3.3-V LVTTL  ; 0 in              ; 0 H/in                  ; 0 F/in                  ; short         ; -                   ; open           ; open             ; open   ; 0 in             ; 0 H/in                 ; 0 F/in                 ; short        ; open          ; open            ; open  ; 0 V                 ; -                  ; n/a           ; n/a             ; n/a         ;
; SDRAM_DQM[0] ; 3.3-V LVTTL  ; 0 in              ; 0 H/in                  ; 0 F/in                  ; short         ; -                   ; open           ; open             ; open   ; 0 in             ; 0 H/in                 ; 0 F/in                 ; short        ; open          ; open            ; open  ; 0 V                 ; -                  ; n/a           ; n/a             ; n/a         ;
; SDRAM_DQM[1] ; 3.3-V LVTTL  ; 0 in              ; 0 H/in                  ; 0 F/in                  ; short         ; -                   ; open           ; open             ; open   ; 0 in             ; 0 H/in                 ; 0 F/in                 ; short        ; open          ; open            ; open  ; 0 V                 ; -                  ; n/a           ; n/a             ; n/a         ;
; FT2232H_RX   ; 3.3-V LVTTL  ; 0 in              ; 0 H/in                  ; 0 F/in                  ; short         ; -                   ; open           ; open             ; open   ; 0 in             ; 0 H/in                 ; 0 F/in                 ; short        ; open          ; open            ; open  ; 0 V                 ; -                  ; n/a           ; n/a             ; n/a         ;
; SDRAM_DQ[0]  ; 3.3-V LVTTL  ; 0 in              ; 0 H/in                  ; 0 F/in                  ; short         ; -                   ; open           ; open             ; open   ; 0 in             ; 0 H/in                 ; 0 F/in                 ; short        ; open          ; open            ; open  ; 0 V                 ; -                  ; n/a           ; n/a             ; n/a         ;
; SDRAM_DQ[1]  ; 3.3-V LVTTL  ; 0 in              ; 0 H/in                  ; 0 F/in                  ; short         ; -                   ; open           ; open             ; open   ; 0 in             ; 0 H/in                 ; 0 F/in                 ; short        ; open          ; open            ; open  ; 0 V                 ; -                  ; n/a           ; n/a             ; n/a         ;
; SDRAM_DQ[2]  ; 3.3-V LVTTL  ; 0 in              ; 0 H/in                  ; 0 F/in                  ; short         ; -                   ; open           ; open             ; open   ; 0 in             ; 0 H/in                 ; 0 F/in                 ; short        ; open          ; open            ; open  ; 0 V                 ; -                  ; n/a           ; n/a             ; n/a         ;
; SDRAM_DQ[3]  ; 3.3-V LVTTL  ; 0 in              ; 0 H/in                  ; 0 F/in                  ; short         ; -                   ; open           ; open             ; open   ; 0 in             ; 0 H/in                 ; 0 F/in                 ; short        ; open          ; open            ; open  ; 0 V                 ; -                  ; n/a           ; n/a             ; n/a         ;
; SDRAM_DQ[4]  ; 3.3-V LVTTL  ; 0 in              ; 0 H/in                  ; 0 F/in                  ; short         ; -                   ; open           ; open             ; open   ; 0 in             ; 0 H/in                 ; 0 F/in                 ; short        ; open          ; open            ; open  ; 0 V                 ; -                  ; n/a           ; n/a             ; n/a         ;
; SDRAM_DQ[5]  ; 3.3-V LVTTL  ; 0 in              ; 0 H/in                  ; 0 F/in                  ; short         ; -                   ; open           ; open             ; open   ; 0 in             ; 0 H/in                 ; 0 F/in                 ; short        ; open          ; open            ; open  ; 0 V                 ; -                  ; n/a           ; n/a             ; n/a         ;
; SDRAM_DQ[6]  ; 3.3-V LVTTL  ; 0 in              ; 0 H/in                  ; 0 F/in                  ; short         ; -                   ; open           ; open             ; open   ; 0 in             ; 0 H/in                 ; 0 F/in                 ; short        ; open          ; open            ; open  ; 0 V                 ; -                  ; n/a           ; n/a             ; n/a         ;
; SDRAM_DQ[7]  ; 3.3-V LVTTL  ; 0 in              ; 0 H/in                  ; 0 F/in                  ; short         ; -                   ; open           ; open             ; open   ; 0 in             ; 0 H/in                 ; 0 F/in                 ; short        ; open          ; open            ; open  ; 0 V                 ; -                  ; n/a           ; n/a             ; n/a         ;
; SDRAM_DQ[8]  ; 3.3-V LVTTL  ; 0 in              ; 0 H/in                  ; 0 F/in                  ; short         ; -                   ; open           ; open             ; open   ; 0 in             ; 0 H/in                 ; 0 F/in                 ; short        ; open          ; open            ; open  ; 0 V                 ; -                  ; n/a           ; n/a             ; n/a         ;
; SDRAM_DQ[9]  ; 3.3-V LVTTL  ; 0 in              ; 0 H/in                  ; 0 F/in                  ; short         ; -                   ; open           ; open             ; open   ; 0 in             ; 0 H/in                 ; 0 F/in                 ; short        ; open          ; open            ; open  ; 0 V                 ; -                  ; n/a           ; n/a             ; n/a         ;
; SDRAM_DQ[10] ; 3.3-V LVTTL  ; 0 in              ; 0 H/in                  ; 0 F/in                  ; short         ; -                   ; open           ; open             ; open   ; 0 in             ; 0 H/in                 ; 0 F/in                 ; short        ; open          ; open            ; open  ; 0 V                 ; -                  ; n/a           ; n/a             ; n/a         ;
; SDRAM_DQ[11] ; 3.3-V LVTTL  ; 0 in              ; 0 H/in                  ; 0 F/in                  ; short         ; -                   ; open           ; open             ; open   ; 0 in             ; 0 H/in                 ; 0 F/in                 ; short        ; open          ; open            ; open  ; 0 V                 ; -                  ; n/a           ; n/a             ; n/a         ;
; SDRAM_DQ[12] ; 3.3-V LVTTL  ; 0 in              ; 0 H/in                  ; 0 F/in                  ; short         ; -                   ; open           ; open             ; open   ; 0 in             ; 0 H/in                 ; 0 F/in                 ; short        ; open          ; open            ; open  ; 0 V                 ; -                  ; n/a           ; n/a             ; n/a         ;
; SDRAM_DQ[13] ; 3.3-V LVTTL  ; 0 in              ; 0 H/in                  ; 0 F/in                  ; short         ; -                   ; open           ; open             ; open   ; 0 in             ; 0 H/in                 ; 0 F/in                 ; short        ; open          ; open            ; open  ; 0 V                 ; -                  ; n/a           ; n/a             ; n/a         ;
; SDRAM_DQ[14] ; 3.3-V LVTTL  ; 0 in              ; 0 H/in                  ; 0 F/in                  ; short         ; -                   ; open           ; open             ; open   ; 0 in             ; 0 H/in                 ; 0 F/in                 ; short        ; open          ; open            ; open  ; 0 V                 ; -                  ; n/a           ; n/a             ; n/a         ;
; SDRAM_DQ[15] ; 3.3-V LVTTL  ; 0 in              ; 0 H/in                  ; 0 F/in                  ; short         ; -                   ; open           ; open             ; open   ; 0 in             ; 0 H/in                 ; 0 F/in                 ; short        ; open          ; open            ; open  ; 0 V                 ; -                  ; n/a           ; n/a             ; n/a         ;
; ~ALTERA_TDO~ ; 3.3-V LVTTL  ; 0 in              ; 0 H/in                  ; 0 F/in                  ; short         ; -                   ; open           ; open             ; open   ; 0 in             ; 0 H/in                 ; 0 F/in                 ; short        ; open          ; open            ; open  ; 0 V                 ; -                  ; n/a           ; n/a             ; n/a         ;
+--------------+--------------+-------------------+-------------------------+-------------------------+---------------+---------------------+----------------+------------------+--------+------------------+------------------------+------------------------+--------------+---------------+-----------------+-------+---------------------+--------------------+---------------+-----------------+-------------+


+---------------------------------------------------------------------------------+
; Input Transition Times                                                          ;
+---------------------+-----------------------+-----------------+-----------------+
; Pin                 ; I/O Standard          ; 10-90 Rise Time ; 90-10 Fall Time ;
+---------------------+-----------------------+-----------------+-----------------+
; USER_BTN            ; 3.3 V Schmitt Trigger ; 2640 ps         ; 2640 ps         ;
; SDRAM_DQ[0]         ; 3.3-V LVTTL           ; 2640 ps         ; 2640 ps         ;
; SDRAM_DQ[1]         ; 3.3-V LVTTL           ; 2640 ps         ; 2640 ps         ;
; SDRAM_DQ[2]         ; 3.3-V LVTTL           ; 2640 ps         ; 2640 ps         ;
; SDRAM_DQ[3]         ; 3.3-V LVTTL           ; 2640 ps         ; 2640 ps         ;
; SDRAM_DQ[4]         ; 3.3-V LVTTL           ; 2640 ps         ; 2640 ps         ;
; SDRAM_DQ[5]         ; 3.3-V LVTTL           ; 2640 ps         ; 2640 ps         ;
; SDRAM_DQ[6]         ; 3.3-V LVTTL           ; 2640 ps         ; 2640 ps         ;
; SDRAM_DQ[7]         ; 3.3-V LVTTL           ; 2640 ps         ; 2640 ps         ;
; SDRAM_DQ[8]         ; 3.3-V LVTTL           ; 2640 ps         ; 2640 ps         ;
; SDRAM_DQ[9]         ; 3.3-V LVTTL           ; 2640 ps         ; 2640 ps         ;
; SDRAM_DQ[10]        ; 3.3-V LVTTL           ; 2640 ps         ; 2640 ps         ;
; SDRAM_DQ[11]        ; 3.3-V LVTTL           ; 2640 ps         ; 2640 ps         ;
; SDRAM_DQ[12]        ; 3.3-V LVTTL           ; 2640 ps         ; 2640 ps         ;
; SDRAM_DQ[13]        ; 3.3-V LVTTL           ; 2640 ps         ; 2640 ps         ;
; SDRAM_DQ[14]        ; 3.3-V LVTTL           ; 2640 ps         ; 2640 ps         ;
; SDRAM_DQ[15]        ; 3.3-V LVTTL           ; 2640 ps         ; 2640 ps         ;
; CLK12M              ; 3.3-V LVTTL           ; 2640 ps         ; 2640 ps         ;
; FT2232H_TX          ; 3.3-V LVTTL           ; 2640 ps         ; 2640 ps         ;
; ~ALTERA_TMS~        ; 3.3 V Schmitt Trigger ; 2640 ps         ; 2640 ps         ;
; ~ALTERA_TCK~        ; 3.3 V Schmitt Trigger ; 2640 ps         ; 2640 ps         ;
; ~ALTERA_TDI~        ; 3.3 V Schmitt Trigger ; 2640 ps         ; 2640 ps         ;
; ~ALTERA_CONFIG_SEL~ ; 3.3-V LVTTL           ; 2640 ps         ; 2640 ps         ;
; ~ALTERA_nCONFIG~    ; 3.3 V Schmitt Trigger ; 2640 ps         ; 2640 ps         ;
; ~ALTERA_nSTATUS~    ; 3.3 V Schmitt Trigger ; 2640 ps         ; 2640 ps         ;
; ~ALTERA_CONF_DONE~  ; 3.3 V Schmitt Trigger ; 2640 ps         ; 2640 ps         ;
+---------------------+-----------------------+-----------------+-----------------+


+-------------------------------------------------------------------------------------------------------------------------------------------------------------------------------------------------------------------------------------------------------------------------------------------------------------------------------------------------------------------------------------------------------------------------------------------------------------------------------------------------------------------------------------------------------------------------------------------------------------------------------------------------------------------------------------------+
; Signal Integrity Metrics (Slow 1200mv 0c Model)                                                                                                                                                                                                                                                                                                                                                                                                                                                                                                                                                                                                                                           ;
+--------------+--------------+---------------------+---------------------+------------------------------+------------------------------+---------------------+---------------------+--------------------------------------+--------------------------------------+-----------------------------+-----------------------------+----------------------------+----------------------------+-----------------------------+-----------------------------+--------------------+--------------------+-------------------------------------+-------------------------------------+----------------------------+----------------------------+---------------------------+---------------------------+
; Pin          ; I/O Standard ; Board Delay on Rise ; Board Delay on Fall ; Steady State Voh at FPGA Pin ; Steady State Vol at FPGA Pin ; Voh Max at FPGA Pin ; Vol Min at FPGA Pin ; Ringback Voltage on Rise at FPGA Pin ; Ringback Voltage on Fall at FPGA Pin ; 10-90 Rise Time at FPGA Pin ; 90-10 Fall Time at FPGA Pin ; Monotonic Rise at FPGA Pin ; Monotonic Fall at FPGA Pin ; Steady State Voh at Far-end ; Steady State Vol at Far-end ; Voh Max at Far-end ; Vol Min at Far-end ; Ringback Voltage on Rise at Far-end ; Ringback Voltage on Fall at Far-end ; 10-90 Rise Time at Far-end ; 90-10 Fall Time at Far-end ; Monotonic Rise at Far-end ; Monotonic Fall at Far-end ;
+--------------+--------------+---------------------+---------------------+------------------------------+------------------------------+---------------------+---------------------+--------------------------------------+--------------------------------------+-----------------------------+-----------------------------+----------------------------+----------------------------+-----------------------------+-----------------------------+--------------------+--------------------+-------------------------------------+-------------------------------------+----------------------------+----------------------------+---------------------------+---------------------------+
; LED[0]       ; 3.3-V LVTTL  ; 0 s                 ; 0 s                 ; 3.08 V                       ; 2.08e-08 V                   ; 3.19 V              ; -0.126 V            ; 0.218 V                              ; 0.383 V                              ; 4.51e-10 s                  ; 4.73e-10 s                  ; No                         ; No                         ; 3.08 V                      ; 2.08e-08 V                  ; 3.19 V             ; -0.126 V           ; 0.218 V                             ; 0.383 V                             ; 4.51e-10 s                 ; 4.73e-10 s                 ; No                        ; No                        ;
; LED[1]       ; 3.3-V LVTTL  ; 0 s                 ; 0 s                 ; 3.08 V                       ; 2.08e-08 V                   ; 3.19 V              ; -0.128 V            ; 0.216 V                              ; 0.383 V                              ; 4.51e-10 s                  ; 4.73e-10 s                  ; No                         ; No                         ; 3.08 V                      ; 2.08e-08 V                  ; 3.19 V             ; -0.128 V           ; 0.216 V                             ; 0.383 V                             ; 4.51e-10 s                 ; 4.73e-10 s                 ; No                        ; No                        ;
; LED[2]       ; 3.3-V LVTTL  ; 0 s                 ; 0 s                 ; 3.08 V                       ; 2.08e-08 V                   ; 3.19 V              ; -0.128 V            ; 0.216 V                              ; 0.383 V                              ; 4.51e-10 s                  ; 4.73e-10 s                  ; No                         ; No                         ; 3.08 V                      ; 2.08e-08 V                  ; 3.19 V             ; -0.128 V           ; 0.216 V                             ; 0.383 V                             ; 4.51e-10 s                 ; 4.73e-10 s                 ; No                        ; No                        ;
; LED[3]       ; 3.3-V LVTTL  ; 0 s                 ; 0 s                 ; 3.08 V                       ; 2.08e-08 V                   ; 3.19 V              ; -0.126 V            ; 0.218 V                              ; 0.383 V                              ; 4.51e-10 s                  ; 4.73e-10 s                  ; No                         ; No                         ; 3.08 V                      ; 2.08e-08 V                  ; 3.19 V             ; -0.126 V           ; 0.218 V                             ; 0.383 V                             ; 4.51e-10 s                 ; 4.73e-10 s                 ; No                        ; No                        ;
; LED[4]       ; 3.3-V LVTTL  ; 0 s                 ; 0 s                 ; 3.08 V                       ; 2.08e-08 V                   ; 3.19 V              ; -0.126 V            ; 0.218 V                              ; 0.383 V                              ; 4.51e-10 s                  ; 4.73e-10 s                  ; No                         ; No                         ; 3.08 V                      ; 2.08e-08 V                  ; 3.19 V             ; -0.126 V           ; 0.218 V                             ; 0.383 V                             ; 4.51e-10 s                 ; 4.73e-10 s                 ; No                        ; No                        ;
; LED[5]       ; 3.3-V LVTTL  ; 0 s                 ; 0 s                 ; 3.08 V                       ; 2.08e-08 V                   ; 3.19 V              ; -0.128 V            ; 0.216 V                              ; 0.383 V                              ; 4.51e-10 s                  ; 4.73e-10 s                  ; No                         ; No                         ; 3.08 V                      ; 2.08e-08 V                  ; 3.19 V             ; -0.128 V           ; 0.216 V                             ; 0.383 V                             ; 4.51e-10 s                 ; 4.73e-10 s                 ; No                        ; No                        ;
; LED[6]       ; 3.3-V LVTTL  ; 0 s                 ; 0 s                 ; 3.08 V                       ; 2.08e-08 V                   ; 3.19 V              ; -0.126 V            ; 0.218 V                              ; 0.383 V                              ; 4.51e-10 s                  ; 4.73e-10 s                  ; No                         ; No                         ; 3.08 V                      ; 2.08e-08 V                  ; 3.19 V             ; -0.126 V           ; 0.218 V                             ; 0.383 V                             ; 4.51e-10 s                 ; 4.73e-10 s                 ; No                        ; No                        ;
; LED[7]       ; 3.3-V LVTTL  ; 0 s                 ; 0 s                 ; 3.08 V                       ; 2.08e-08 V                   ; 3.19 V              ; -0.126 V            ; 0.218 V                              ; 0.383 V                              ; 4.51e-10 s                  ; 4.73e-10 s                  ; No                         ; No                         ; 3.08 V                      ; 2.08e-08 V                  ; 3.19 V             ; -0.126 V           ; 0.218 V                             ; 0.383 V                             ; 4.51e-10 s                 ; 4.73e-10 s                 ; No                        ; No                        ;
; SDRAM_A[0]   ; 3.3-V LVTTL  ; 0 s                 ; 0 s                 ; 3.08 V                       ; 2.08e-08 V                   ; 3.18 V              ; -0.116 V            ; 0.266 V                              ; 0.229 V                              ; 4.69e-10 s                  ; 6.38e-10 s                  ; No                         ; No                         ; 3.08 V                      ; 2.08e-08 V                  ; 3.18 V             ; -0.116 V           ; 0.266 V                             ; 0.229 V                             ; 4.69e-10 s                 ; 6.38e-10 s                 ; No                        ; No                        ;
; SDRAM_A[1]   ; 3.3-V LVTTL  ; 0 s                 ; 0 s                 ; 3.08 V                       ; 2.08e-08 V                   ; 3.19 V              ; -0.126 V            ; 0.218 V                              ; 0.383 V                              ; 4.51e-10 s                  ; 4.73e-10 s                  ; No                         ; No                         ; 3.08 V                      ; 2.08e-08 V                  ; 3.19 V             ; -0.126 V           ; 0.218 V                             ; 0.383 V                             ; 4.51e-10 s                 ; 4.73e-10 s                 ; No                        ; No                        ;
; SDRAM_A[2]   ; 3.3-V LVTTL  ; 0 s                 ; 0 s                 ; 3.08 V                       ; 2.08e-08 V                   ; 3.19 V              ; -0.126 V            ; 0.218 V                              ; 0.383 V                              ; 4.51e-10 s                  ; 4.73e-10 s                  ; No                         ; No                         ; 3.08 V                      ; 2.08e-08 V                  ; 3.19 V             ; -0.126 V           ; 0.218 V                             ; 0.383 V                             ; 4.51e-10 s                 ; 4.73e-10 s                 ; No                        ; No                        ;
; SDRAM_A[3]   ; 3.3-V LVTTL  ; 0 s                 ; 0 s                 ; 3.08 V                       ; 2.07e-08 V                   ; 3.18 V              ; -0.115 V            ; 0.266 V                              ; 0.229 V                              ; 4.69e-10 s                  ; 6.38e-10 s                  ; No                         ; No                         ; 3.08 V                      ; 2.07e-08 V                  ; 3.18 V             ; -0.115 V           ; 0.266 V                             ; 0.229 V                             ; 4.69e-10 s                 ; 6.38e-10 s                 ; No                        ; No                        ;
; SDRAM_A[4]   ; 3.3-V LVTTL  ; 0 s                 ; 0 s                 ; 3.08 V                       ; 2.08e-08 V                   ; 3.19 V              ; -0.128 V            ; 0.216 V                              ; 0.383 V                              ; 4.51e-10 s                  ; 4.73e-10 s                  ; No                         ; No                         ; 3.08 V                      ; 2.08e-08 V                  ; 3.19 V             ; -0.128 V           ; 0.216 V                             ; 0.383 V                             ; 4.51e-10 s                 ; 4.73e-10 s                 ; No                        ; No                        ;
; SDRAM_A[5]   ; 3.3-V LVTTL  ; 0 s                 ; 0 s                 ; 3.08 V                       ; 2.07e-08 V                   ; 3.18 V              ; -0.115 V            ; 0.266 V                              ; 0.229 V                              ; 4.69e-10 s                  ; 6.38e-10 s                  ; No                         ; No                         ; 3.08 V                      ; 2.07e-08 V                  ; 3.18 V             ; -0.115 V           ; 0.266 V                             ; 0.229 V                             ; 4.69e-10 s                 ; 6.38e-10 s                 ; No                        ; No                        ;
; SDRAM_A[6]   ; 3.3-V LVTTL  ; 0 s                 ; 0 s                 ; 3.08 V                       ; 2.08e-08 V                   ; 3.19 V              ; -0.126 V            ; 0.218 V                              ; 0.383 V                              ; 4.51e-10 s                  ; 4.73e-10 s                  ; No                         ; No                         ; 3.08 V                      ; 2.08e-08 V                  ; 3.19 V             ; -0.126 V           ; 0.218 V                             ; 0.383 V                             ; 4.51e-10 s                 ; 4.73e-10 s                 ; No                        ; No                        ;
; SDRAM_A[7]   ; 3.3-V LVTTL  ; 0 s                 ; 0 s                 ; 3.08 V                       ; 2.08e-08 V                   ; 3.18 V              ; -0.116 V            ; 0.266 V                              ; 0.229 V                              ; 4.69e-10 s                  ; 6.38e-10 s                  ; No                         ; No                         ; 3.08 V                      ; 2.08e-08 V                  ; 3.18 V             ; -0.116 V           ; 0.266 V                             ; 0.229 V                             ; 4.69e-10 s                 ; 6.38e-10 s                 ; No                        ; No                        ;
; SDRAM_A[8]   ; 3.3-V LVTTL  ; 0 s                 ; 0 s                 ; 3.08 V                       ; 2.07e-08 V                   ; 3.18 V              ; -0.115 V            ; 0.266 V                              ; 0.229 V                              ; 4.69e-10 s                  ; 6.38e-10 s                  ; No                         ; No                         ; 3.08 V                      ; 2.07e-08 V                  ; 3.18 V             ; -0.115 V           ; 0.266 V                             ; 0.229 V                             ; 4.69e-10 s                 ; 6.38e-10 s                 ; No                        ; No                        ;
; SDRAM_A[9]   ; 3.3-V LVTTL  ; 0 s                 ; 0 s                 ; 3.08 V                       ; 2.08e-08 V                   ; 3.19 V              ; -0.126 V            ; 0.218 V                              ; 0.383 V                              ; 4.51e-10 s                  ; 4.73e-10 s                  ; No                         ; No                         ; 3.08 V                      ; 2.08e-08 V                  ; 3.19 V             ; -0.126 V           ; 0.218 V                             ; 0.383 V                             ; 4.51e-10 s                 ; 4.73e-10 s                 ; No                        ; No                        ;
; SDRAM_A[10]  ; 3.3-V LVTTL  ; 0 s                 ; 0 s                 ; 3.08 V                       ; 2.08e-08 V                   ; 3.19 V              ; -0.128 V            ; 0.216 V                              ; 0.383 V                              ; 4.51e-10 s                  ; 4.73e-10 s                  ; No                         ; No                         ; 3.08 V                      ; 2.08e-08 V                  ; 3.19 V             ; -0.128 V           ; 0.216 V                             ; 0.383 V                             ; 4.51e-10 s                 ; 4.73e-10 s                 ; No                        ; No                        ;
; SDRAM_A[11]  ; 3.3-V LVTTL  ; 0 s                 ; 0 s                 ; 3.08 V                       ; 2.07e-08 V                   ; 3.18 V              ; -0.115 V            ; 0.266 V                              ; 0.229 V                              ; 4.69e-10 s                  ; 6.38e-10 s                  ; No                         ; No                         ; 3.08 V                      ; 2.07e-08 V                  ; 3.18 V             ; -0.115 V           ; 0.266 V                             ; 0.229 V                             ; 4.69e-10 s                 ; 6.38e-10 s                 ; No                        ; No                        ;
; SDRAM_BA[0]  ; 3.3-V LVTTL  ; 0 s                 ; 0 s                 ; 3.08 V                       ; 2.07e-08 V                   ; 3.18 V              ; -0.115 V            ; 0.266 V                              ; 0.229 V                              ; 4.69e-10 s                  ; 6.38e-10 s                  ; No                         ; No                         ; 3.08 V                      ; 2.07e-08 V                  ; 3.18 V             ; -0.115 V           ; 0.266 V                             ; 0.229 V                             ; 4.69e-10 s                 ; 6.38e-10 s                 ; No                        ; No                        ;
; SDRAM_BA[1]  ; 3.3-V LVTTL  ; 0 s                 ; 0 s                 ; 3.08 V                       ; 2.08e-08 V                   ; 3.18 V              ; -0.116 V            ; 0.266 V                              ; 0.229 V                              ; 4.69e-10 s                  ; 6.38e-10 s                  ; No                         ; No                         ; 3.08 V                      ; 2.08e-08 V                  ; 3.18 V             ; -0.116 V           ; 0.266 V                             ; 0.229 V                             ; 4.69e-10 s                 ; 6.38e-10 s                 ; No                        ; No                        ;
; SDRAM_CLK    ; 3.3-V LVTTL  ; 0 s                 ; 0 s                 ; 3.08 V                       ; 2.08e-08 V                   ; 3.19 V              ; -0.126 V            ; 0.218 V                              ; 0.383 V                              ; 4.51e-10 s                  ; 4.73e-10 s                  ; No                         ; No                         ; 3.08 V                      ; 2.08e-08 V                  ; 3.19 V             ; -0.126 V           ; 0.218 V                             ; 0.383 V                             ; 4.51e-10 s                 ; 4.73e-10 s                 ; No                        ; No                        ;
; SDRAM_CKE    ; 3.3-V LVTTL  ; 0 s                 ; 0 s                 ; 3.08 V                       ; 2.08e-08 V                   ; 3.19 V              ; -0.128 V            ; 0.216 V                              ; 0.383 V                              ; 4.51e-10 s                  ; 4.73e-10 s                  ; No                         ; No                         ; 3.08 V                      ; 2.08e-08 V                  ; 3.19 V             ; -0.128 V           ; 0.216 V                             ; 0.383 V                             ; 4.51e-10 s                 ; 4.73e-10 s                 ; No                        ; No                        ;
; SDRAM_CAS    ; 3.3-V LVTTL  ; 0 s                 ; 0 s                 ; 3.08 V                       ; 2.08e-08 V                   ; 3.19 V              ; -0.128 V            ; 0.216 V                              ; 0.383 V                              ; 4.51e-10 s                  ; 4.73e-10 s                  ; No                         ; No                         ; 3.08 V                      ; 2.08e-08 V                  ; 3.19 V             ; -0.128 V           ; 0.216 V                             ; 0.383 V                             ; 4.51e-10 s                 ; 4.73e-10 s                 ; No                        ; No                        ;
; SDRAM_CS     ; 3.3-V LVTTL  ; 0 s                 ; 0 s                 ; 3.08 V                       ; 2.08e-08 V                   ; 3.19 V              ; -0.128 V            ; 0.216 V                              ; 0.383 V                              ; 4.51e-10 s                  ; 4.73e-10 s                  ; No                         ; No                         ; 3.08 V                      ; 2.08e-08 V                  ; 3.19 V             ; -0.128 V           ; 0.216 V                             ; 0.383 V                             ; 4.51e-10 s                 ; 4.73e-10 s                 ; No                        ; No                        ;
; SDRAM_RAS    ; 3.3-V LVTTL  ; 0 s                 ; 0 s                 ; 3.08 V                       ; 2.08e-08 V                   ; 3.18 V              ; -0.116 V            ; 0.266 V                              ; 0.229 V                              ; 4.69e-10 s                  ; 6.38e-10 s                  ; No                         ; No                         ; 3.08 V                      ; 2.08e-08 V                  ; 3.18 V             ; -0.116 V           ; 0.266 V                             ; 0.229 V                             ; 4.69e-10 s                 ; 6.38e-10 s                 ; No                        ; No                        ;
; SDRAM_WE     ; 3.3-V LVTTL  ; 0 s                 ; 0 s                 ; 3.08 V                       ; 2.08e-08 V                   ; 3.18 V              ; -0.116 V            ; 0.266 V                              ; 0.229 V                              ; 4.69e-10 s                  ; 6.38e-10 s                  ; No                         ; No                         ; 3.08 V                      ; 2.08e-08 V                  ; 3.18 V             ; -0.116 V           ; 0.266 V                             ; 0.229 V                             ; 4.69e-10 s                 ; 6.38e-10 s                 ; No                        ; No                        ;
; SDRAM_DQM[0] ; 3.3-V LVTTL  ; 0 s                 ; 0 s                 ; 3.08 V                       ; 2.08e-08 V                   ; 3.19 V              ; -0.128 V            ; 0.216 V                              ; 0.383 V                              ; 4.51e-10 s                  ; 4.73e-10 s                  ; No                         ; No                         ; 3.08 V                      ; 2.08e-08 V                  ; 3.19 V             ; -0.128 V           ; 0.216 V                             ; 0.383 V                             ; 4.51e-10 s                 ; 4.73e-10 s                 ; No                        ; No                        ;
; SDRAM_DQM[1] ; 3.3-V LVTTL  ; 0 s                 ; 0 s                 ; 3.08 V                       ; 2.08e-08 V                   ; 3.19 V              ; -0.126 V            ; 0.218 V                              ; 0.383 V                              ; 4.51e-10 s                  ; 4.73e-10 s                  ; No                         ; No                         ; 3.08 V                      ; 2.08e-08 V                  ; 3.19 V             ; -0.126 V           ; 0.218 V                             ; 0.383 V                             ; 4.51e-10 s                 ; 4.73e-10 s                 ; No                        ; No                        ;
; FT2232H_RX   ; 3.3-V LVTTL  ; 0 s                 ; 0 s                 ; 3.08 V                       ; 2.08e-08 V                   ; 3.19 V              ; -0.128 V            ; 0.216 V                              ; 0.383 V                              ; 4.51e-10 s                  ; 4.73e-10 s                  ; No                         ; No                         ; 3.08 V                      ; 2.08e-08 V                  ; 3.19 V             ; -0.128 V           ; 0.216 V                             ; 0.383 V                             ; 4.51e-10 s                 ; 4.73e-10 s                 ; No                        ; No                        ;
; SDRAM_DQ[0]  ; 3.3-V LVTTL  ; 0 s                 ; 0 s                 ; 3.08 V                       ; 2.08e-08 V                   ; 3.19 V              ; -0.128 V            ; 0.216 V                              ; 0.383 V                              ; 4.51e-10 s                  ; 4.73e-10 s                  ; No                         ; No                         ; 3.08 V                      ; 2.08e-08 V                  ; 3.19 V             ; -0.128 V           ; 0.216 V                             ; 0.383 V                             ; 4.51e-10 s                 ; 4.73e-10 s                 ; No                        ; No                        ;
; SDRAM_DQ[1]  ; 3.3-V LVTTL  ; 0 s                 ; 0 s                 ; 3.08 V                       ; 2.08e-08 V                   ; 3.19 V              ; -0.128 V            ; 0.216 V                              ; 0.383 V                              ; 4.51e-10 s                  ; 4.73e-10 s                  ; No                         ; No                         ; 3.08 V                      ; 2.08e-08 V                  ; 3.19 V             ; -0.128 V           ; 0.216 V                             ; 0.383 V                             ; 4.51e-10 s                 ; 4.73e-10 s                 ; No                        ; No                        ;
; SDRAM_DQ[2]  ; 3.3-V LVTTL  ; 0 s                 ; 0 s                 ; 3.08 V                       ; 2.08e-08 V                   ; 3.19 V              ; -0.128 V            ; 0.216 V                              ; 0.383 V                              ; 4.51e-10 s                  ; 4.73e-10 s                  ; No                         ; No                         ; 3.08 V                      ; 2.08e-08 V                  ; 3.19 V             ; -0.128 V           ; 0.216 V                             ; 0.383 V                             ; 4.51e-10 s                 ; 4.73e-10 s                 ; No                        ; No                        ;
; SDRAM_DQ[3]  ; 3.3-V LVTTL  ; 0 s                 ; 0 s                 ; 3.08 V                       ; 2.08e-08 V                   ; 3.19 V              ; -0.126 V            ; 0.218 V                              ; 0.383 V                              ; 4.51e-10 s                  ; 4.73e-10 s                  ; No                         ; No                         ; 3.08 V                      ; 2.08e-08 V                  ; 3.19 V             ; -0.126 V           ; 0.218 V                             ; 0.383 V                             ; 4.51e-10 s                 ; 4.73e-10 s                 ; No                        ; No                        ;
; SDRAM_DQ[4]  ; 3.3-V LVTTL  ; 0 s                 ; 0 s                 ; 3.08 V                       ; 2.08e-08 V                   ; 3.19 V              ; -0.126 V            ; 0.218 V                              ; 0.383 V                              ; 4.51e-10 s                  ; 4.73e-10 s                  ; No                         ; No                         ; 3.08 V                      ; 2.08e-08 V                  ; 3.19 V             ; -0.126 V           ; 0.218 V                             ; 0.383 V                             ; 4.51e-10 s                 ; 4.73e-10 s                 ; No                        ; No                        ;
; SDRAM_DQ[5]  ; 3.3-V LVTTL  ; 0 s                 ; 0 s                 ; 3.08 V                       ; 2.08e-08 V                   ; 3.19 V              ; -0.128 V            ; 0.216 V                              ; 0.383 V                              ; 4.51e-10 s                  ; 4.73e-10 s                  ; No                         ; No                         ; 3.08 V                      ; 2.08e-08 V                  ; 3.19 V             ; -0.128 V           ; 0.216 V                             ; 0.383 V                             ; 4.51e-10 s                 ; 4.73e-10 s                 ; No                        ; No                        ;
; SDRAM_DQ[6]  ; 3.3-V LVTTL  ; 0 s                 ; 0 s                 ; 3.08 V                       ; 2.08e-08 V                   ; 3.19 V              ; -0.126 V            ; 0.218 V                              ; 0.383 V                              ; 4.51e-10 s                  ; 4.73e-10 s                  ; No                         ; No                         ; 3.08 V                      ; 2.08e-08 V                  ; 3.19 V             ; -0.126 V           ; 0.218 V                             ; 0.383 V                             ; 4.51e-10 s                 ; 4.73e-10 s                 ; No                        ; No                        ;
; SDRAM_DQ[7]  ; 3.3-V LVTTL  ; 0 s                 ; 0 s                 ; 3.08 V                       ; 2.08e-08 V                   ; 3.19 V              ; -0.126 V            ; 0.218 V                              ; 0.383 V                              ; 4.51e-10 s                  ; 4.73e-10 s                  ; No                         ; No                         ; 3.08 V                      ; 2.08e-08 V                  ; 3.19 V             ; -0.126 V           ; 0.218 V                             ; 0.383 V                             ; 4.51e-10 s                 ; 4.73e-10 s                 ; No                        ; No                        ;
; SDRAM_DQ[8]  ; 3.3-V LVTTL  ; 0 s                 ; 0 s                 ; 3.08 V                       ; 2.08e-08 V                   ; 3.19 V              ; -0.126 V            ; 0.218 V                              ; 0.383 V                              ; 4.51e-10 s                  ; 4.73e-10 s                  ; No                         ; No                         ; 3.08 V                      ; 2.08e-08 V                  ; 3.19 V             ; -0.126 V           ; 0.218 V                             ; 0.383 V                             ; 4.51e-10 s                 ; 4.73e-10 s                 ; No                        ; No                        ;
; SDRAM_DQ[9]  ; 3.3-V LVTTL  ; 0 s                 ; 0 s                 ; 3.08 V                       ; 2.08e-08 V                   ; 3.19 V              ; -0.128 V            ; 0.216 V                              ; 0.383 V                              ; 4.51e-10 s                  ; 4.73e-10 s                  ; No                         ; No                         ; 3.08 V                      ; 2.08e-08 V                  ; 3.19 V             ; -0.128 V           ; 0.216 V                             ; 0.383 V                             ; 4.51e-10 s                 ; 4.73e-10 s                 ; No                        ; No                        ;
; SDRAM_DQ[10] ; 3.3-V LVTTL  ; 0 s                 ; 0 s                 ; 3.08 V                       ; 2.08e-08 V                   ; 3.19 V              ; -0.128 V            ; 0.216 V                              ; 0.383 V                              ; 4.51e-10 s                  ; 4.73e-10 s                  ; No                         ; No                         ; 3.08 V                      ; 2.08e-08 V                  ; 3.19 V             ; -0.128 V           ; 0.216 V                             ; 0.383 V                             ; 4.51e-10 s                 ; 4.73e-10 s                 ; No                        ; No                        ;
; SDRAM_DQ[11] ; 3.3-V LVTTL  ; 0 s                 ; 0 s                 ; 3.08 V                       ; 2.08e-08 V                   ; 3.19 V              ; -0.126 V            ; 0.218 V                              ; 0.383 V                              ; 4.51e-10 s                  ; 4.73e-10 s                  ; No                         ; No                         ; 3.08 V                      ; 2.08e-08 V                  ; 3.19 V             ; -0.126 V           ; 0.218 V                             ; 0.383 V                             ; 4.51e-10 s                 ; 4.73e-10 s                 ; No                        ; No                        ;
; SDRAM_DQ[12] ; 3.3-V LVTTL  ; 0 s                 ; 0 s                 ; 3.08 V                       ; 2.08e-08 V                   ; 3.19 V              ; -0.126 V            ; 0.218 V                              ; 0.383 V                              ; 4.51e-10 s                  ; 4.73e-10 s                  ; No                         ; No                         ; 3.08 V                      ; 2.08e-08 V                  ; 3.19 V             ; -0.126 V           ; 0.218 V                             ; 0.383 V                             ; 4.51e-10 s                 ; 4.73e-10 s                 ; No                        ; No                        ;
; SDRAM_DQ[13] ; 3.3-V LVTTL  ; 0 s                 ; 0 s                 ; 3.08 V                       ; 2.08e-08 V                   ; 3.19 V              ; -0.126 V            ; 0.218 V                              ; 0.383 V                              ; 4.51e-10 s                  ; 4.73e-10 s                  ; No                         ; No                         ; 3.08 V                      ; 2.08e-08 V                  ; 3.19 V             ; -0.126 V           ; 0.218 V                             ; 0.383 V                             ; 4.51e-10 s                 ; 4.73e-10 s                 ; No                        ; No                        ;
; SDRAM_DQ[14] ; 3.3-V LVTTL  ; 0 s                 ; 0 s                 ; 3.08 V                       ; 2.08e-08 V                   ; 3.19 V              ; -0.126 V            ; 0.218 V                              ; 0.383 V                              ; 4.51e-10 s                  ; 4.73e-10 s                  ; No                         ; No                         ; 3.08 V                      ; 2.08e-08 V                  ; 3.19 V             ; -0.126 V           ; 0.218 V                             ; 0.383 V                             ; 4.51e-10 s                 ; 4.73e-10 s                 ; No                        ; No                        ;
; SDRAM_DQ[15] ; 3.3-V LVTTL  ; 0 s                 ; 0 s                 ; 3.08 V                       ; 2.08e-08 V                   ; 3.19 V              ; -0.128 V            ; 0.216 V                              ; 0.383 V                              ; 4.51e-10 s                  ; 4.73e-10 s                  ; No                         ; No                         ; 3.08 V                      ; 2.08e-08 V                  ; 3.19 V             ; -0.128 V           ; 0.216 V                             ; 0.383 V                             ; 4.51e-10 s                 ; 4.73e-10 s                 ; No                        ; No                        ;
; ~ALTERA_TDO~ ; 3.3-V LVTTL  ; 0 s                 ; 0 s                 ; 3.08 V                       ; 2.08e-08 V                   ; 3.19 V              ; -0.126 V            ; 0.218 V                              ; 0.383 V                              ; 4.51e-10 s                  ; 4.73e-10 s                  ; No                         ; No                         ; 3.08 V                      ; 2.08e-08 V                  ; 3.19 V             ; -0.126 V           ; 0.218 V                             ; 0.383 V                             ; 4.51e-10 s                 ; 4.73e-10 s                 ; No                        ; No                        ;
+--------------+--------------+---------------------+---------------------+------------------------------+------------------------------+---------------------+---------------------+--------------------------------------+--------------------------------------+-----------------------------+-----------------------------+----------------------------+----------------------------+-----------------------------+-----------------------------+--------------------+--------------------+-------------------------------------+-------------------------------------+----------------------------+----------------------------+---------------------------+---------------------------+


+-------------------------------------------------------------------------------------------------------------------------------------------------------------------------------------------------------------------------------------------------------------------------------------------------------------------------------------------------------------------------------------------------------------------------------------------------------------------------------------------------------------------------------------------------------------------------------------------------------------------------------------------------------------------------------------------+
; Signal Integrity Metrics (Slow 1200mv 85c Model)                                                                                                                                                                                                                                                                                                                                                                                                                                                                                                                                                                                                                                          ;
+--------------+--------------+---------------------+---------------------+------------------------------+------------------------------+---------------------+---------------------+--------------------------------------+--------------------------------------+-----------------------------+-----------------------------+----------------------------+----------------------------+-----------------------------+-----------------------------+--------------------+--------------------+-------------------------------------+-------------------------------------+----------------------------+----------------------------+---------------------------+---------------------------+
; Pin          ; I/O Standard ; Board Delay on Rise ; Board Delay on Fall ; Steady State Voh at FPGA Pin ; Steady State Vol at FPGA Pin ; Voh Max at FPGA Pin ; Vol Min at FPGA Pin ; Ringback Voltage on Rise at FPGA Pin ; Ringback Voltage on Fall at FPGA Pin ; 10-90 Rise Time at FPGA Pin ; 90-10 Fall Time at FPGA Pin ; Monotonic Rise at FPGA Pin ; Monotonic Fall at FPGA Pin ; Steady State Voh at Far-end ; Steady State Vol at Far-end ; Voh Max at Far-end ; Vol Min at Far-end ; Ringback Voltage on Rise at Far-end ; Ringback Voltage on Fall at Far-end ; 10-90 Rise Time at Far-end ; 90-10 Fall Time at Far-end ; Monotonic Rise at Far-end ; Monotonic Fall at Far-end ;
+--------------+--------------+---------------------+---------------------+------------------------------+------------------------------+---------------------+---------------------+--------------------------------------+--------------------------------------+-----------------------------+-----------------------------+----------------------------+----------------------------+-----------------------------+-----------------------------+--------------------+--------------------+-------------------------------------+-------------------------------------+----------------------------+----------------------------+---------------------------+---------------------------+
; LED[0]       ; 3.3-V LVTTL  ; 0 s                 ; 0 s                 ; 3.08 V                       ; 1.3e-06 V                    ; 3.15 V              ; -0.0682 V           ; 0.279 V                              ; 0.237 V                              ; 4.81e-10 s                  ; 6.4e-10 s                   ; Yes                        ; No                         ; 3.08 V                      ; 1.3e-06 V                   ; 3.15 V             ; -0.0682 V          ; 0.279 V                             ; 0.237 V                             ; 4.81e-10 s                 ; 6.4e-10 s                  ; Yes                       ; No                        ;
; LED[1]       ; 3.3-V LVTTL  ; 0 s                 ; 0 s                 ; 3.08 V                       ; 1.3e-06 V                    ; 3.15 V              ; -0.0684 V           ; 0.28 V                               ; 0.237 V                              ; 4.81e-10 s                  ; 6.4e-10 s                   ; Yes                        ; No                         ; 3.08 V                      ; 1.3e-06 V                   ; 3.15 V             ; -0.0684 V          ; 0.28 V                              ; 0.237 V                             ; 4.81e-10 s                 ; 6.4e-10 s                  ; Yes                       ; No                        ;
; LED[2]       ; 3.3-V LVTTL  ; 0 s                 ; 0 s                 ; 3.08 V                       ; 1.3e-06 V                    ; 3.15 V              ; -0.0684 V           ; 0.28 V                               ; 0.237 V                              ; 4.81e-10 s                  ; 6.4e-10 s                   ; Yes                        ; No                         ; 3.08 V                      ; 1.3e-06 V                   ; 3.15 V             ; -0.0684 V          ; 0.28 V                              ; 0.237 V                             ; 4.81e-10 s                 ; 6.4e-10 s                  ; Yes                       ; No                        ;
; LED[3]       ; 3.3-V LVTTL  ; 0 s                 ; 0 s                 ; 3.08 V                       ; 1.3e-06 V                    ; 3.15 V              ; -0.0682 V           ; 0.279 V                              ; 0.237 V                              ; 4.81e-10 s                  ; 6.4e-10 s                   ; Yes                        ; No                         ; 3.08 V                      ; 1.3e-06 V                   ; 3.15 V             ; -0.0682 V          ; 0.279 V                             ; 0.237 V                             ; 4.81e-10 s                 ; 6.4e-10 s                  ; Yes                       ; No                        ;
; LED[4]       ; 3.3-V LVTTL  ; 0 s                 ; 0 s                 ; 3.08 V                       ; 1.3e-06 V                    ; 3.15 V              ; -0.0682 V           ; 0.279 V                              ; 0.237 V                              ; 4.81e-10 s                  ; 6.4e-10 s                   ; Yes                        ; No                         ; 3.08 V                      ; 1.3e-06 V                   ; 3.15 V             ; -0.0682 V          ; 0.279 V                             ; 0.237 V                             ; 4.81e-10 s                 ; 6.4e-10 s                  ; Yes                       ; No                        ;
; LED[5]       ; 3.3-V LVTTL  ; 0 s                 ; 0 s                 ; 3.08 V                       ; 1.3e-06 V                    ; 3.15 V              ; -0.0684 V           ; 0.28 V                               ; 0.237 V                              ; 4.81e-10 s                  ; 6.4e-10 s                   ; Yes                        ; No                         ; 3.08 V                      ; 1.3e-06 V                   ; 3.15 V             ; -0.0684 V          ; 0.28 V                              ; 0.237 V                             ; 4.81e-10 s                 ; 6.4e-10 s                  ; Yes                       ; No                        ;
; LED[6]       ; 3.3-V LVTTL  ; 0 s                 ; 0 s                 ; 3.08 V                       ; 1.3e-06 V                    ; 3.15 V              ; -0.0682 V           ; 0.279 V                              ; 0.237 V                              ; 4.81e-10 s                  ; 6.4e-10 s                   ; Yes                        ; No                         ; 3.08 V                      ; 1.3e-06 V                   ; 3.15 V             ; -0.0682 V          ; 0.279 V                             ; 0.237 V                             ; 4.81e-10 s                 ; 6.4e-10 s                  ; Yes                       ; No                        ;
; LED[7]       ; 3.3-V LVTTL  ; 0 s                 ; 0 s                 ; 3.08 V                       ; 1.3e-06 V                    ; 3.15 V              ; -0.0682 V           ; 0.279 V                              ; 0.237 V                              ; 4.81e-10 s                  ; 6.4e-10 s                   ; Yes                        ; No                         ; 3.08 V                      ; 1.3e-06 V                   ; 3.15 V             ; -0.0682 V          ; 0.279 V                             ; 0.237 V                             ; 4.81e-10 s                 ; 6.4e-10 s                  ; Yes                       ; No                        ;
; SDRAM_A[0]   ; 3.3-V LVTTL  ; 0 s                 ; 0 s                 ; 3.08 V                       ; 1.3e-06 V                    ; 3.15 V              ; -0.0638 V           ; 0.177 V                              ; 0.312 V                              ; 6.42e-10 s                  ; 6.7e-10 s                   ; No                         ; No                         ; 3.08 V                      ; 1.3e-06 V                   ; 3.15 V             ; -0.0638 V          ; 0.177 V                             ; 0.312 V                             ; 6.42e-10 s                 ; 6.7e-10 s                  ; No                        ; No                        ;
; SDRAM_A[1]   ; 3.3-V LVTTL  ; 0 s                 ; 0 s                 ; 3.08 V                       ; 1.3e-06 V                    ; 3.15 V              ; -0.0682 V           ; 0.279 V                              ; 0.237 V                              ; 4.81e-10 s                  ; 6.4e-10 s                   ; Yes                        ; No                         ; 3.08 V                      ; 1.3e-06 V                   ; 3.15 V             ; -0.0682 V          ; 0.279 V                             ; 0.237 V                             ; 4.81e-10 s                 ; 6.4e-10 s                  ; Yes                       ; No                        ;
; SDRAM_A[2]   ; 3.3-V LVTTL  ; 0 s                 ; 0 s                 ; 3.08 V                       ; 1.3e-06 V                    ; 3.15 V              ; -0.0682 V           ; 0.279 V                              ; 0.237 V                              ; 4.81e-10 s                  ; 6.4e-10 s                   ; Yes                        ; No                         ; 3.08 V                      ; 1.3e-06 V                   ; 3.15 V             ; -0.0682 V          ; 0.279 V                             ; 0.237 V                             ; 4.81e-10 s                 ; 6.4e-10 s                  ; Yes                       ; No                        ;
; SDRAM_A[3]   ; 3.3-V LVTTL  ; 0 s                 ; 0 s                 ; 3.08 V                       ; 1.3e-06 V                    ; 3.15 V              ; -0.0624 V           ; 0.177 V                              ; 0.312 V                              ; 6.42e-10 s                  ; 6.7e-10 s                   ; No                         ; No                         ; 3.08 V                      ; 1.3e-06 V                   ; 3.15 V             ; -0.0624 V          ; 0.177 V                             ; 0.312 V                             ; 6.42e-10 s                 ; 6.7e-10 s                  ; No                        ; No                        ;
; SDRAM_A[4]   ; 3.3-V LVTTL  ; 0 s                 ; 0 s                 ; 3.08 V                       ; 1.3e-06 V                    ; 3.15 V              ; -0.0684 V           ; 0.28 V                               ; 0.237 V                              ; 4.81e-10 s                  ; 6.4e-10 s                   ; Yes                        ; No                         ; 3.08 V                      ; 1.3e-06 V                   ; 3.15 V             ; -0.0684 V          ; 0.28 V                              ; 0.237 V                             ; 4.81e-10 s                 ; 6.4e-10 s                  ; Yes                       ; No                        ;
; SDRAM_A[5]   ; 3.3-V LVTTL  ; 0 s                 ; 0 s                 ; 3.08 V                       ; 1.3e-06 V                    ; 3.15 V              ; -0.0624 V           ; 0.177 V                              ; 0.312 V                              ; 6.42e-10 s                  ; 6.7e-10 s                   ; No                         ; No                         ; 3.08 V                      ; 1.3e-06 V                   ; 3.15 V             ; -0.0624 V          ; 0.177 V                             ; 0.312 V                             ; 6.42e-10 s                 ; 6.7e-10 s                  ; No                        ; No                        ;
; SDRAM_A[6]   ; 3.3-V LVTTL  ; 0 s                 ; 0 s                 ; 3.08 V                       ; 1.3e-06 V                    ; 3.15 V              ; -0.0682 V           ; 0.279 V                              ; 0.237 V                              ; 4.81e-10 s                  ; 6.4e-10 s                   ; Yes                        ; No                         ; 3.08 V                      ; 1.3e-06 V                   ; 3.15 V             ; -0.0682 V          ; 0.279 V                             ; 0.237 V                             ; 4.81e-10 s                 ; 6.4e-10 s                  ; Yes                       ; No                        ;
; SDRAM_A[7]   ; 3.3-V LVTTL  ; 0 s                 ; 0 s                 ; 3.08 V                       ; 1.3e-06 V                    ; 3.15 V              ; -0.0638 V           ; 0.177 V                              ; 0.312 V                              ; 6.42e-10 s                  ; 6.7e-10 s                   ; No                         ; No                         ; 3.08 V                      ; 1.3e-06 V                   ; 3.15 V             ; -0.0638 V          ; 0.177 V                             ; 0.312 V                             ; 6.42e-10 s                 ; 6.7e-10 s                  ; No                        ; No                        ;
; SDRAM_A[8]   ; 3.3-V LVTTL  ; 0 s                 ; 0 s                 ; 3.08 V                       ; 1.3e-06 V                    ; 3.15 V              ; -0.0624 V           ; 0.177 V                              ; 0.312 V                              ; 6.42e-10 s                  ; 6.7e-10 s                   ; No                         ; No                         ; 3.08 V                      ; 1.3e-06 V                   ; 3.15 V             ; -0.0624 V          ; 0.177 V                             ; 0.312 V                             ; 6.42e-10 s                 ; 6.7e-10 s                  ; No                        ; No                        ;
; SDRAM_A[9]   ; 3.3-V LVTTL  ; 0 s                 ; 0 s                 ; 3.08 V                       ; 1.3e-06 V                    ; 3.15 V              ; -0.0682 V           ; 0.279 V                              ; 0.237 V                              ; 4.81e-10 s                  ; 6.4e-10 s                   ; Yes                        ; No                         ; 3.08 V                      ; 1.3e-06 V                   ; 3.15 V             ; -0.0682 V          ; 0.279 V                             ; 0.237 V                             ; 4.81e-10 s                 ; 6.4e-10 s                  ; Yes                       ; No                        ;
; SDRAM_A[10]  ; 3.3-V LVTTL  ; 0 s                 ; 0 s                 ; 3.08 V                       ; 1.3e-06 V                    ; 3.15 V              ; -0.0684 V           ; 0.28 V                               ; 0.237 V                              ; 4.81e-10 s                  ; 6.4e-10 s                   ; Yes                        ; No                         ; 3.08 V                      ; 1.3e-06 V                   ; 3.15 V             ; -0.0684 V          ; 0.28 V                              ; 0.237 V                             ; 4.81e-10 s                 ; 6.4e-10 s                  ; Yes                       ; No                        ;
; SDRAM_A[11]  ; 3.3-V LVTTL  ; 0 s                 ; 0 s                 ; 3.08 V                       ; 1.3e-06 V                    ; 3.15 V              ; -0.0624 V           ; 0.177 V                              ; 0.312 V                              ; 6.42e-10 s                  ; 6.7e-10 s                   ; No                         ; No                         ; 3.08 V                      ; 1.3e-06 V                   ; 3.15 V             ; -0.0624 V          ; 0.177 V                             ; 0.312 V                             ; 6.42e-10 s                 ; 6.7e-10 s                  ; No                        ; No                        ;
; SDRAM_BA[0]  ; 3.3-V LVTTL  ; 0 s                 ; 0 s                 ; 3.08 V                       ; 1.3e-06 V                    ; 3.15 V              ; -0.0624 V           ; 0.177 V                              ; 0.312 V                              ; 6.42e-10 s                  ; 6.7e-10 s                   ; No                         ; No                         ; 3.08 V                      ; 1.3e-06 V                   ; 3.15 V             ; -0.0624 V          ; 0.177 V                             ; 0.312 V                             ; 6.42e-10 s                 ; 6.7e-10 s                  ; No                        ; No                        ;
; SDRAM_BA[1]  ; 3.3-V LVTTL  ; 0 s                 ; 0 s                 ; 3.08 V                       ; 1.3e-06 V                    ; 3.15 V              ; -0.0638 V           ; 0.177 V                              ; 0.312 V                              ; 6.42e-10 s                  ; 6.7e-10 s                   ; No                         ; No                         ; 3.08 V                      ; 1.3e-06 V                   ; 3.15 V             ; -0.0638 V          ; 0.177 V                             ; 0.312 V                             ; 6.42e-10 s                 ; 6.7e-10 s                  ; No                        ; No                        ;
; SDRAM_CLK    ; 3.3-V LVTTL  ; 0 s                 ; 0 s                 ; 3.08 V                       ; 1.3e-06 V                    ; 3.15 V              ; -0.0682 V           ; 0.279 V                              ; 0.237 V                              ; 4.81e-10 s                  ; 6.4e-10 s                   ; Yes                        ; No                         ; 3.08 V                      ; 1.3e-06 V                   ; 3.15 V             ; -0.0682 V          ; 0.279 V                             ; 0.237 V                             ; 4.81e-10 s                 ; 6.4e-10 s                  ; Yes                       ; No                        ;
; SDRAM_CKE    ; 3.3-V LVTTL  ; 0 s                 ; 0 s                 ; 3.08 V                       ; 1.3e-06 V                    ; 3.15 V              ; -0.0684 V           ; 0.28 V                               ; 0.237 V                              ; 4.81e-10 s                  ; 6.4e-10 s                   ; Yes                        ; No                         ; 3.08 V                      ; 1.3e-06 V                   ; 3.15 V             ; -0.0684 V          ; 0.28 V                              ; 0.237 V                             ; 4.81e-10 s                 ; 6.4e-10 s                  ; Yes                       ; No                        ;
; SDRAM_CAS    ; 3.3-V LVTTL  ; 0 s                 ; 0 s                 ; 3.08 V                       ; 1.3e-06 V                    ; 3.15 V              ; -0.0684 V           ; 0.28 V                               ; 0.237 V                              ; 4.81e-10 s                  ; 6.4e-10 s                   ; Yes                        ; No                         ; 3.08 V                      ; 1.3e-06 V                   ; 3.15 V             ; -0.0684 V          ; 0.28 V                              ; 0.237 V                             ; 4.81e-10 s                 ; 6.4e-10 s                  ; Yes                       ; No                        ;
; SDRAM_CS     ; 3.3-V LVTTL  ; 0 s                 ; 0 s                 ; 3.08 V                       ; 1.3e-06 V                    ; 3.15 V              ; -0.0684 V           ; 0.28 V                               ; 0.237 V                              ; 4.81e-10 s                  ; 6.4e-10 s                   ; Yes                        ; No                         ; 3.08 V                      ; 1.3e-06 V                   ; 3.15 V             ; -0.0684 V          ; 0.28 V                              ; 0.237 V                             ; 4.81e-10 s                 ; 6.4e-10 s                  ; Yes                       ; No                        ;
; SDRAM_RAS    ; 3.3-V LVTTL  ; 0 s                 ; 0 s                 ; 3.08 V                       ; 1.3e-06 V                    ; 3.15 V              ; -0.0638 V           ; 0.177 V                              ; 0.312 V                              ; 6.42e-10 s                  ; 6.7e-10 s                   ; No                         ; No                         ; 3.08 V                      ; 1.3e-06 V                   ; 3.15 V             ; -0.0638 V          ; 0.177 V                             ; 0.312 V                             ; 6.42e-10 s                 ; 6.7e-10 s                  ; No                        ; No                        ;
; SDRAM_WE     ; 3.3-V LVTTL  ; 0 s                 ; 0 s                 ; 3.08 V                       ; 1.3e-06 V                    ; 3.15 V              ; -0.0638 V           ; 0.177 V                              ; 0.312 V                              ; 6.42e-10 s                  ; 6.7e-10 s                   ; No                         ; No                         ; 3.08 V                      ; 1.3e-06 V                   ; 3.15 V             ; -0.0638 V          ; 0.177 V                             ; 0.312 V                             ; 6.42e-10 s                 ; 6.7e-10 s                  ; No                        ; No                        ;
; SDRAM_DQM[0] ; 3.3-V LVTTL  ; 0 s                 ; 0 s                 ; 3.08 V                       ; 1.3e-06 V                    ; 3.15 V              ; -0.0684 V           ; 0.28 V                               ; 0.237 V                              ; 4.81e-10 s                  ; 6.4e-10 s                   ; Yes                        ; No                         ; 3.08 V                      ; 1.3e-06 V                   ; 3.15 V             ; -0.0684 V          ; 0.28 V                              ; 0.237 V                             ; 4.81e-10 s                 ; 6.4e-10 s                  ; Yes                       ; No                        ;
; SDRAM_DQM[1] ; 3.3-V LVTTL  ; 0 s                 ; 0 s                 ; 3.08 V                       ; 1.3e-06 V                    ; 3.15 V              ; -0.0682 V           ; 0.279 V                              ; 0.237 V                              ; 4.81e-10 s                  ; 6.4e-10 s                   ; Yes                        ; No                         ; 3.08 V                      ; 1.3e-06 V                   ; 3.15 V             ; -0.0682 V          ; 0.279 V                             ; 0.237 V                             ; 4.81e-10 s                 ; 6.4e-10 s                  ; Yes                       ; No                        ;
; FT2232H_RX   ; 3.3-V LVTTL  ; 0 s                 ; 0 s                 ; 3.08 V                       ; 1.3e-06 V                    ; 3.15 V              ; -0.0684 V           ; 0.28 V                               ; 0.237 V                              ; 4.81e-10 s                  ; 6.4e-10 s                   ; Yes                        ; No                         ; 3.08 V                      ; 1.3e-06 V                   ; 3.15 V             ; -0.0684 V          ; 0.28 V                              ; 0.237 V                             ; 4.81e-10 s                 ; 6.4e-10 s                  ; Yes                       ; No                        ;
; SDRAM_DQ[0]  ; 3.3-V LVTTL  ; 0 s                 ; 0 s                 ; 3.08 V                       ; 1.3e-06 V                    ; 3.15 V              ; -0.0684 V           ; 0.28 V                               ; 0.237 V                              ; 4.81e-10 s                  ; 6.4e-10 s                   ; Yes                        ; No                         ; 3.08 V                      ; 1.3e-06 V                   ; 3.15 V             ; -0.0684 V          ; 0.28 V                              ; 0.237 V                             ; 4.81e-10 s                 ; 6.4e-10 s                  ; Yes                       ; No                        ;
; SDRAM_DQ[1]  ; 3.3-V LVTTL  ; 0 s                 ; 0 s                 ; 3.08 V                       ; 1.3e-06 V                    ; 3.15 V              ; -0.0684 V           ; 0.28 V                               ; 0.237 V                              ; 4.81e-10 s                  ; 6.4e-10 s                   ; Yes                        ; No                         ; 3.08 V                      ; 1.3e-06 V                   ; 3.15 V             ; -0.0684 V          ; 0.28 V                              ; 0.237 V                             ; 4.81e-10 s                 ; 6.4e-10 s                  ; Yes                       ; No                        ;
; SDRAM_DQ[2]  ; 3.3-V LVTTL  ; 0 s                 ; 0 s                 ; 3.08 V                       ; 1.3e-06 V                    ; 3.15 V              ; -0.0684 V           ; 0.28 V                               ; 0.237 V                              ; 4.81e-10 s                  ; 6.4e-10 s                   ; Yes                        ; No                         ; 3.08 V                      ; 1.3e-06 V                   ; 3.15 V             ; -0.0684 V          ; 0.28 V                              ; 0.237 V                             ; 4.81e-10 s                 ; 6.4e-10 s                  ; Yes                       ; No                        ;
; SDRAM_DQ[3]  ; 3.3-V LVTTL  ; 0 s                 ; 0 s                 ; 3.08 V                       ; 1.3e-06 V                    ; 3.15 V              ; -0.0682 V           ; 0.279 V                              ; 0.237 V                              ; 4.81e-10 s                  ; 6.4e-10 s                   ; Yes                        ; No                         ; 3.08 V                      ; 1.3e-06 V                   ; 3.15 V             ; -0.0682 V          ; 0.279 V                             ; 0.237 V                             ; 4.81e-10 s                 ; 6.4e-10 s                  ; Yes                       ; No                        ;
; SDRAM_DQ[4]  ; 3.3-V LVTTL  ; 0 s                 ; 0 s                 ; 3.08 V                       ; 1.3e-06 V                    ; 3.15 V              ; -0.0682 V           ; 0.279 V                              ; 0.237 V                              ; 4.81e-10 s                  ; 6.4e-10 s                   ; Yes                        ; No                         ; 3.08 V                      ; 1.3e-06 V                   ; 3.15 V             ; -0.0682 V          ; 0.279 V                             ; 0.237 V                             ; 4.81e-10 s                 ; 6.4e-10 s                  ; Yes                       ; No                        ;
; SDRAM_DQ[5]  ; 3.3-V LVTTL  ; 0 s                 ; 0 s                 ; 3.08 V                       ; 1.3e-06 V                    ; 3.15 V              ; -0.0684 V           ; 0.28 V                               ; 0.237 V                              ; 4.81e-10 s                  ; 6.4e-10 s                   ; Yes                        ; No                         ; 3.08 V                      ; 1.3e-06 V                   ; 3.15 V             ; -0.0684 V          ; 0.28 V                              ; 0.237 V                             ; 4.81e-10 s                 ; 6.4e-10 s                  ; Yes                       ; No                        ;
; SDRAM_DQ[6]  ; 3.3-V LVTTL  ; 0 s                 ; 0 s                 ; 3.08 V                       ; 1.3e-06 V                    ; 3.15 V              ; -0.0682 V           ; 0.279 V                              ; 0.237 V                              ; 4.81e-10 s                  ; 6.4e-10 s                   ; Yes                        ; No                         ; 3.08 V                      ; 1.3e-06 V                   ; 3.15 V             ; -0.0682 V          ; 0.279 V                             ; 0.237 V                             ; 4.81e-10 s                 ; 6.4e-10 s                  ; Yes                       ; No                        ;
; SDRAM_DQ[7]  ; 3.3-V LVTTL  ; 0 s                 ; 0 s                 ; 3.08 V                       ; 1.3e-06 V                    ; 3.15 V              ; -0.0682 V           ; 0.279 V                              ; 0.237 V                              ; 4.81e-10 s                  ; 6.4e-10 s                   ; Yes                        ; No                         ; 3.08 V                      ; 1.3e-06 V                   ; 3.15 V             ; -0.0682 V          ; 0.279 V                             ; 0.237 V                             ; 4.81e-10 s                 ; 6.4e-10 s                  ; Yes                       ; No                        ;
; SDRAM_DQ[8]  ; 3.3-V LVTTL  ; 0 s                 ; 0 s                 ; 3.08 V                       ; 1.3e-06 V                    ; 3.15 V              ; -0.0682 V           ; 0.279 V                              ; 0.237 V                              ; 4.81e-10 s                  ; 6.4e-10 s                   ; Yes                        ; No                         ; 3.08 V                      ; 1.3e-06 V                   ; 3.15 V             ; -0.0682 V          ; 0.279 V                             ; 0.237 V                             ; 4.81e-10 s                 ; 6.4e-10 s                  ; Yes                       ; No                        ;
; SDRAM_DQ[9]  ; 3.3-V LVTTL  ; 0 s                 ; 0 s                 ; 3.08 V                       ; 1.3e-06 V                    ; 3.15 V              ; -0.0684 V           ; 0.28 V                               ; 0.237 V                              ; 4.81e-10 s                  ; 6.4e-10 s                   ; Yes                        ; No                         ; 3.08 V                      ; 1.3e-06 V                   ; 3.15 V             ; -0.0684 V          ; 0.28 V                              ; 0.237 V                             ; 4.81e-10 s                 ; 6.4e-10 s                  ; Yes                       ; No                        ;
; SDRAM_DQ[10] ; 3.3-V LVTTL  ; 0 s                 ; 0 s                 ; 3.08 V                       ; 1.3e-06 V                    ; 3.15 V              ; -0.0684 V           ; 0.28 V                               ; 0.237 V                              ; 4.81e-10 s                  ; 6.4e-10 s                   ; Yes                        ; No                         ; 3.08 V                      ; 1.3e-06 V                   ; 3.15 V             ; -0.0684 V          ; 0.28 V                              ; 0.237 V                             ; 4.81e-10 s                 ; 6.4e-10 s                  ; Yes                       ; No                        ;
; SDRAM_DQ[11] ; 3.3-V LVTTL  ; 0 s                 ; 0 s                 ; 3.08 V                       ; 1.3e-06 V                    ; 3.15 V              ; -0.0682 V           ; 0.279 V                              ; 0.237 V                              ; 4.81e-10 s                  ; 6.4e-10 s                   ; Yes                        ; No                         ; 3.08 V                      ; 1.3e-06 V                   ; 3.15 V             ; -0.0682 V          ; 0.279 V                             ; 0.237 V                             ; 4.81e-10 s                 ; 6.4e-10 s                  ; Yes                       ; No                        ;
; SDRAM_DQ[12] ; 3.3-V LVTTL  ; 0 s                 ; 0 s                 ; 3.08 V                       ; 1.3e-06 V                    ; 3.15 V              ; -0.0682 V           ; 0.279 V                              ; 0.237 V                              ; 4.81e-10 s                  ; 6.4e-10 s                   ; Yes                        ; No                         ; 3.08 V                      ; 1.3e-06 V                   ; 3.15 V             ; -0.0682 V          ; 0.279 V                             ; 0.237 V                             ; 4.81e-10 s                 ; 6.4e-10 s                  ; Yes                       ; No                        ;
; SDRAM_DQ[13] ; 3.3-V LVTTL  ; 0 s                 ; 0 s                 ; 3.08 V                       ; 1.3e-06 V                    ; 3.15 V              ; -0.0682 V           ; 0.279 V                              ; 0.237 V                              ; 4.81e-10 s                  ; 6.4e-10 s                   ; Yes                        ; No                         ; 3.08 V                      ; 1.3e-06 V                   ; 3.15 V             ; -0.0682 V          ; 0.279 V                             ; 0.237 V                             ; 4.81e-10 s                 ; 6.4e-10 s                  ; Yes                       ; No                        ;
; SDRAM_DQ[14] ; 3.3-V LVTTL  ; 0 s                 ; 0 s                 ; 3.08 V                       ; 1.3e-06 V                    ; 3.15 V              ; -0.0682 V           ; 0.279 V                              ; 0.237 V                              ; 4.81e-10 s                  ; 6.4e-10 s                   ; Yes                        ; No                         ; 3.08 V                      ; 1.3e-06 V                   ; 3.15 V             ; -0.0682 V          ; 0.279 V                             ; 0.237 V                             ; 4.81e-10 s                 ; 6.4e-10 s                  ; Yes                       ; No                        ;
; SDRAM_DQ[15] ; 3.3-V LVTTL  ; 0 s                 ; 0 s                 ; 3.08 V                       ; 1.3e-06 V                    ; 3.15 V              ; -0.0684 V           ; 0.28 V                               ; 0.237 V                              ; 4.81e-10 s                  ; 6.4e-10 s                   ; Yes                        ; No                         ; 3.08 V                      ; 1.3e-06 V                   ; 3.15 V             ; -0.0684 V          ; 0.28 V                              ; 0.237 V                             ; 4.81e-10 s                 ; 6.4e-10 s                  ; Yes                       ; No                        ;
; ~ALTERA_TDO~ ; 3.3-V LVTTL  ; 0 s                 ; 0 s                 ; 3.08 V                       ; 1.3e-06 V                    ; 3.15 V              ; -0.0682 V           ; 0.279 V                              ; 0.237 V                              ; 4.81e-10 s                  ; 6.4e-10 s                   ; Yes                        ; No                         ; 3.08 V                      ; 1.3e-06 V                   ; 3.15 V             ; -0.0682 V          ; 0.279 V                             ; 0.237 V                             ; 4.81e-10 s                 ; 6.4e-10 s                  ; Yes                       ; No                        ;
+--------------+--------------+---------------------+---------------------+------------------------------+------------------------------+---------------------+---------------------+--------------------------------------+--------------------------------------+-----------------------------+-----------------------------+----------------------------+----------------------------+-----------------------------+-----------------------------+--------------------+--------------------+-------------------------------------+-------------------------------------+----------------------------+----------------------------+---------------------------+---------------------------+


+-------------------------------------------------------------------------------------------------------------------------------------------------------------------------------------------------------------------------------------------------------------------------------------------------------------------------------------------------------------------------------------------------------------------------------------------------------------------------------------------------------------------------------------------------------------------------------------------------------------------------------------------------------------------------------------------+
; Signal Integrity Metrics (Fast 1200mv 0c Model)                                                                                                                                                                                                                                                                                                                                                                                                                                                                                                                                                                                                                                           ;
+--------------+--------------+---------------------+---------------------+------------------------------+------------------------------+---------------------+---------------------+--------------------------------------+--------------------------------------+-----------------------------+-----------------------------+----------------------------+----------------------------+-----------------------------+-----------------------------+--------------------+--------------------+-------------------------------------+-------------------------------------+----------------------------+----------------------------+---------------------------+---------------------------+
; Pin          ; I/O Standard ; Board Delay on Rise ; Board Delay on Fall ; Steady State Voh at FPGA Pin ; Steady State Vol at FPGA Pin ; Voh Max at FPGA Pin ; Vol Min at FPGA Pin ; Ringback Voltage on Rise at FPGA Pin ; Ringback Voltage on Fall at FPGA Pin ; 10-90 Rise Time at FPGA Pin ; 90-10 Fall Time at FPGA Pin ; Monotonic Rise at FPGA Pin ; Monotonic Fall at FPGA Pin ; Steady State Voh at Far-end ; Steady State Vol at Far-end ; Voh Max at Far-end ; Vol Min at Far-end ; Ringback Voltage on Rise at Far-end ; Ringback Voltage on Fall at Far-end ; 10-90 Rise Time at Far-end ; 90-10 Fall Time at Far-end ; Monotonic Rise at Far-end ; Monotonic Fall at Far-end ;
+--------------+--------------+---------------------+---------------------+------------------------------+------------------------------+---------------------+---------------------+--------------------------------------+--------------------------------------+-----------------------------+-----------------------------+----------------------------+----------------------------+-----------------------------+-----------------------------+--------------------+--------------------+-------------------------------------+-------------------------------------+----------------------------+----------------------------+---------------------------+---------------------------+
; LED[0]       ; 3.3-V LVTTL  ; 0 s                 ; 0 s                 ; 3.46 V                       ; 5.04e-07 V                   ; 3.64 V              ; -0.0201 V           ; 0.391 V                              ; 0.088 V                              ; 2.79e-10 s                  ; 3.95e-10 s                  ; No                         ; Yes                        ; 3.46 V                      ; 5.04e-07 V                  ; 3.64 V             ; -0.0201 V          ; 0.391 V                             ; 0.088 V                             ; 2.79e-10 s                 ; 3.95e-10 s                 ; No                        ; Yes                       ;
; LED[1]       ; 3.3-V LVTTL  ; 0 s                 ; 0 s                 ; 3.46 V                       ; 5.04e-07 V                   ; 3.65 V              ; -0.0209 V           ; 0.391 V                              ; 0.09 V                               ; 2.79e-10 s                  ; 3.95e-10 s                  ; No                         ; Yes                        ; 3.46 V                      ; 5.04e-07 V                  ; 3.65 V             ; -0.0209 V          ; 0.391 V                             ; 0.09 V                              ; 2.79e-10 s                 ; 3.95e-10 s                 ; No                        ; Yes                       ;
; LED[2]       ; 3.3-V LVTTL  ; 0 s                 ; 0 s                 ; 3.46 V                       ; 5.04e-07 V                   ; 3.65 V              ; -0.0209 V           ; 0.391 V                              ; 0.09 V                               ; 2.79e-10 s                  ; 3.95e-10 s                  ; No                         ; Yes                        ; 3.46 V                      ; 5.04e-07 V                  ; 3.65 V             ; -0.0209 V          ; 0.391 V                             ; 0.09 V                              ; 2.79e-10 s                 ; 3.95e-10 s                 ; No                        ; Yes                       ;
; LED[3]       ; 3.3-V LVTTL  ; 0 s                 ; 0 s                 ; 3.46 V                       ; 5.04e-07 V                   ; 3.64 V              ; -0.0201 V           ; 0.391 V                              ; 0.088 V                              ; 2.79e-10 s                  ; 3.95e-10 s                  ; No                         ; Yes                        ; 3.46 V                      ; 5.04e-07 V                  ; 3.64 V             ; -0.0201 V          ; 0.391 V                             ; 0.088 V                             ; 2.79e-10 s                 ; 3.95e-10 s                 ; No                        ; Yes                       ;
; LED[4]       ; 3.3-V LVTTL  ; 0 s                 ; 0 s                 ; 3.46 V                       ; 5.04e-07 V                   ; 3.64 V              ; -0.0201 V           ; 0.391 V                              ; 0.088 V                              ; 2.79e-10 s                  ; 3.95e-10 s                  ; No                         ; Yes                        ; 3.46 V                      ; 5.04e-07 V                  ; 3.64 V             ; -0.0201 V          ; 0.391 V                             ; 0.088 V                             ; 2.79e-10 s                 ; 3.95e-10 s                 ; No                        ; Yes                       ;
; LED[5]       ; 3.3-V LVTTL  ; 0 s                 ; 0 s                 ; 3.46 V                       ; 5.04e-07 V                   ; 3.65 V              ; -0.0209 V           ; 0.391 V                              ; 0.09 V                               ; 2.79e-10 s                  ; 3.95e-10 s                  ; No                         ; Yes                        ; 3.46 V                      ; 5.04e-07 V                  ; 3.65 V             ; -0.0209 V          ; 0.391 V                             ; 0.09 V                              ; 2.79e-10 s                 ; 3.95e-10 s                 ; No                        ; Yes                       ;
; LED[6]       ; 3.3-V LVTTL  ; 0 s                 ; 0 s                 ; 3.46 V                       ; 5.04e-07 V                   ; 3.64 V              ; -0.0201 V           ; 0.391 V                              ; 0.088 V                              ; 2.79e-10 s                  ; 3.95e-10 s                  ; No                         ; Yes                        ; 3.46 V                      ; 5.04e-07 V                  ; 3.64 V             ; -0.0201 V          ; 0.391 V                             ; 0.088 V                             ; 2.79e-10 s                 ; 3.95e-10 s                 ; No                        ; Yes                       ;
; LED[7]       ; 3.3-V LVTTL  ; 0 s                 ; 0 s                 ; 3.46 V                       ; 5.04e-07 V                   ; 3.64 V              ; -0.0201 V           ; 0.391 V                              ; 0.088 V                              ; 2.79e-10 s                  ; 3.95e-10 s                  ; No                         ; Yes                        ; 3.46 V                      ; 5.04e-07 V                  ; 3.64 V             ; -0.0201 V          ; 0.391 V                             ; 0.088 V                             ; 2.79e-10 s                 ; 3.95e-10 s                 ; No                        ; Yes                       ;
; SDRAM_A[0]   ; 3.3-V LVTTL  ; 0 s                 ; 0 s                 ; 3.46 V                       ; 5.04e-07 V                   ; 3.63 V              ; -0.0264 V           ; 0.468 V                              ; 0.142 V                              ; 3.02e-10 s                  ; 4.42e-10 s                  ; No                         ; Yes                        ; 3.46 V                      ; 5.04e-07 V                  ; 3.63 V             ; -0.0264 V          ; 0.468 V                             ; 0.142 V                             ; 3.02e-10 s                 ; 4.42e-10 s                 ; No                        ; Yes                       ;
; SDRAM_A[1]   ; 3.3-V LVTTL  ; 0 s                 ; 0 s                 ; 3.46 V                       ; 5.04e-07 V                   ; 3.64 V              ; -0.0201 V           ; 0.391 V                              ; 0.088 V                              ; 2.79e-10 s                  ; 3.95e-10 s                  ; No                         ; Yes                        ; 3.46 V                      ; 5.04e-07 V                  ; 3.64 V             ; -0.0201 V          ; 0.391 V                             ; 0.088 V                             ; 2.79e-10 s                 ; 3.95e-10 s                 ; No                        ; Yes                       ;
; SDRAM_A[2]   ; 3.3-V LVTTL  ; 0 s                 ; 0 s                 ; 3.46 V                       ; 5.04e-07 V                   ; 3.64 V              ; -0.0201 V           ; 0.391 V                              ; 0.088 V                              ; 2.79e-10 s                  ; 3.95e-10 s                  ; No                         ; Yes                        ; 3.46 V                      ; 5.04e-07 V                  ; 3.64 V             ; -0.0201 V          ; 0.391 V                             ; 0.088 V                             ; 2.79e-10 s                 ; 3.95e-10 s                 ; No                        ; Yes                       ;
; SDRAM_A[3]   ; 3.3-V LVTTL  ; 0 s                 ; 0 s                 ; 3.46 V                       ; 5.04e-07 V                   ; 3.63 V              ; -0.0257 V           ; 0.468 V                              ; 0.138 V                              ; 3.02e-10 s                  ; 4.44e-10 s                  ; No                         ; Yes                        ; 3.46 V                      ; 5.04e-07 V                  ; 3.63 V             ; -0.0257 V          ; 0.468 V                             ; 0.138 V                             ; 3.02e-10 s                 ; 4.44e-10 s                 ; No                        ; Yes                       ;
; SDRAM_A[4]   ; 3.3-V LVTTL  ; 0 s                 ; 0 s                 ; 3.46 V                       ; 5.04e-07 V                   ; 3.65 V              ; -0.0209 V           ; 0.391 V                              ; 0.09 V                               ; 2.79e-10 s                  ; 3.95e-10 s                  ; No                         ; Yes                        ; 3.46 V                      ; 5.04e-07 V                  ; 3.65 V             ; -0.0209 V          ; 0.391 V                             ; 0.09 V                              ; 2.79e-10 s                 ; 3.95e-10 s                 ; No                        ; Yes                       ;
; SDRAM_A[5]   ; 3.3-V LVTTL  ; 0 s                 ; 0 s                 ; 3.46 V                       ; 5.04e-07 V                   ; 3.63 V              ; -0.0257 V           ; 0.468 V                              ; 0.138 V                              ; 3.02e-10 s                  ; 4.44e-10 s                  ; No                         ; Yes                        ; 3.46 V                      ; 5.04e-07 V                  ; 3.63 V             ; -0.0257 V          ; 0.468 V                             ; 0.138 V                             ; 3.02e-10 s                 ; 4.44e-10 s                 ; No                        ; Yes                       ;
; SDRAM_A[6]   ; 3.3-V LVTTL  ; 0 s                 ; 0 s                 ; 3.46 V                       ; 5.04e-07 V                   ; 3.64 V              ; -0.0201 V           ; 0.391 V                              ; 0.088 V                              ; 2.79e-10 s                  ; 3.95e-10 s                  ; No                         ; Yes                        ; 3.46 V                      ; 5.04e-07 V                  ; 3.64 V             ; -0.0201 V          ; 0.391 V                             ; 0.088 V                             ; 2.79e-10 s                 ; 3.95e-10 s                 ; No                        ; Yes                       ;
; SDRAM_A[7]   ; 3.3-V LVTTL  ; 0 s                 ; 0 s                 ; 3.46 V                       ; 5.04e-07 V                   ; 3.63 V              ; -0.0264 V           ; 0.468 V                              ; 0.142 V                              ; 3.02e-10 s                  ; 4.42e-10 s                  ; No                         ; Yes                        ; 3.46 V                      ; 5.04e-07 V                  ; 3.63 V             ; -0.0264 V          ; 0.468 V                             ; 0.142 V                             ; 3.02e-10 s                 ; 4.42e-10 s                 ; No                        ; Yes                       ;
; SDRAM_A[8]   ; 3.3-V LVTTL  ; 0 s                 ; 0 s                 ; 3.46 V                       ; 5.04e-07 V                   ; 3.63 V              ; -0.0257 V           ; 0.468 V                              ; 0.138 V                              ; 3.02e-10 s                  ; 4.44e-10 s                  ; No                         ; Yes                        ; 3.46 V                      ; 5.04e-07 V                  ; 3.63 V             ; -0.0257 V          ; 0.468 V                             ; 0.138 V                             ; 3.02e-10 s                 ; 4.44e-10 s                 ; No                        ; Yes                       ;
; SDRAM_A[9]   ; 3.3-V LVTTL  ; 0 s                 ; 0 s                 ; 3.46 V                       ; 5.04e-07 V                   ; 3.64 V              ; -0.0201 V           ; 0.391 V                              ; 0.088 V                              ; 2.79e-10 s                  ; 3.95e-10 s                  ; No                         ; Yes                        ; 3.46 V                      ; 5.04e-07 V                  ; 3.64 V             ; -0.0201 V          ; 0.391 V                             ; 0.088 V                             ; 2.79e-10 s                 ; 3.95e-10 s                 ; No                        ; Yes                       ;
; SDRAM_A[10]  ; 3.3-V LVTTL  ; 0 s                 ; 0 s                 ; 3.46 V                       ; 5.04e-07 V                   ; 3.65 V              ; -0.0209 V           ; 0.391 V                              ; 0.09 V                               ; 2.79e-10 s                  ; 3.95e-10 s                  ; No                         ; Yes                        ; 3.46 V                      ; 5.04e-07 V                  ; 3.65 V             ; -0.0209 V          ; 0.391 V                             ; 0.09 V                              ; 2.79e-10 s                 ; 3.95e-10 s                 ; No                        ; Yes                       ;
; SDRAM_A[11]  ; 3.3-V LVTTL  ; 0 s                 ; 0 s                 ; 3.46 V                       ; 5.04e-07 V                   ; 3.63 V              ; -0.0257 V           ; 0.468 V                              ; 0.138 V                              ; 3.02e-10 s                  ; 4.44e-10 s                  ; No                         ; Yes                        ; 3.46 V                      ; 5.04e-07 V                  ; 3.63 V             ; -0.0257 V          ; 0.468 V                             ; 0.138 V                             ; 3.02e-10 s                 ; 4.44e-10 s                 ; No                        ; Yes                       ;
; SDRAM_BA[0]  ; 3.3-V LVTTL  ; 0 s                 ; 0 s                 ; 3.46 V                       ; 5.04e-07 V                   ; 3.63 V              ; -0.0257 V           ; 0.468 V                              ; 0.138 V                              ; 3.02e-10 s                  ; 4.44e-10 s                  ; No                         ; Yes                        ; 3.46 V                      ; 5.04e-07 V                  ; 3.63 V             ; -0.0257 V          ; 0.468 V                             ; 0.138 V                             ; 3.02e-10 s                 ; 4.44e-10 s                 ; No                        ; Yes                       ;
; SDRAM_BA[1]  ; 3.3-V LVTTL  ; 0 s                 ; 0 s                 ; 3.46 V                       ; 5.04e-07 V                   ; 3.63 V              ; -0.0264 V           ; 0.468 V                              ; 0.142 V                              ; 3.02e-10 s                  ; 4.42e-10 s                  ; No                         ; Yes                        ; 3.46 V                      ; 5.04e-07 V                  ; 3.63 V             ; -0.0264 V          ; 0.468 V                             ; 0.142 V                             ; 3.02e-10 s                 ; 4.42e-10 s                 ; No                        ; Yes                       ;
; SDRAM_CLK    ; 3.3-V LVTTL  ; 0 s                 ; 0 s                 ; 3.46 V                       ; 5.04e-07 V                   ; 3.64 V              ; -0.0201 V           ; 0.391 V                              ; 0.088 V                              ; 2.79e-10 s                  ; 3.95e-10 s                  ; No                         ; Yes                        ; 3.46 V                      ; 5.04e-07 V                  ; 3.64 V             ; -0.0201 V          ; 0.391 V                             ; 0.088 V                             ; 2.79e-10 s                 ; 3.95e-10 s                 ; No                        ; Yes                       ;
; SDRAM_CKE    ; 3.3-V LVTTL  ; 0 s                 ; 0 s                 ; 3.46 V                       ; 5.04e-07 V                   ; 3.65 V              ; -0.0209 V           ; 0.391 V                              ; 0.09 V                               ; 2.79e-10 s                  ; 3.95e-10 s                  ; No                         ; Yes                        ; 3.46 V                      ; 5.04e-07 V                  ; 3.65 V             ; -0.0209 V          ; 0.391 V                             ; 0.09 V                              ; 2.79e-10 s                 ; 3.95e-10 s                 ; No                        ; Yes                       ;
; SDRAM_CAS    ; 3.3-V LVTTL  ; 0 s                 ; 0 s                 ; 3.46 V                       ; 5.04e-07 V                   ; 3.65 V              ; -0.0209 V           ; 0.391 V                              ; 0.09 V                               ; 2.79e-10 s                  ; 3.95e-10 s                  ; No                         ; Yes                        ; 3.46 V                      ; 5.04e-07 V                  ; 3.65 V             ; -0.0209 V          ; 0.391 V                             ; 0.09 V                              ; 2.79e-10 s                 ; 3.95e-10 s                 ; No                        ; Yes                       ;
; SDRAM_CS     ; 3.3-V LVTTL  ; 0 s                 ; 0 s                 ; 3.46 V                       ; 5.04e-07 V                   ; 3.65 V              ; -0.0209 V           ; 0.391 V                              ; 0.09 V                               ; 2.79e-10 s                  ; 3.95e-10 s                  ; No                         ; Yes                        ; 3.46 V                      ; 5.04e-07 V                  ; 3.65 V             ; -0.0209 V          ; 0.391 V                             ; 0.09 V                              ; 2.79e-10 s                 ; 3.95e-10 s                 ; No                        ; Yes                       ;
; SDRAM_RAS    ; 3.3-V LVTTL  ; 0 s                 ; 0 s                 ; 3.46 V                       ; 5.04e-07 V                   ; 3.63 V              ; -0.0264 V           ; 0.468 V                              ; 0.142 V                              ; 3.02e-10 s                  ; 4.42e-10 s                  ; No                         ; Yes                        ; 3.46 V                      ; 5.04e-07 V                  ; 3.63 V             ; -0.0264 V          ; 0.468 V                             ; 0.142 V                             ; 3.02e-10 s                 ; 4.42e-10 s                 ; No                        ; Yes                       ;
; SDRAM_WE     ; 3.3-V LVTTL  ; 0 s                 ; 0 s                 ; 3.46 V                       ; 5.04e-07 V                   ; 3.63 V              ; -0.0264 V           ; 0.468 V                              ; 0.142 V                              ; 3.02e-10 s                  ; 4.42e-10 s                  ; No                         ; Yes                        ; 3.46 V                      ; 5.04e-07 V                  ; 3.63 V             ; -0.0264 V          ; 0.468 V                             ; 0.142 V                             ; 3.02e-10 s                 ; 4.42e-10 s                 ; No                        ; Yes                       ;
; SDRAM_DQM[0] ; 3.3-V LVTTL  ; 0 s                 ; 0 s                 ; 3.46 V                       ; 5.04e-07 V                   ; 3.65 V              ; -0.0209 V           ; 0.391 V                              ; 0.09 V                               ; 2.79e-10 s                  ; 3.95e-10 s                  ; No                         ; Yes                        ; 3.46 V                      ; 5.04e-07 V                  ; 3.65 V             ; -0.0209 V          ; 0.391 V                             ; 0.09 V                              ; 2.79e-10 s                 ; 3.95e-10 s                 ; No                        ; Yes                       ;
; SDRAM_DQM[1] ; 3.3-V LVTTL  ; 0 s                 ; 0 s                 ; 3.46 V                       ; 5.04e-07 V                   ; 3.64 V              ; -0.0201 V           ; 0.391 V                              ; 0.088 V                              ; 2.79e-10 s                  ; 3.95e-10 s                  ; No                         ; Yes                        ; 3.46 V                      ; 5.04e-07 V                  ; 3.64 V             ; -0.0201 V          ; 0.391 V                             ; 0.088 V                             ; 2.79e-10 s                 ; 3.95e-10 s                 ; No                        ; Yes                       ;
; FT2232H_RX   ; 3.3-V LVTTL  ; 0 s                 ; 0 s                 ; 3.46 V                       ; 5.04e-07 V                   ; 3.65 V              ; -0.0209 V           ; 0.391 V                              ; 0.09 V                               ; 2.79e-10 s                  ; 3.95e-10 s                  ; No                         ; Yes                        ; 3.46 V                      ; 5.04e-07 V                  ; 3.65 V             ; -0.0209 V          ; 0.391 V                             ; 0.09 V                              ; 2.79e-10 s                 ; 3.95e-10 s                 ; No                        ; Yes                       ;
; SDRAM_DQ[0]  ; 3.3-V LVTTL  ; 0 s                 ; 0 s                 ; 3.46 V                       ; 5.04e-07 V                   ; 3.65 V              ; -0.0209 V           ; 0.391 V                              ; 0.09 V                               ; 2.79e-10 s                  ; 3.95e-10 s                  ; No                         ; Yes                        ; 3.46 V                      ; 5.04e-07 V                  ; 3.65 V             ; -0.0209 V          ; 0.391 V                             ; 0.09 V                              ; 2.79e-10 s                 ; 3.95e-10 s                 ; No                        ; Yes                       ;
; SDRAM_DQ[1]  ; 3.3-V LVTTL  ; 0 s                 ; 0 s                 ; 3.46 V                       ; 5.04e-07 V                   ; 3.65 V              ; -0.0209 V           ; 0.391 V                              ; 0.09 V                               ; 2.79e-10 s                  ; 3.95e-10 s                  ; No                         ; Yes                        ; 3.46 V                      ; 5.04e-07 V                  ; 3.65 V             ; -0.0209 V          ; 0.391 V                             ; 0.09 V                              ; 2.79e-10 s                 ; 3.95e-10 s                 ; No                        ; Yes                       ;
; SDRAM_DQ[2]  ; 3.3-V LVTTL  ; 0 s                 ; 0 s                 ; 3.46 V                       ; 5.04e-07 V                   ; 3.65 V              ; -0.0209 V           ; 0.391 V                              ; 0.09 V                               ; 2.79e-10 s                  ; 3.95e-10 s                  ; No                         ; Yes                        ; 3.46 V                      ; 5.04e-07 V                  ; 3.65 V             ; -0.0209 V          ; 0.391 V                             ; 0.09 V                              ; 2.79e-10 s                 ; 3.95e-10 s                 ; No                        ; Yes                       ;
; SDRAM_DQ[3]  ; 3.3-V LVTTL  ; 0 s                 ; 0 s                 ; 3.46 V                       ; 5.04e-07 V                   ; 3.64 V              ; -0.0201 V           ; 0.391 V                              ; 0.088 V                              ; 2.79e-10 s                  ; 3.95e-10 s                  ; No                         ; Yes                        ; 3.46 V                      ; 5.04e-07 V                  ; 3.64 V             ; -0.0201 V          ; 0.391 V                             ; 0.088 V                             ; 2.79e-10 s                 ; 3.95e-10 s                 ; No                        ; Yes                       ;
; SDRAM_DQ[4]  ; 3.3-V LVTTL  ; 0 s                 ; 0 s                 ; 3.46 V                       ; 5.04e-07 V                   ; 3.64 V              ; -0.0201 V           ; 0.391 V                              ; 0.088 V                              ; 2.79e-10 s                  ; 3.95e-10 s                  ; No                         ; Yes                        ; 3.46 V                      ; 5.04e-07 V                  ; 3.64 V             ; -0.0201 V          ; 0.391 V                             ; 0.088 V                             ; 2.79e-10 s                 ; 3.95e-10 s                 ; No                        ; Yes                       ;
; SDRAM_DQ[5]  ; 3.3-V LVTTL  ; 0 s                 ; 0 s                 ; 3.46 V                       ; 5.04e-07 V                   ; 3.65 V              ; -0.0209 V           ; 0.391 V                              ; 0.09 V                               ; 2.79e-10 s                  ; 3.95e-10 s                  ; No                         ; Yes                        ; 3.46 V                      ; 5.04e-07 V                  ; 3.65 V             ; -0.0209 V          ; 0.391 V                             ; 0.09 V                              ; 2.79e-10 s                 ; 3.95e-10 s                 ; No                        ; Yes                       ;
; SDRAM_DQ[6]  ; 3.3-V LVTTL  ; 0 s                 ; 0 s                 ; 3.46 V                       ; 5.04e-07 V                   ; 3.64 V              ; -0.0201 V           ; 0.391 V                              ; 0.088 V                              ; 2.79e-10 s                  ; 3.95e-10 s                  ; No                         ; Yes                        ; 3.46 V                      ; 5.04e-07 V                  ; 3.64 V             ; -0.0201 V          ; 0.391 V                             ; 0.088 V                             ; 2.79e-10 s                 ; 3.95e-10 s                 ; No                        ; Yes                       ;
; SDRAM_DQ[7]  ; 3.3-V LVTTL  ; 0 s                 ; 0 s                 ; 3.46 V                       ; 5.04e-07 V                   ; 3.64 V              ; -0.0201 V           ; 0.391 V                              ; 0.088 V                              ; 2.79e-10 s                  ; 3.95e-10 s                  ; No                         ; Yes                        ; 3.46 V                      ; 5.04e-07 V                  ; 3.64 V             ; -0.0201 V          ; 0.391 V                             ; 0.088 V                             ; 2.79e-10 s                 ; 3.95e-10 s                 ; No                        ; Yes                       ;
; SDRAM_DQ[8]  ; 3.3-V LVTTL  ; 0 s                 ; 0 s                 ; 3.46 V                       ; 5.04e-07 V                   ; 3.64 V              ; -0.0201 V           ; 0.391 V                              ; 0.088 V                              ; 2.79e-10 s                  ; 3.95e-10 s                  ; No                         ; Yes                        ; 3.46 V                      ; 5.04e-07 V                  ; 3.64 V             ; -0.0201 V          ; 0.391 V                             ; 0.088 V                             ; 2.79e-10 s                 ; 3.95e-10 s                 ; No                        ; Yes                       ;
; SDRAM_DQ[9]  ; 3.3-V LVTTL  ; 0 s                 ; 0 s                 ; 3.46 V                       ; 5.04e-07 V                   ; 3.65 V              ; -0.0209 V           ; 0.391 V                              ; 0.09 V                               ; 2.79e-10 s                  ; 3.95e-10 s                  ; No                         ; Yes                        ; 3.46 V                      ; 5.04e-07 V                  ; 3.65 V             ; -0.0209 V          ; 0.391 V                             ; 0.09 V                              ; 2.79e-10 s                 ; 3.95e-10 s                 ; No                        ; Yes                       ;
; SDRAM_DQ[10] ; 3.3-V LVTTL  ; 0 s                 ; 0 s                 ; 3.46 V                       ; 5.04e-07 V                   ; 3.65 V              ; -0.0209 V           ; 0.391 V                              ; 0.09 V                               ; 2.79e-10 s                  ; 3.95e-10 s                  ; No                         ; Yes                        ; 3.46 V                      ; 5.04e-07 V                  ; 3.65 V             ; -0.0209 V          ; 0.391 V                             ; 0.09 V                              ; 2.79e-10 s                 ; 3.95e-10 s                 ; No                        ; Yes                       ;
; SDRAM_DQ[11] ; 3.3-V LVTTL  ; 0 s                 ; 0 s                 ; 3.46 V                       ; 5.04e-07 V                   ; 3.64 V              ; -0.0201 V           ; 0.391 V                              ; 0.088 V                              ; 2.79e-10 s                  ; 3.95e-10 s                  ; No                         ; Yes                        ; 3.46 V                      ; 5.04e-07 V                  ; 3.64 V             ; -0.0201 V          ; 0.391 V                             ; 0.088 V                             ; 2.79e-10 s                 ; 3.95e-10 s                 ; No                        ; Yes                       ;
; SDRAM_DQ[12] ; 3.3-V LVTTL  ; 0 s                 ; 0 s                 ; 3.46 V                       ; 5.04e-07 V                   ; 3.64 V              ; -0.0201 V           ; 0.391 V                              ; 0.088 V                              ; 2.79e-10 s                  ; 3.95e-10 s                  ; No                         ; Yes                        ; 3.46 V                      ; 5.04e-07 V                  ; 3.64 V             ; -0.0201 V          ; 0.391 V                             ; 0.088 V                             ; 2.79e-10 s                 ; 3.95e-10 s                 ; No                        ; Yes                       ;
; SDRAM_DQ[13] ; 3.3-V LVTTL  ; 0 s                 ; 0 s                 ; 3.46 V                       ; 5.04e-07 V                   ; 3.64 V              ; -0.0201 V           ; 0.391 V                              ; 0.088 V                              ; 2.79e-10 s                  ; 3.95e-10 s                  ; No                         ; Yes                        ; 3.46 V                      ; 5.04e-07 V                  ; 3.64 V             ; -0.0201 V          ; 0.391 V                             ; 0.088 V                             ; 2.79e-10 s                 ; 3.95e-10 s                 ; No                        ; Yes                       ;
; SDRAM_DQ[14] ; 3.3-V LVTTL  ; 0 s                 ; 0 s                 ; 3.46 V                       ; 5.04e-07 V                   ; 3.64 V              ; -0.0201 V           ; 0.391 V                              ; 0.088 V                              ; 2.79e-10 s                  ; 3.95e-10 s                  ; No                         ; Yes                        ; 3.46 V                      ; 5.04e-07 V                  ; 3.64 V             ; -0.0201 V          ; 0.391 V                             ; 0.088 V                             ; 2.79e-10 s                 ; 3.95e-10 s                 ; No                        ; Yes                       ;
; SDRAM_DQ[15] ; 3.3-V LVTTL  ; 0 s                 ; 0 s                 ; 3.46 V                       ; 5.04e-07 V                   ; 3.65 V              ; -0.0209 V           ; 0.391 V                              ; 0.09 V                               ; 2.79e-10 s                  ; 3.95e-10 s                  ; No                         ; Yes                        ; 3.46 V                      ; 5.04e-07 V                  ; 3.65 V             ; -0.0209 V          ; 0.391 V                             ; 0.09 V                              ; 2.79e-10 s                 ; 3.95e-10 s                 ; No                        ; Yes                       ;
; ~ALTERA_TDO~ ; 3.3-V LVTTL  ; 0 s                 ; 0 s                 ; 3.46 V                       ; 5.04e-07 V                   ; 3.64 V              ; -0.0201 V           ; 0.391 V                              ; 0.088 V                              ; 2.79e-10 s                  ; 3.95e-10 s                  ; No                         ; Yes                        ; 3.46 V                      ; 5.04e-07 V                  ; 3.64 V             ; -0.0201 V          ; 0.391 V                             ; 0.088 V                             ; 2.79e-10 s                 ; 3.95e-10 s                 ; No                        ; Yes                       ;
+--------------+--------------+---------------------+---------------------+------------------------------+------------------------------+---------------------+---------------------+--------------------------------------+--------------------------------------+-----------------------------+-----------------------------+----------------------------+----------------------------+-----------------------------+-----------------------------+--------------------+--------------------+-------------------------------------+-------------------------------------+----------------------------+----------------------------+---------------------------+---------------------------+


+-----------------------------------------------------------------------------------------------------------------------------------------------------+
; Setup Transfers                                                                                                                                     ;
+----------------------------------------------------+----------------------------------------------------+----------+----------+----------+----------+
; From Clock                                         ; To Clock                                           ; RR Paths ; FR Paths ; RF Paths ; FF Paths ;
+----------------------------------------------------+----------------------------------------------------+----------+----------+----------+----------+
; U_PLL1|altpll_component|auto_generated|pll1|clk[0] ; U_PLL1|altpll_component|auto_generated|pll1|clk[0] ; 2036037  ; 0        ; 0        ; 0        ;
+----------------------------------------------------+----------------------------------------------------+----------+----------+----------+----------+
Entries labeled "false path" only account for clock-to-clock false paths and not path-based false paths. As a result, actual path counts may be lower than reported.


+-----------------------------------------------------------------------------------------------------------------------------------------------------+
; Hold Transfers                                                                                                                                      ;
+----------------------------------------------------+----------------------------------------------------+----------+----------+----------+----------+
; From Clock                                         ; To Clock                                           ; RR Paths ; FR Paths ; RF Paths ; FF Paths ;
+----------------------------------------------------+----------------------------------------------------+----------+----------+----------+----------+
; U_PLL1|altpll_component|auto_generated|pll1|clk[0] ; U_PLL1|altpll_component|auto_generated|pll1|clk[0] ; 2036037  ; 0        ; 0        ; 0        ;
+----------------------------------------------------+----------------------------------------------------+----------+----------+----------+----------+
Entries labeled "false path" only account for clock-to-clock false paths and not path-based false paths. As a result, actual path counts may be lower than reported.


---------------
; Report TCCS ;
---------------
No dedicated SERDES Transmitter circuitry present in device or used in design


---------------
; Report RSKM ;
---------------
No non-DPA dedicated SERDES Receiver circuitry present in device or used in design


+------------------------------------------------+
; Unconstrained Paths Summary                    ;
+---------------------------------+-------+------+
; Property                        ; Setup ; Hold ;
+---------------------------------+-------+------+
; Illegal Clocks                  ; 0     ; 0    ;
; Unconstrained Clocks            ; 0     ; 0    ;
; Unconstrained Input Ports       ; 1     ; 1    ;
; Unconstrained Input Port Paths  ; 34    ; 34   ;
; Unconstrained Output Ports      ; 1     ; 1    ;
; Unconstrained Output Port Paths ; 1     ; 1    ;
+---------------------------------+-------+------+


+-----------------------------------------------------------------------------------------------------------------------------------+
; Clock Status Summary                                                                                                              ;
+----------------------------------------------------+----------------------------------------------------+-----------+-------------+
; Target                                             ; Clock                                              ; Type      ; Status      ;
+----------------------------------------------------+----------------------------------------------------+-----------+-------------+
; CLK12M                                             ; CLK12M                                             ; Base      ; Constrained ;
; SDRAM_CLK                                          ; SDRAM_CLK                                          ; Base      ; Constrained ;
; U_PLL1|altpll_component|auto_generated|pll1|clk[0] ; U_PLL1|altpll_component|auto_generated|pll1|clk[0] ; Generated ; Constrained ;
+----------------------------------------------------+----------------------------------------------------+-----------+-------------+


+---------------------------------------------------------------------------------------------------+
; Unconstrained Input Ports                                                                         ;
+------------+--------------------------------------------------------------------------------------+
; Input Port ; Comment                                                                              ;
+------------+--------------------------------------------------------------------------------------+
; FT2232H_TX ; No input delay, min/max delays, false-path exceptions, or max skew assignments found ;
+------------+--------------------------------------------------------------------------------------+


+-----------------------------------------------------------------------------------------------------+
; Unconstrained Output Ports                                                                          ;
+-------------+---------------------------------------------------------------------------------------+
; Output Port ; Comment                                                                               ;
+-------------+---------------------------------------------------------------------------------------+
; FT2232H_RX  ; No output delay, min/max delays, false-path exceptions, or max skew assignments found ;
+-------------+---------------------------------------------------------------------------------------+


+---------------------------------------------------------------------------------------------------+
; Unconstrained Input Ports                                                                         ;
+------------+--------------------------------------------------------------------------------------+
; Input Port ; Comment                                                                              ;
+------------+--------------------------------------------------------------------------------------+
; FT2232H_TX ; No input delay, min/max delays, false-path exceptions, or max skew assignments found ;
+------------+--------------------------------------------------------------------------------------+


+-----------------------------------------------------------------------------------------------------+
; Unconstrained Output Ports                                                                          ;
+-------------+---------------------------------------------------------------------------------------+
; Output Port ; Comment                                                                               ;
+-------------+---------------------------------------------------------------------------------------+
; FT2232H_RX  ; No output delay, min/max delays, false-path exceptions, or max skew assignments found ;
+-------------+---------------------------------------------------------------------------------------+


+--------------------------+
; Timing Analyzer Messages ;
+--------------------------+
Info: *******************************************************************
Info: Running Quartus Prime Timing Analyzer
    Info: Version 25.1std.0 Build 1129 10/21/2025 Patches 0.02std SC Lite Edition
    Info: Processing started: Thu Aug  6 22:28:15 2026
Info: Command: quartus_sta max1k-cpu -c project_template
Info: qsta_default_script.tcl version: #1
Warning (18236): Number of processors has not been specified which may cause overloading on shared machines.  Set the global assignment NUM_PARALLEL_PROCESSORS in your QSF to an appropriate value for best performance.
Info (20030): Parallel compilation is enabled and will use 6 of the 6 processors detected
Info (21077): Low junction temperature is 0 degrees C
Info (21077): High junction temperature is 85 degrees C
Info (332104): Reading SDC File: 'constr/top.sdc'
Info (332110): Deriving PLL clocks
    Info (332110): create_generated_clock -source {U_PLL1|altpll_component|auto_generated|pll1|inclk[0]} -divide_by 6 -multiply_by 25 -duty_cycle 50.00 -name {U_PLL1|altpll_component|auto_generated|pll1|clk[0]} {U_PLL1|altpll_component|auto_generated|pll1|clk[0]}
Info (332151): Clock uncertainty is not calculated until you update the timing netlist.
Info (332123): Deriving Clock Uncertainty. Please refer to report_sdc in the Timing Analyzer to see clock uncertainties.
Info: Found TIMING_ANALYZER_REPORT_SCRIPT_INCLUDE_DEFAULT_ANALYSIS = ON
Info: Analyzing Slow 1200mV 85C Model
Info: Can't run Report Timing Closure Recommendations. The current device family is not supported.
Info (332146): Worst-case setup slack is 2.477
    Info (332119):     Slack       End Point TNS Clock 
    Info (332119): ========= =================== =====================
    Info (332119):     2.477               0.000 U_PLL1|altpll_component|auto_generated|pll1|clk[0] 
Info (332146): Worst-case hold slack is 0.314
    Info (332119):     Slack       End Point TNS Clock 
    Info (332119): ========= =================== =====================
    Info (332119):     0.314               0.000 U_PLL1|altpll_component|auto_generated|pll1|clk[0] 
Info (332140): No Recovery paths to report
Info (332140): No Removal paths to report
Info (332146): Worst-case minimum pulse width slack is 2.416
    Info (332119):     Slack       End Point TNS Clock 
    Info (332119): ========= =================== =====================
    Info (332119):     2.416               0.000 SDRAM_CLK 
    Info (332119):     9.670               0.000 U_PLL1|altpll_component|auto_generated|pll1|clk[0] 
    Info (332119):    41.516               0.000 CLK12M 
Info: Analyzing Slow 1200mV 0C Model
Info (334003): Started post-fitting delay annotation
Warning (334000): Timing characteristics of device 10M08SAU169C8GES are preliminary
Info (334004): Delay annotation completed successfully
Info (332123): Deriving Clock Uncertainty. Please refer to report_sdc in the Timing Analyzer to see clock uncertainties.
Info (332146): Worst-case setup slack is 3.082
    Info (332119):     Slack       End Point TNS Clock 
    Info (332119): ========= =================== =====================
    Info (332119):     3.082               0.000 U_PLL1|altpll_component|auto_generated|pll1|clk[0] 
Info (332146): Worst-case hold slack is 0.281
    Info (332119):     Slack       End Point TNS Clock 
    Info (332119): ========= =================== =====================
    Info (332119):     0.281               0.000 U_PLL1|altpll_component|auto_generated|pll1|clk[0] 
Info (332140): No Recovery paths to report
Info (332140): No Removal paths to report
Info (332146): Worst-case minimum pulse width slack is 2.416
    Info (332119):     Slack       End Point TNS Clock 
    Info (332119): ========= =================== =====================
    Info (332119):     2.416               0.000 SDRAM_CLK 
    Info (332119):     9.681               0.000 U_PLL1|altpll_component|auto_generated|pll1|clk[0] 
    Info (332119):    41.516               0.000 CLK12M 
Info: Analyzing Fast 1200mV 0C Model
Info (332123): Deriving Clock Uncertainty. Please refer to report_sdc in the Timing Analyzer to see clock uncertainties.
Info (332146): Worst-case setup slack is 13.103
    Info (332119):     Slack       End Point TNS Clock 
    Info (332119): ========= =================== =====================
    Info (332119):    13.103               0.000 U_PLL1|altpll_component|auto_generated|pll1|clk[0] 
Info (332146): Worst-case hold slack is 0.100
    Info (332119):     Slack       End Point TNS Clock 
    Info (332119): ========= =================== =====================
    Info (332119):     0.100               0.000 U_PLL1|altpll_component|auto_generated|pll1|clk[0] 
Info (332140): No Recovery paths to report
Info (332140): No Removal paths to report
Info (332146): Worst-case minimum pulse width slack is 2.416
    Info (332119):     Slack       End Point TNS Clock 
    Info (332119): ========= =================== =====================
    Info (332119):     2.416               0.000 SDRAM_CLK 
    Info (332119):     9.719               0.000 U_PLL1|altpll_component|auto_generated|pll1|clk[0] 
    Info (332119):    41.170               0.000 CLK12M 
Info (332102): Design is not fully constrained for setup requirements
Info (332102): Design is not fully constrained for hold requirements
Info: Quartus Prime Timing Analyzer was successful. 0 errors, 2 warnings
    Info: Peak virtual memory: 4857 megabytes
    Info: Processing ended: Thu Aug  6 22:28:18 2026
    Info: Elapsed time: 00:00:03
    Info: Total CPU time (on all processors): 00:00:07


